,Datetime,Open,High,Low,Close,Adj Close,Volume,ticker
0,2024-03-26 14:00:00+00:00,0.8862440586090088,0.893203854560852,0.8697529435157776,0.890941321849823,0.890941321849823,0,CORE23254-USD
1,2024-03-26 15:00:00+00:00,0.9045999050140381,0.9138755798339844,0.8915982246398926,0.9058600664138794,0.9058600664138794,0,CORE23254-USD
2,2024-03-26 16:00:00+00:00,0.8953840732574463,0.9072223901748657,0.8735617399215698,0.9072223901748657,0.9072223901748657,0,CORE23254-USD
3,2024-03-26 17:00:00+00:00,0.9026663899421692,0.9203318357467651,0.8967867493629456,0.9144814610481262,0.9144814610481262,0,CORE23254-USD
4,2024-03-26 18:00:00+00:00,0.908652126789093,0.9562227129936218,0.908652126789093,0.9452388286590576,0.9452388286590576,1554992,CORE23254-USD
5,2024-03-26 19:00:00+00:00,0.9443185925483704,1.030579686164856,0.9439738988876343,1.0206520557403564,1.0206520557403564,4158904,CORE23254-USD
6,2024-03-26 20:00:00+00:00,1.0433952808380127,1.0912772417068481,1.0433952808380127,1.0912772417068481,1.0912772417068481,6476564,CORE23254-USD
7,2024-03-26 21:00:00+00:00,1.0939610004425049,1.1182754039764404,1.0749938488006592,1.1001652479171753,1.1001652479171753,3516184,CORE23254-USD
8,2024-03-26 22:00:00+00:00,1.094846487045288,1.094846487045288,1.0681499242782593,1.0681499242782593,1.0681499242782593,1204800,CORE23254-USD
9,2024-03-26 23:00:00+00:00,1.0559805631637573,1.0717018842697144,1.0429776906967163,1.0429776906967163,1.0429776906967163,572872,CORE23254-USD
10,2024-03-27 00:00:00+00:00,1.0347412824630737,1.035980224609375,1.0197597742080688,1.029353141784668,1.029353141784668,337336,CORE23254-USD
11,2024-03-27 01:00:00+00:00,1.0320199728012085,1.053970456123352,1.0320199728012085,1.0362402200698853,1.0362402200698853,580376,CORE23254-USD
12,2024-03-27 02:00:00+00:00,1.0438001155853271,1.0496703386306763,1.0376713275909424,1.0382353067398071,1.0382353067398071,0,CORE23254-USD
13,2024-03-27 03:00:00+00:00,1.035050868988037,1.0411481857299805,1.031285047531128,1.0318747758865356,1.0318747758865356,0,CORE23254-USD
14,2024-03-27 04:00:00+00:00,1.0398755073547363,1.0426291227340698,1.0381569862365723,1.0402764081954956,1.0402764081954956,0,CORE23254-USD
15,2024-03-27 05:00:00+00:00,1.0380032062530518,1.0548118352890015,1.0380032062530518,1.0538458824157715,1.0538458824157715,168160,CORE23254-USD
16,2024-03-27 06:00:00+00:00,1.0584630966186523,1.0617172718048096,1.0464848279953003,1.0597569942474365,1.0597569942474365,0,CORE23254-USD
17,2024-03-27 07:00:00+00:00,1.0565104484558105,1.0641262531280518,1.050155520439148,1.05364191532135,1.05364191532135,0,CORE23254-USD
18,2024-03-27 08:00:00+00:00,1.0402132272720337,1.0570372343063354,1.0275802612304688,1.0360008478164673,1.0360008478164673,172372,CORE23254-USD
19,2024-03-27 09:00:00+00:00,1.0339348316192627,1.0367844104766846,1.0110501050949097,1.0365909337997437,1.0365909337997437,1170964,CORE23254-USD
20,2024-03-27 10:00:00+00:00,1.0345220565795898,1.0345220565795898,1.011696219444275,1.0118070840835571,1.0118070840835571,17524,CORE23254-USD
21,2024-03-27 11:00:00+00:00,1.010849118232727,1.010849118232727,0.984069287776947,0.984775185585022,0.984775185585022,668736,CORE23254-USD
22,2024-03-27 12:00:00+00:00,0.9819110631942749,0.9923264384269714,0.9767245054244995,0.978782057762146,0.978782057762146,470760,CORE23254-USD
23,2024-03-27 13:00:00+00:00,0.9877124428749084,1.0014113187789917,0.9709590077400208,0.9709590077400208,0.9709590077400208,669196,CORE23254-USD
24,2024-03-27 14:00:00+00:00,0.9594351053237915,0.9756843447685242,0.9565310478210449,0.9756843447685242,0.9756843447685242,577620,CORE23254-USD
25,2024-03-27 15:00:00+00:00,0.9800825119018555,0.9897143840789795,0.9743556380271912,0.9856675863265991,0.9856675863265991,0,CORE23254-USD
26,2024-03-27 16:00:00+00:00,0.9771522879600525,0.9796857237815857,0.9630330204963684,0.9796857237815857,0.9796857237815857,32828,CORE23254-USD
27,2024-03-27 17:00:00+00:00,0.9759437441825867,0.9861258268356323,0.9737748503684998,0.9840843081474304,0.9840843081474304,0,CORE23254-USD
28,2024-03-27 18:00:00+00:00,0.9845455288887024,0.9845455288887024,0.9711390733718872,0.9743011593818665,0.9743011593818665,0,CORE23254-USD
29,2024-03-27 19:00:00+00:00,0.9744256734848022,0.9840825796127319,0.9743162989616394,0.9840825796127319,0.9840825796127319,0,CORE23254-USD
30,2024-03-27 20:00:00+00:00,0.9862433671951294,0.9993048310279846,0.9835026264190674,0.9993048310279846,0.9993048310279846,0,CORE23254-USD
31,2024-03-27 21:00:00+00:00,0.9959709048271179,1.0229936838150024,0.9953082203865051,1.0229936838150024,1.0229936838150024,0,CORE23254-USD
32,2024-03-27 22:00:00+00:00,1.010748267173767,1.010748267173767,1.0013563632965088,1.0059762001037598,1.0059762001037598,0,CORE23254-USD
33,2024-03-27 23:00:00+00:00,1.004631757736206,1.004631757736206,0.991098165512085,0.9941616654396057,0.9941616654396057,0,CORE23254-USD
34,2024-03-28 00:00:00+00:00,1.0134791135787964,1.017159342765808,1.0001046657562256,1.0001046657562256,1.0001046657562256,0,CORE23254-USD
35,2024-03-28 01:00:00+00:00,1.0002022981643677,1.0541434288024902,1.0002022981643677,1.030268669128418,1.030268669128418,569796,CORE23254-USD
36,2024-03-28 02:00:00+00:00,1.0156980752944946,1.0322256088256836,1.012392282485962,1.012392282485962,1.012392282485962,320604,CORE23254-USD
37,2024-03-28 03:00:00+00:00,1.0214921236038208,1.028006672859192,1.0113662481307983,1.0275102853775024,1.0275102853775024,293512,CORE23254-USD
38,2024-03-28 04:00:00+00:00,1.0230218172073364,1.0595046281814575,1.0230218172073364,1.0506600141525269,1.0506600141525269,1390332,CORE23254-USD
39,2024-03-28 05:00:00+00:00,1.0462578535079956,1.047193169593811,1.0282644033432007,1.0283252000808716,1.0283252000808716,0,CORE23254-USD
40,2024-03-28 06:00:00+00:00,1.0259597301483154,1.0373549461364746,1.0162378549575806,1.0162378549575806,1.0162378549575806,0,CORE23254-USD
41,2024-03-28 07:00:00+00:00,1.0160006284713745,1.021677851676941,1.0142536163330078,1.0186116695404053,1.0186116695404053,0,CORE23254-USD
42,2024-03-28 08:00:00+00:00,1.0195591449737549,1.0195591449737549,0.9841312170028687,0.9841312170028687,0.9841312170028687,0,CORE23254-USD
43,2024-03-28 09:00:00+00:00,0.982143223285675,0.9832944273948669,0.9774059653282166,0.9806724786758423,0.9806724786758423,0,CORE23254-USD
44,2024-03-28 10:00:00+00:00,0.980819046497345,0.980819046497345,0.96122807264328,0.96122807264328,0.96122807264328,0,CORE23254-USD
45,2024-03-28 11:00:00+00:00,0.9510411024093628,0.9639906883239746,0.947852373123169,0.9634953737258911,0.9634953737258911,0,CORE23254-USD
46,2024-03-28 12:00:00+00:00,0.9617243409156799,0.9617243409156799,0.9511286616325378,0.9562289118766785,0.9562289118766785,0,CORE23254-USD
47,2024-03-28 13:00:00+00:00,0.958713173866272,0.9611528515815735,0.9525526165962219,0.9608322381973267,0.9608322381973267,0,CORE23254-USD
48,2024-03-28 14:00:00+00:00,0.9586163759231567,0.9736365079879761,0.9586163759231567,0.9715898633003235,0.9715898633003235,0,CORE23254-USD
49,2024-03-28 15:00:00+00:00,0.9730628728866577,1.0049691200256348,0.9706174731254578,0.9945489168167114,0.9945489168167114,246948,CORE23254-USD
50,2024-03-28 16:00:00+00:00,0.9807856678962708,1.0404340028762817,0.9807856678962708,1.016736626625061,1.016736626625061,976030,CORE23254-USD
51,2024-03-28 17:00:00+00:00,1.0105986595153809,1.1254444122314453,1.0105986595153809,1.1254444122314453,1.1254444122314453,4760880,CORE23254-USD
52,2024-03-28 18:00:00+00:00,1.1687543392181396,1.201128363609314,1.1686209440231323,1.190214991569519,1.190214991569519,7314768,CORE23254-USD
53,2024-03-28 19:00:00+00:00,1.1742663383483887,1.1889138221740723,1.1698318719863892,1.1723912954330444,1.1723912954330444,4205184,CORE23254-USD
54,2024-03-28 20:00:00+00:00,1.1676058769226074,1.183741807937622,1.136608600616455,1.136608600616455,1.136608600616455,1364516,CORE23254-USD
55,2024-03-28 21:00:00+00:00,1.1164518594741821,1.1164518594741821,1.065128207206726,1.0988117456436157,1.0988117456436157,2179156,CORE23254-USD
56,2024-03-28 22:00:00+00:00,1.0955207347869873,1.098519206047058,1.0901745557785034,1.0941822528839111,1.0941822528839111,672704,CORE23254-USD
57,2024-03-28 23:00:00+00:00,1.0921434164047241,1.1012834310531616,1.0882816314697266,1.0882816314697266,1.0882816314697266,166292,CORE23254-USD
58,2024-03-29 00:00:00+00:00,1.091556191444397,1.091556191444397,1.076776385307312,1.08381187915802,1.08381187915802,0,CORE23254-USD
59,2024-03-29 01:00:00+00:00,1.0889110565185547,1.0957434177398682,1.074237585067749,1.074237585067749,1.074237585067749,0,CORE23254-USD
60,2024-03-29 02:00:00+00:00,1.07294762134552,1.0765354633331299,1.069019079208374,1.0746970176696777,1.0746970176696777,0,CORE23254-USD
61,2024-03-29 03:00:00+00:00,1.0741795301437378,1.0805171728134155,1.0713013410568237,1.0733134746551514,1.0733134746551514,0,CORE23254-USD
62,2024-03-29 04:00:00+00:00,1.0722705125808716,1.080037236213684,1.0702548027038574,1.0702548027038574,1.0702548027038574,0,CORE23254-USD
63,2024-03-29 05:00:00+00:00,1.0687147378921509,1.0742733478546143,1.0658749341964722,1.0682910680770874,1.0682910680770874,0,CORE23254-USD
64,2024-03-29 06:00:00+00:00,1.0711396932601929,1.076575756072998,1.069661021232605,1.0709465742111206,1.0709465742111206,0,CORE23254-USD
65,2024-03-29 07:00:00+00:00,1.0699206590652466,1.073011040687561,1.065907597541809,1.065907597541809,1.065907597541809,0,CORE23254-USD
66,2024-03-29 08:00:00+00:00,1.0747336149215698,1.0938366651535034,1.0728648900985718,1.0937495231628418,1.0937495231628418,211820,CORE23254-USD
67,2024-03-29 09:00:00+00:00,1.0996845960617065,1.1174870729446411,1.0894601345062256,1.0913969278335571,1.0913969278335571,1113404,CORE23254-USD
68,2024-03-29 10:00:00+00:00,1.0953425168991089,1.1019656658172607,1.0872339010238647,1.0980645418167114,1.0980645418167114,166544,CORE23254-USD
69,2024-03-29 11:00:00+00:00,1.0991414785385132,1.0991414785385132,1.0839499235153198,1.0924043655395508,1.0924043655395508,0,CORE23254-USD
70,2024-03-29 12:00:00+00:00,1.0921252965927124,1.0961703062057495,1.0823500156402588,1.0879504680633545,1.0879504680633545,0,CORE23254-USD
71,2024-03-29 13:00:00+00:00,1.0900038480758667,1.0946186780929565,1.0847182273864746,1.0946186780929565,1.0946186780929565,0,CORE23254-USD
72,2024-03-29 14:00:00+00:00,1.10230553150177,1.1041135787963867,1.0897371768951416,1.0962944030761719,1.0962944030761719,28104,CORE23254-USD
73,2024-03-29 15:00:00+00:00,1.0944819450378418,1.111459493637085,1.0922011137008667,1.111459493637085,1.111459493637085,326528,CORE23254-USD
74,2024-03-29 16:00:00+00:00,1.088120937347412,1.2235596179962158,1.0750807523727417,1.2235596179962158,1.2235596179962158,7391588,CORE23254-USD
75,2024-03-29 17:00:00+00:00,1.211180567741394,1.2547035217285156,1.211180567741394,1.2547035217285156,1.2547035217285156,3894372,CORE23254-USD
76,2024-03-29 18:00:00+00:00,1.2684035301208496,1.281130313873291,1.2493467330932617,1.2610403299331665,1.2610403299331665,0,CORE23254-USD
77,2024-03-29 19:00:00+00:00,1.2598052024841309,1.2598052024841309,1.1934765577316284,1.1934765577316284,1.1934765577316284,0,CORE23254-USD
78,2024-03-29 20:00:00+00:00,1.1999080181121826,1.2147738933563232,1.1956900358200073,1.197999119758606,1.197999119758606,0,CORE23254-USD
79,2024-03-29 21:00:00+00:00,1.190826416015625,1.190826416015625,1.1660139560699463,1.1660139560699463,1.1660139560699463,0,CORE23254-USD
80,2024-03-29 22:00:00+00:00,1.164467692375183,1.1882039308547974,1.164467692375183,1.1808860301971436,1.1808860301971436,55896,CORE23254-USD
81,2024-03-29 23:00:00+00:00,1.1781251430511475,1.1847988367080688,1.1629282236099243,1.1629282236099243,1.1629282236099243,90596,CORE23254-USD
82,2024-03-30 00:00:00+00:00,1.1637579202651978,1.1718305349349976,1.1464159488677979,1.1616579294204712,1.1616579294204712,1035072,CORE23254-USD
83,2024-03-30 01:00:00+00:00,1.1657187938690186,1.1746844053268433,1.1630748510360718,1.165895700454712,1.165895700454712,0,CORE23254-USD
84,2024-03-30 02:00:00+00:00,1.1663914918899536,1.1663914918899536,1.1596540212631226,1.1624118089675903,1.1624118089675903,0,CORE23254-USD
85,2024-03-30 03:00:00+00:00,1.1623332500457764,1.1750471591949463,1.1623181104660034,1.173078179359436,1.173078179359436,427740,CORE23254-USD
86,2024-03-30 04:00:00+00:00,1.1714812517166138,1.1812704801559448,1.1666669845581055,1.1812704801559448,1.1812704801559448,611508,CORE23254-USD
87,2024-03-30 05:00:00+00:00,1.1795998811721802,1.181989312171936,1.173514723777771,1.181989312171936,1.181989312171936,421264,CORE23254-USD
88,2024-03-30 06:00:00+00:00,1.1896964311599731,1.194656252861023,1.177405595779419,1.194656252861023,1.194656252861023,1420572,CORE23254-USD
89,2024-03-30 07:00:00+00:00,1.1871799230575562,1.2750751972198486,1.1871799230575562,1.2451220750808716,1.2451220750808716,4944564,CORE23254-USD
90,2024-03-30 08:00:00+00:00,1.2260358333587646,1.2491698265075684,1.201569676399231,1.2241958379745483,1.2241958379745483,3852392,CORE23254-USD
91,2024-03-30 09:00:00+00:00,1.214928150177002,1.245112419128418,1.2114856243133545,1.2407665252685547,1.2407665252685547,710792,CORE23254-USD
92,2024-03-30 10:00:00+00:00,1.2443102598190308,1.2784308195114136,1.2443102598190308,1.2637711763381958,1.2637711763381958,3464200,CORE23254-USD
93,2024-03-30 11:00:00+00:00,1.2581827640533447,1.2678720951080322,1.255082607269287,1.2639985084533691,1.2639985084533691,1771440,CORE23254-USD
94,2024-03-30 12:00:00+00:00,1.2671018838882446,1.313389539718628,1.2490875720977783,1.2490875720977783,1.2490875720977783,5047464,CORE23254-USD
95,2024-03-30 13:00:00+00:00,1.2518646717071533,1.3015003204345703,1.2433362007141113,1.2926790714263916,1.2926790714263916,5309528,CORE23254-USD
96,2024-03-30 14:00:00+00:00,1.296932578086853,1.3384969234466553,1.296932578086853,1.3092201948165894,1.3092201948165894,6316288,CORE23254-USD
97,2024-03-30 15:00:00+00:00,1.306989312171936,1.3391969203948975,1.306989312171936,1.3391969203948975,1.3391969203948975,3780664,CORE23254-USD
98,2024-03-30 16:00:00+00:00,1.374257206916809,1.4670038223266602,1.374257206916809,1.4526269435882568,1.4526269435882568,10245296,CORE23254-USD
99,2024-03-30 17:00:00+00:00,1.463688611984253,1.4691510200500488,1.440933108329773,1.4533896446228027,1.4533896446228027,247736,CORE23254-USD
100,2024-03-30 18:00:00+00:00,1.4526032209396362,1.4577652215957642,1.4111716747283936,1.423465371131897,1.423465371131897,0,CORE23254-USD
101,2024-03-30 19:00:00+00:00,1.4216960668563843,1.4216960668563843,1.3971037864685059,1.3974529504776,1.3974529504776,0,CORE23254-USD
102,2024-03-30 20:00:00+00:00,1.385249137878418,1.38902747631073,1.364967942237854,1.379054307937622,1.379054307937622,744600,CORE23254-USD
103,2024-03-30 21:00:00+00:00,1.3730708360671997,1.3838975429534912,1.3611851930618286,1.3838975429534912,1.3838975429534912,358808,CORE23254-USD
104,2024-03-30 22:00:00+00:00,1.3788996934890747,1.390482783317566,1.3721909523010254,1.3730769157409668,1.3730769157409668,2067240,CORE23254-USD
105,2024-03-30 23:00:00+00:00,1.3700610399246216,1.3914670944213867,1.353554129600525,1.3914670944213867,1.3914670944213867,2656376,CORE23254-USD
106,2024-03-31 00:00:00+00:00,1.3814448118209839,1.4131628274917603,1.377831220626831,1.4131628274917603,1.4131628274917603,3429720,CORE23254-USD
107,2024-03-31 01:00:00+00:00,1.4158058166503906,1.5507146120071411,1.4158058166503906,1.5507146120071411,1.5507146120071411,11929080,CORE23254-USD
108,2024-03-31 02:00:00+00:00,1.5708054304122925,1.6813453435897827,1.5704988241195679,1.6438140869140625,1.6438140869140625,19945008,CORE23254-USD
109,2024-03-31 03:00:00+00:00,1.6615086793899536,1.6615086793899536,1.5940754413604736,1.5940754413604736,1.5940754413604736,11164832,CORE23254-USD
110,2024-03-31 04:00:00+00:00,1.626252293586731,1.6334199905395508,1.5973368883132935,1.5973368883132935,1.5973368883132935,5661696,CORE23254-USD
111,2024-03-31 05:00:00+00:00,1.600465178489685,1.6021904945373535,1.5848057270050049,1.6021904945373535,1.6021904945373535,4703552,CORE23254-USD
112,2024-03-31 06:00:00+00:00,1.6097638607025146,1.649312973022461,1.6020032167434692,1.649192214012146,1.649192214012146,7169840,CORE23254-USD
113,2024-03-31 07:00:00+00:00,1.6722326278686523,1.6722326278686523,1.6379790306091309,1.665744662284851,1.665744662284851,3095072,CORE23254-USD
114,2024-03-31 08:00:00+00:00,1.6692026853561401,1.6870135068893433,1.637474536895752,1.670775055885315,1.670775055885315,3459648,CORE23254-USD
115,2024-03-31 09:00:00+00:00,1.6773351430892944,1.6773351430892944,1.622771143913269,1.6302047967910767,1.6302047967910767,3003808,CORE23254-USD
116,2024-03-31 10:00:00+00:00,1.6332125663757324,1.6725318431854248,1.6240651607513428,1.6725318431854248,1.6725318431854248,1664816,CORE23254-USD
117,2024-03-31 11:00:00+00:00,1.6666247844696045,1.6732814311981201,1.6520590782165527,1.664838433265686,1.664838433265686,1208272,CORE23254-USD
118,2024-03-31 12:00:00+00:00,1.6698898077011108,1.6698898077011108,1.6310818195343018,1.6402324438095093,1.6402324438095093,0,CORE23254-USD
119,2024-03-31 13:00:00+00:00,1.6267344951629639,1.7138820886611938,1.6267344951629639,1.69730806350708,1.69730806350708,3946544,CORE23254-USD
120,2024-03-31 14:00:00+00:00,1.677970290184021,1.7281581163406372,1.677970290184021,1.6967941522598267,1.6967941522598267,2402336,CORE23254-USD
121,2024-03-31 15:00:00+00:00,1.7184584140777588,1.9052085876464844,1.7077943086624146,1.9052085876464844,1.9052085876464844,16641952,CORE23254-USD
122,2024-03-31 16:00:00+00:00,1.9116096496582031,2.1123125553131104,1.9116096496582031,2.1082327365875244,2.1082327365875244,29100880,CORE23254-USD
123,2024-03-31 17:00:00+00:00,2.10725736618042,2.1222622394561768,2.0231680870056152,2.0231680870056152,2.0231680870056152,8309488,CORE23254-USD
124,2024-03-31 18:00:00+00:00,2.049077033996582,2.0878896713256836,2.049077033996582,2.069744825363159,2.069744825363159,4981312,CORE23254-USD
125,2024-03-31 19:00:00+00:00,2.0679233074188232,2.0832552909851074,2.0679233074188232,2.075566530227661,2.075566530227661,921184,CORE23254-USD
126,2024-03-31 20:00:00+00:00,2.0546250343322754,2.117860794067383,2.0381064414978027,2.104769468307495,2.104769468307495,4221456,CORE23254-USD
127,2024-03-31 21:00:00+00:00,2.095874309539795,2.7216858863830566,2.095874309539795,2.5262155532836914,2.5262155532836914,46907808,CORE23254-USD
128,2024-03-31 22:00:00+00:00,2.557128429412842,2.633471727371216,2.526002883911133,2.633471727371216,2.633471727371216,24991648,CORE23254-USD
129,2024-03-31 23:00:00+00:00,2.668490171432495,2.755171298980713,2.5817716121673584,2.6114556789398193,2.6114556789398193,28137344,CORE23254-USD
130,2024-04-01 00:00:00+00:00,2.6472811698913574,2.7313694953918457,2.6472811698913574,2.7181589603424072,2.7181589603424072,22695136,CORE23254-USD
131,2024-04-01 01:00:00+00:00,2.7425291538238525,2.845632314682007,2.7425291538238525,2.764322519302368,2.764322519302368,16557056,CORE23254-USD
132,2024-04-01 02:00:00+00:00,2.8030154705047607,2.823847532272339,2.7675893306732178,2.7675893306732178,2.7675893306732178,0,CORE23254-USD
133,2024-04-01 03:00:00+00:00,2.7763917446136475,2.779139518737793,2.6688358783721924,2.7154324054718018,2.7154324054718018,0,CORE23254-USD
134,2024-04-01 04:00:00+00:00,2.723353147506714,2.759021282196045,2.723353147506714,2.739525556564331,2.739525556564331,2980960,CORE23254-USD
135,2024-04-01 05:00:00+00:00,2.722276210784912,2.746279001235962,2.4819839000701904,2.542001247406006,2.542001247406006,5936704,CORE23254-USD
136,2024-04-01 06:00:00+00:00,2.5477187633514404,2.7110886573791504,2.5477187633514404,2.7110886573791504,2.7110886573791504,26028480,CORE23254-USD
137,2024-04-01 07:00:00+00:00,2.7072649002075195,2.834942579269409,2.7072649002075195,2.8003625869750977,2.8003625869750977,16451744,CORE23254-USD
138,2024-04-01 08:00:00+00:00,2.803281307220459,2.803281307220459,2.6929473876953125,2.7227015495300293,2.7227015495300293,10728032,CORE23254-USD
139,2024-04-01 09:00:00+00:00,2.6840288639068604,2.7039759159088135,2.65095591545105,2.65095591545105,2.65095591545105,3682240,CORE23254-USD
140,2024-04-01 10:00:00+00:00,2.674420118331909,2.726355791091919,2.626605272293091,2.726355791091919,2.726355791091919,14862560,CORE23254-USD
141,2024-04-01 11:00:00+00:00,2.7503085136413574,2.7503085136413574,2.661705255508423,2.662545680999756,2.662545680999756,1503008,CORE23254-USD
142,2024-04-01 12:00:00+00:00,2.7091875076293945,2.7291462421417236,2.695114850997925,2.7171080112457275,2.7171080112457275,7394592,CORE23254-USD
143,2024-04-01 13:00:00+00:00,2.735858917236328,2.7474842071533203,2.680277109146118,2.7198712825775146,2.7198712825775146,4573664,CORE23254-USD
144,2024-04-01 14:00:00+00:00,2.7273948192596436,2.7273948192596436,2.6638190746307373,2.6638190746307373,2.6638190746307373,0,CORE23254-USD
145,2024-04-01 15:00:00+00:00,2.649108648300171,2.8184926509857178,2.540653705596924,2.8184926509857178,2.8184926509857178,23717376,CORE23254-USD
146,2024-04-01 16:00:00+00:00,3.1742494106292725,3.54567551612854,3.1582255363464355,3.54567551612854,3.54567551612854,79141440,CORE23254-USD
147,2024-04-01 17:00:00+00:00,3.4357407093048096,3.6017229557037354,3.4217560291290283,3.6017229557037354,3.6017229557037354,27123392,CORE23254-USD
148,2024-04-01 18:00:00+00:00,3.6416614055633545,3.6416614055633545,3.436913251876831,3.4716811180114746,3.4716811180114746,20343744,CORE23254-USD
149,2024-04-01 19:00:00+00:00,3.4597697257995605,3.5401697158813477,3.4597697257995605,3.5094451904296875,3.5094451904296875,12190272,CORE23254-USD
150,2024-04-01 20:00:00+00:00,3.511446475982666,3.5633249282836914,3.491887092590332,3.5633249282836914,3.5633249282836914,8990976,CORE23254-USD
151,2024-04-01 21:00:00+00:00,3.522271156311035,3.555232286453247,3.5025994777679443,3.549865961074829,3.549865961074829,0,CORE23254-USD
152,2024-04-01 22:00:00+00:00,3.6089580059051514,4.115894794464111,3.6089580059051514,4.101371765136719,4.101371765136719,46965952,CORE23254-USD
153,2024-04-01 23:00:00+00:00,3.9251434803009033,3.9251434803009033,3.734856605529785,3.7565972805023193,3.7565972805023193,1936448,CORE23254-USD
154,2024-04-02 00:00:00+00:00,3.6813313961029053,3.7682669162750244,3.6813313961029053,3.7682669162750244,3.7682669162750244,953920,CORE23254-USD
155,2024-04-02 01:00:00+00:00,3.757721424102783,3.8216209411621094,3.7236640453338623,3.770563840866089,3.770563840866089,0,CORE23254-USD
156,2024-04-02 02:00:00+00:00,3.798445224761963,3.818659543991089,3.729302167892456,3.756833791732788,3.756833791732788,18527360,CORE23254-USD
157,2024-04-02 03:00:00+00:00,3.7507588863372803,3.814749002456665,3.740732192993164,3.7608296871185303,3.7608296871185303,8682368,CORE23254-USD
158,2024-04-02 04:00:00+00:00,3.764955759048462,3.8225929737091064,3.764955759048462,3.7889597415924072,3.7889597415924072,8132288,CORE23254-USD
159,2024-04-02 05:00:00+00:00,3.7975640296936035,3.7975640296936035,3.620896100997925,3.6560850143432617,3.6560850143432617,0,CORE23254-USD
160,2024-04-02 06:00:00+00:00,3.589902400970459,3.589902400970459,3.3561787605285645,3.4989430904388428,3.4989430904388428,9348864,CORE23254-USD
161,2024-04-02 07:00:00+00:00,3.5136847496032715,3.548262596130371,3.4061708450317383,3.4124233722686768,3.4124233722686768,0,CORE23254-USD
162,2024-04-02 08:00:00+00:00,3.4516665935516357,3.478832244873047,3.1850452423095703,3.1850452423095703,3.1850452423095703,0,CORE23254-USD
163,2024-04-02 09:00:00+00:00,3.142392158508301,3.2098820209503174,3.077486515045166,3.156737804412842,3.156737804412842,32024896,CORE23254-USD
164,2024-04-02 10:00:00+00:00,3.1233465671539307,3.1233465671539307,2.8641459941864014,2.9435057640075684,2.9435057640075684,12993984,CORE23254-USD
165,2024-04-02 11:00:00+00:00,3.000412702560425,3.302030563354492,2.9551804065704346,3.271023750305176,3.271023750305176,53167168,CORE23254-USD
166,2024-04-02 12:00:00+00:00,3.2394542694091797,3.2394542694091797,3.1115498542785645,3.1578662395477295,3.1578662395477295,15376256,CORE23254-USD
167,2024-04-02 13:00:00+00:00,3.1289291381835938,3.238516092300415,3.1129655838012695,3.238516092300415,3.238516092300415,10601664,CORE23254-USD
168,2024-04-02 14:00:00+00:00,3.233182191848755,3.5035693645477295,3.233182191848755,3.381164312362671,3.381164312362671,39452160,CORE23254-USD
169,2024-04-02 15:00:00+00:00,3.3950161933898926,4.048550605773926,3.3950161933898926,4.048550605773926,4.048550605773926,74454144,CORE23254-USD
170,2024-04-02 16:00:00+00:00,3.8722646236419678,3.8722646236419678,3.528437614440918,3.6722259521484375,3.6722259521484375,0,CORE23254-USD
171,2024-04-02 17:00:00+00:00,3.6285009384155273,3.6430108547210693,3.2290358543395996,3.3623762130737305,3.3623762130737305,0,CORE23254-USD
172,2024-04-02 18:00:00+00:00,3.3786141872406006,3.3786141872406006,3.328157901763916,3.3494794368743896,3.3494794368743896,0,CORE23254-USD
173,2024-04-02 19:00:00+00:00,3.343719005584717,3.462291955947876,3.3291423320770264,3.42520809173584,3.42520809173584,1137024,CORE23254-USD
174,2024-04-02 20:00:00+00:00,3.414088010787964,3.457507848739624,3.244899272918701,3.3545868396759033,3.3545868396759033,0,CORE23254-USD
175,2024-04-02 21:00:00+00:00,3.4076106548309326,3.4179084300994873,3.3559114933013916,3.3886659145355225,3.3886659145355225,3125248,CORE23254-USD
176,2024-04-02 22:00:00+00:00,3.397155284881592,3.4454081058502197,3.3536641597747803,3.408339023590088,3.408339023590088,0,CORE23254-USD
177,2024-04-02 23:00:00+00:00,3.3940649032592773,3.3940649032592773,3.3000810146331787,3.3436758518218994,3.3436758518218994,0,CORE23254-USD
178,2024-04-03 00:00:00+00:00,3.3874495029449463,3.3874495029449463,3.1478898525238037,3.1478898525238037,3.1478898525238037,0,CORE23254-USD
179,2024-04-03 01:00:00+00:00,3.1304357051849365,3.275285005569458,3.1304357051849365,3.275285005569458,3.275285005569458,9408064,CORE23254-USD
180,2024-04-03 02:00:00+00:00,3.240947961807251,3.265521764755249,3.1762020587921143,3.1762020587921143,3.1762020587921143,0,CORE23254-USD
181,2024-04-03 03:00:00+00:00,3.2037513256073,3.2545230388641357,3.1835832595825195,3.20770001411438,3.20770001411438,0,CORE23254-USD
182,2024-04-03 04:00:00+00:00,3.220421075820923,3.2824809551239014,3.2090377807617188,3.2252190113067627,3.2252190113067627,0,CORE23254-USD
183,2024-04-03 05:00:00+00:00,3.2625818252563477,3.2625818252563477,3.1526296138763428,3.1967666149139404,3.1967666149139404,0,CORE23254-USD
184,2024-04-03 06:00:00+00:00,3.229550361633301,3.3953816890716553,3.222019910812378,3.394684314727783,3.394684314727783,0,CORE23254-USD
185,2024-04-03 07:00:00+00:00,3.3680760860443115,3.662745237350464,3.3680760860443115,3.471416711807251,3.471416711807251,25825920,CORE23254-USD
186,2024-04-03 08:00:00+00:00,3.337265729904175,3.4713330268859863,3.337265729904175,3.433058023452759,3.433058023452759,0,CORE23254-USD
187,2024-04-03 09:00:00+00:00,3.4260575771331787,3.4405360221862793,3.377277374267578,3.4340665340423584,3.4340665340423584,0,CORE23254-USD
188,2024-04-03 10:00:00+00:00,3.4119741916656494,3.585123062133789,3.4119741916656494,3.585123062133789,3.585123062133789,0,CORE23254-USD
189,2024-04-03 11:00:00+00:00,3.48805832862854,3.48805832862854,3.416203737258911,3.416203737258911,3.416203737258911,0,CORE23254-USD
190,2024-04-03 12:00:00+00:00,3.408646821975708,3.4465718269348145,3.3459601402282715,3.436981201171875,3.436981201171875,0,CORE23254-USD
191,2024-04-03 13:00:00+00:00,3.44806170463562,3.516418933868408,3.4459261894226074,3.516418933868408,3.516418933868408,3186112,CORE23254-USD
192,2024-04-03 14:00:00+00:00,3.4946165084838867,3.735443115234375,3.4946165084838867,3.560340404510498,3.560340404510498,0,CORE23254-USD
193,2024-04-03 15:00:00+00:00,3.5920794010162354,3.5920794010162354,3.4641458988189697,3.4738309383392334,3.4738309383392334,0,CORE23254-USD
194,2024-04-03 16:00:00+00:00,3.503279209136963,3.503279209136963,3.0645649433135986,3.0645649433135986,3.0645649433135986,0,CORE23254-USD
195,2024-04-03 17:00:00+00:00,3.093271017074585,3.098052740097046,2.891407012939453,2.9224352836608887,2.9224352836608887,0,CORE23254-USD
196,2024-04-03 18:00:00+00:00,2.8881125450134277,2.9560458660125732,2.8881125450134277,2.9452707767486572,2.9452707767486572,381280,CORE23254-USD
197,2024-04-03 19:00:00+00:00,2.9589247703552246,3.0067684650421143,2.9589247703552246,2.988462209701538,2.988462209701538,0,CORE23254-USD
198,2024-04-03 20:00:00+00:00,2.9678850173950195,3.012507915496826,2.964935779571533,2.9747474193573,2.9747474193573,0,CORE23254-USD
199,2024-04-03 21:00:00+00:00,2.9661834239959717,3.124959707260132,2.956630229949951,3.124959707260132,3.124959707260132,2215264,CORE23254-USD
200,2024-04-03 22:00:00+00:00,3.1205713748931885,3.1205713748931885,3.0447301864624023,3.077847719192505,3.077847719192505,0,CORE23254-USD
201,2024-04-03 23:00:00+00:00,3.0556139945983887,3.082143545150757,3.0257115364074707,3.0648648738861084,3.0648648738861084,0,CORE23254-USD
202,2024-04-04 00:00:00+00:00,3.043912649154663,3.098099708557129,3.043912649154663,3.071526288986206,3.071526288986206,0,CORE23254-USD
203,2024-04-04 01:00:00+00:00,3.060091495513916,3.064727783203125,2.996868371963501,3.064727783203125,3.064727783203125,0,CORE23254-USD
204,2024-04-04 02:00:00+00:00,3.072488307952881,3.076322317123413,2.981708288192749,2.981708288192749,2.981708288192749,0,CORE23254-USD
205,2024-04-04 03:00:00+00:00,2.993032217025757,3.014063835144043,2.966982841491699,2.9940695762634277,2.9940695762634277,0,CORE23254-USD
206,2024-04-04 04:00:00+00:00,2.9967129230499268,3.053676128387451,2.9307143688201904,3.0308609008789062,3.0308609008789062,5312448,CORE23254-USD
207,2024-04-04 05:00:00+00:00,3.029238700866699,3.0361733436584473,3.005730390548706,3.033806800842285,3.033806800842285,0,CORE23254-USD
208,2024-04-04 06:00:00+00:00,3.0462589263916016,3.0547072887420654,3.031909942626953,3.040832996368408,3.040832996368408,0,CORE23254-USD
209,2024-04-04 07:00:00+00:00,3.0264413356781006,3.075200080871582,3.0071187019348145,3.0071187019348145,3.0071187019348145,0,CORE23254-USD
210,2024-04-04 08:00:00+00:00,2.988252639770508,3.045112371444702,2.988252639770508,3.0169363021850586,3.0169363021850586,0,CORE23254-USD
211,2024-04-04 09:00:00+00:00,3.010871410369873,3.011500835418701,2.9830563068389893,2.9830563068389893,2.9830563068389893,0,CORE23254-USD
212,2024-04-04 10:00:00+00:00,2.965768575668335,2.9965107440948486,2.9640796184539795,2.9640796184539795,2.9640796184539795,0,CORE23254-USD
213,2024-04-04 11:00:00+00:00,2.936411142349243,2.936411142349243,2.81587290763855,2.851236581802368,2.851236581802368,0,CORE23254-USD
214,2024-04-04 12:00:00+00:00,2.840864658355713,2.86752986907959,2.8236844539642334,2.856982707977295,2.856982707977295,0,CORE23254-USD
215,2024-04-04 13:00:00+00:00,2.841287612915039,2.901120901107788,2.841287612915039,2.879258871078491,2.879258871078491,0,CORE23254-USD
216,2024-04-04 14:00:00+00:00,2.858367919921875,2.878884792327881,2.7968637943267822,2.814846992492676,2.814846992492676,0,CORE23254-USD
217,2024-04-04 15:00:00+00:00,2.8177921772003174,2.922776699066162,2.7215776443481445,2.7215776443481445,2.7215776443481445,0,CORE23254-USD
218,2024-04-04 16:00:00+00:00,2.600782871246338,2.600782871246338,2.472712278366089,2.5364389419555664,2.5364389419555664,0,CORE23254-USD
219,2024-04-04 17:00:00+00:00,2.540006637573242,2.540006637573242,2.4758450984954834,2.499635934829712,2.499635934829712,0,CORE23254-USD
220,2024-04-04 18:00:00+00:00,2.522843837738037,2.5230929851531982,2.4774491786956787,2.47843074798584,2.47843074798584,0,CORE23254-USD
221,2024-04-04 19:00:00+00:00,2.479762554168701,2.508789539337158,2.447758197784424,2.4773712158203125,2.4773712158203125,2232512,CORE23254-USD
222,2024-04-04 20:00:00+00:00,2.4790456295013428,2.491396903991699,2.4614572525024414,2.463876247406006,2.463876247406006,0,CORE23254-USD
223,2024-04-04 21:00:00+00:00,2.4589946269989014,2.4589946269989014,2.3802008628845215,2.456944465637207,2.456944465637207,0,CORE23254-USD
224,2024-04-04 22:00:00+00:00,2.471888780593872,2.481999158859253,2.4355955123901367,2.4355955123901367,2.4355955123901367,0,CORE23254-USD
225,2024-04-04 23:00:00+00:00,2.4373605251312256,2.457172393798828,2.4129269123077393,2.449728012084961,2.449728012084961,977856,CORE23254-USD
226,2024-04-05 00:00:00+00:00,2.4375998973846436,2.4375998973846436,2.3963818550109863,2.415050506591797,2.415050506591797,0,CORE23254-USD
227,2024-04-05 01:00:00+00:00,2.4030988216400146,2.4030988216400146,2.2906100749969482,2.323859453201294,2.323859453201294,3855264,CORE23254-USD
228,2024-04-05 02:00:00+00:00,2.323776960372925,2.3332173824310303,2.2634263038635254,2.3309803009033203,2.3309803009033203,5931232,CORE23254-USD
229,2024-04-05 03:00:00+00:00,2.3259527683258057,2.353447198867798,2.3235743045806885,2.347269058227539,2.347269058227539,1042880,CORE23254-USD
230,2024-04-05 04:00:00+00:00,2.3521010875701904,2.4120936393737793,2.3447928428649902,2.346372127532959,2.346372127532959,0,CORE23254-USD
231,2024-04-05 05:00:00+00:00,2.3442790508270264,2.4868695735931396,2.3281002044677734,2.4868695735931396,2.4868695735931396,11350688,CORE23254-USD
232,2024-04-05 06:00:00+00:00,2.481391429901123,2.481391429901123,2.4087114334106445,2.4451074600219727,2.4451074600219727,7417152,CORE23254-USD
233,2024-04-05 07:00:00+00:00,2.4720113277435303,2.4720113277435303,2.436763048171997,2.437103033065796,2.437103033065796,7217760,CORE23254-USD
234,2024-04-05 08:00:00+00:00,2.4294114112854004,2.4477128982543945,2.3936455249786377,2.419949531555176,2.419949531555176,911776,CORE23254-USD
235,2024-04-05 09:00:00+00:00,2.422940492630005,2.462728500366211,2.404448986053467,2.4155635833740234,2.4155635833740234,2584032,CORE23254-USD
236,2024-04-05 10:00:00+00:00,2.407940149307251,2.444812059402466,2.375030994415283,2.444812059402466,2.444812059402466,4083264,CORE23254-USD
237,2024-04-05 11:00:00+00:00,2.4426321983337402,2.4939517974853516,2.4426321983337402,2.4532089233398438,2.4532089233398438,0,CORE23254-USD
238,2024-04-05 12:00:00+00:00,2.453939914703369,2.663376808166504,2.4473800659179688,2.663376808166504,2.663376808166504,24563360,CORE23254-USD
239,2024-04-05 13:00:00+00:00,2.61262583732605,2.823995351791382,2.61262583732605,2.745753288269043,2.745753288269043,43021184,CORE23254-USD
240,2024-04-05 14:00:00+00:00,2.756282091140747,2.7805068492889404,2.7413582801818848,2.7413582801818848,2.7413582801818848,11788032,CORE23254-USD
241,2024-04-05 15:00:00+00:00,2.7118542194366455,2.7118542194366455,2.575369119644165,2.652202844619751,2.652202844619751,3682688,CORE23254-USD
242,2024-04-05 16:00:00+00:00,2.705296754837036,2.705296754837036,2.5750980377197266,2.589226722717285,2.589226722717285,0,CORE23254-USD
243,2024-04-05 17:00:00+00:00,2.610161304473877,2.610161304473877,2.5606846809387207,2.5697829723358154,2.5697829723358154,0,CORE23254-USD
244,2024-04-05 18:00:00+00:00,2.5509417057037354,2.5682010650634766,2.5427989959716797,2.5593721866607666,2.5593721866607666,0,CORE23254-USD
245,2024-04-05 19:00:00+00:00,2.5810790061950684,2.58825945854187,2.5398154258728027,2.5398154258728027,2.5398154258728027,0,CORE23254-USD
246,2024-04-05 20:00:00+00:00,2.552518367767334,2.6259360313415527,2.552518367767334,2.6218836307525635,2.6218836307525635,1405312,CORE23254-USD
247,2024-04-05 21:00:00+00:00,2.6148362159729004,2.628631353378296,2.609456777572632,2.625624895095825,2.625624895095825,0,CORE23254-USD
248,2024-04-05 22:00:00+00:00,2.6256072521209717,2.662353038787842,2.62003231048584,2.6444458961486816,2.6444458961486816,717888,CORE23254-USD
249,2024-04-05 23:00:00+00:00,2.6450765132904053,2.6890225410461426,2.6447513103485107,2.686241388320923,2.686241388320923,463200,CORE23254-USD
250,2024-04-06 00:00:00+00:00,2.644239902496338,2.7286436557769775,2.6114869117736816,2.7286436557769775,2.7286436557769775,3591904,CORE23254-USD
251,2024-04-06 01:00:00+00:00,2.71301007270813,2.780649423599243,2.700529098510742,2.700529098510742,2.700529098510742,0,CORE23254-USD
252,2024-04-06 02:00:00+00:00,2.691218137741089,2.70011830329895,2.666536331176758,2.666536331176758,2.666536331176758,0,CORE23254-USD
253,2024-04-06 03:00:00+00:00,2.6653780937194824,2.7102622985839844,2.6498587131500244,2.6604249477386475,2.6604249477386475,0,CORE23254-USD
254,2024-04-06 04:00:00+00:00,2.6522879600524902,2.654341459274292,2.6250507831573486,2.6294121742248535,2.6294121742248535,0,CORE23254-USD
255,2024-04-06 05:00:00+00:00,2.632209062576294,2.6476635932922363,2.6208431720733643,2.641050100326538,2.641050100326538,0,CORE23254-USD
256,2024-04-06 06:00:00+00:00,2.6429426670074463,2.6429426670074463,2.534230947494507,2.534230947494507,2.534230947494507,0,CORE23254-USD
257,2024-04-06 07:00:00+00:00,2.537280321121216,2.5392346382141113,2.521347999572754,2.5360617637634277,2.5360617637634277,0,CORE23254-USD
258,2024-04-06 08:00:00+00:00,2.519676923751831,2.5662808418273926,2.518202543258667,2.5662808418273926,2.5662808418273926,0,CORE23254-USD
259,2024-04-06 09:00:00+00:00,2.5569918155670166,2.5569918155670166,2.522749185562134,2.524191379547119,2.524191379547119,0,CORE23254-USD
260,2024-04-06 10:00:00+00:00,2.5333328247070312,2.5460269451141357,2.5284624099731445,2.5417582988739014,2.5417582988739014,0,CORE23254-USD
261,2024-04-06 11:00:00+00:00,2.5405242443084717,2.5547289848327637,2.529268503189087,2.552518367767334,2.552518367767334,0,CORE23254-USD
262,2024-04-06 12:00:00+00:00,2.5493645668029785,2.6173200607299805,2.5326762199401855,2.5829215049743652,2.5829215049743652,0,CORE23254-USD
263,2024-04-06 13:00:00+00:00,2.580409049987793,2.6029696464538574,2.580409049987793,2.589411735534668,2.589411735534668,0,CORE23254-USD
264,2024-04-06 14:00:00+00:00,2.590696096420288,2.6927027702331543,2.590696096420288,2.6808691024780273,2.6808691024780273,0,CORE23254-USD
265,2024-04-06 15:00:00+00:00,2.6704816818237305,2.7714951038360596,2.6704816818237305,2.720937967300415,2.720937967300415,0,CORE23254-USD
266,2024-04-06 16:00:00+00:00,2.6529293060302734,2.6529293060302734,2.605604887008667,2.6081767082214355,2.6081767082214355,0,CORE23254-USD
267,2024-04-06 17:00:00+00:00,2.604551315307617,2.604551315307617,2.570753812789917,2.5794522762298584,2.5794522762298584,0,CORE23254-USD
268,2024-04-06 18:00:00+00:00,2.582298994064331,2.5828776359558105,2.5679242610931396,2.5683627128601074,2.5683627128601074,0,CORE23254-USD
269,2024-04-06 19:00:00+00:00,2.57318115234375,2.575563669204712,2.5451126098632812,2.551673412322998,2.551673412322998,0,CORE23254-USD
270,2024-04-06 20:00:00+00:00,2.5559308528900146,2.5803868770599365,2.5525174140930176,2.5803868770599365,2.5803868770599365,0,CORE23254-USD
271,2024-04-06 21:00:00+00:00,2.5812151432037354,2.589489698410034,2.5812151432037354,2.5869882106781006,2.5869882106781006,0,CORE23254-USD
272,2024-04-06 22:00:00+00:00,2.5877184867858887,2.6312615871429443,2.584585189819336,2.6312615871429443,2.6312615871429443,0,CORE23254-USD
273,2024-04-06 23:00:00+00:00,2.6390788555145264,2.6538286209106445,2.6298434734344482,2.6348159313201904,2.6348159313201904,0,CORE23254-USD
274,2024-04-07 00:00:00+00:00,2.634554624557495,2.66445255279541,2.6135621070861816,2.6254234313964844,2.6254234313964844,0,CORE23254-USD
275,2024-04-07 01:00:00+00:00,2.6264374256134033,2.6472034454345703,2.6149044036865234,2.6201329231262207,2.6201329231262207,0,CORE23254-USD
276,2024-04-07 02:00:00+00:00,2.625901937484741,2.646533727645874,2.6140635013580322,2.628769636154175,2.628769636154175,0,CORE23254-USD
277,2024-04-07 03:00:00+00:00,2.623418092727661,2.623418092727661,2.603328227996826,2.603416681289673,2.603416681289673,0,CORE23254-USD
278,2024-04-07 04:00:00+00:00,2.608558177947998,2.608558177947998,2.567495107650757,2.5801384449005127,2.5801384449005127,0,CORE23254-USD
279,2024-04-07 05:00:00+00:00,2.5758302211761475,2.5877249240875244,2.5727460384368896,2.5841922760009766,2.5841922760009766,0,CORE23254-USD
280,2024-04-07 06:00:00+00:00,2.588550567626953,2.5985944271087646,2.568289279937744,2.5744972229003906,2.5744972229003906,0,CORE23254-USD
281,2024-04-07 07:00:00+00:00,2.5774004459381104,2.6082334518432617,2.570624589920044,2.6082334518432617,2.6082334518432617,0,CORE23254-USD
282,2024-04-07 08:00:00+00:00,2.6105525493621826,2.6303818225860596,2.600862503051758,2.608081579208374,2.608081579208374,0,CORE23254-USD
283,2024-04-07 09:00:00+00:00,2.6100826263427734,2.63140606880188,2.6056134700775146,2.6170177459716797,2.6170177459716797,0,CORE23254-USD
284,2024-04-07 10:00:00+00:00,2.622983455657959,2.682723045349121,2.6174750328063965,2.627786874771118,2.627786874771118,5114176,CORE23254-USD
285,2024-04-07 11:00:00+00:00,2.626596212387085,2.6954050064086914,2.626596212387085,2.6735758781433105,2.6735758781433105,4975504,CORE23254-USD
286,2024-04-07 12:00:00+00:00,2.7176337242126465,2.7219409942626953,2.6464521884918213,2.6542890071868896,2.6542890071868896,2314720,CORE23254-USD
287,2024-04-07 13:00:00+00:00,2.65551495552063,2.6732656955718994,2.650754451751709,2.6714515686035156,2.6714515686035156,965872,CORE23254-USD
288,2024-04-07 14:00:00+00:00,2.6744885444641113,2.7371926307678223,2.6744885444641113,2.716766119003296,2.716766119003296,3134496,CORE23254-USD
289,2024-04-07 15:00:00+00:00,2.7056221961975098,2.7258994579315186,2.6547434329986572,2.6547434329986572,2.6547434329986572,0,CORE23254-USD
290,2024-04-07 16:00:00+00:00,2.648282051086426,2.648282051086426,2.606778144836426,2.6100780963897705,2.6100780963897705,0,CORE23254-USD
291,2024-04-07 17:00:00+00:00,2.610673189163208,2.6202685832977295,2.587939739227295,2.587939739227295,2.587939739227295,0,CORE23254-USD
292,2024-04-07 18:00:00+00:00,2.5875632762908936,2.5875632762908936,2.5625922679901123,2.5795094966888428,2.5795094966888428,2896544,CORE23254-USD
293,2024-04-07 19:00:00+00:00,2.5782763957977295,2.601954936981201,2.5782763957977295,2.601954936981201,2.601954936981201,0,CORE23254-USD
294,2024-04-07 20:00:00+00:00,2.599722385406494,2.639488458633423,2.599722385406494,2.639488458633423,2.639488458633423,739664,CORE23254-USD
295,2024-04-07 21:00:00+00:00,2.6489412784576416,2.680954694747925,2.6489412784576416,2.6752519607543945,2.6752519607543945,3326032,CORE23254-USD
296,2024-04-07 22:00:00+00:00,2.689319372177124,2.7209737300872803,2.688656806945801,2.688656806945801,2.688656806945801,2828128,CORE23254-USD
297,2024-04-07 23:00:00+00:00,2.69279408454895,2.7104384899139404,2.689181089401245,2.689181089401245,2.689181089401245,1235184,CORE23254-USD
298,2024-04-08 00:00:00+00:00,2.6838998794555664,2.7407240867614746,2.674363136291504,2.6956136226654053,2.6956136226654053,5940240,CORE23254-USD
299,2024-04-08 01:00:00+00:00,2.698396921157837,2.7166671752929688,2.658973455429077,2.658973455429077,2.658973455429077,1483216,CORE23254-USD
300,2024-04-08 02:00:00+00:00,2.658587694168091,2.6660938262939453,2.627561569213867,2.627561569213867,2.627561569213867,0,CORE23254-USD
301,2024-04-08 03:00:00+00:00,2.6357343196868896,2.6558239459991455,2.6284308433532715,2.6382455825805664,2.6382455825805664,0,CORE23254-USD
302,2024-04-08 04:00:00+00:00,2.634737014770508,2.634737014770508,2.6210458278656006,2.6210458278656006,2.6210458278656006,0,CORE23254-USD
303,2024-04-08 05:00:00+00:00,2.626164197921753,2.6437671184539795,2.626164197921753,2.6414711475372314,2.6414711475372314,0,CORE23254-USD
304,2024-04-08 06:00:00+00:00,2.643307685852051,2.655182123184204,2.6382744312286377,2.6389307975769043,2.6389307975769043,0,CORE23254-USD
305,2024-04-08 07:00:00+00:00,2.638352632522583,2.6668765544891357,2.638352632522583,2.6589572429656982,2.6589572429656982,0,CORE23254-USD
306,2024-04-08 08:00:00+00:00,2.667989492416382,2.6838364601135254,2.667989492416382,2.675142765045166,2.675142765045166,0,CORE23254-USD
307,2024-04-08 09:00:00+00:00,2.6702523231506348,2.7072319984436035,2.6702523231506348,2.6835334300994873,2.6835334300994873,1982800,CORE23254-USD
308,2024-04-08 10:00:00+00:00,2.691694974899292,2.691694974899292,2.651076078414917,2.6545369625091553,2.6545369625091553,0,CORE23254-USD
309,2024-04-08 11:00:00+00:00,2.656522512435913,2.6936402320861816,2.656522512435913,2.6936402320861816,2.6936402320861816,0,CORE23254-USD
310,2024-04-08 12:00:00+00:00,2.689359188079834,2.689359188079834,2.6635677814483643,2.6635677814483643,2.6635677814483643,0,CORE23254-USD
311,2024-04-08 13:00:00+00:00,2.6564061641693115,2.683076858520508,2.6564061641693115,2.6681430339813232,2.6681430339813232,0,CORE23254-USD
312,2024-04-08 14:00:00+00:00,2.666719675064087,2.667275905609131,2.641907215118408,2.6446988582611084,2.6446988582611084,0,CORE23254-USD
313,2024-04-08 15:00:00+00:00,2.6527059078216553,2.6542441844940186,2.6356916427612305,2.650080680847168,2.650080680847168,0,CORE23254-USD
314,2024-04-08 16:00:00+00:00,2.649418354034424,2.649418354034424,2.5993475914001465,2.622715473175049,2.622715473175049,643424,CORE23254-USD
315,2024-04-08 17:00:00+00:00,2.628068685531616,2.6405014991760254,2.628068685531616,2.6405014991760254,2.6405014991760254,0,CORE23254-USD
316,2024-04-08 18:00:00+00:00,2.6431689262390137,2.6756842136383057,2.6431689262390137,2.662066698074341,2.662066698074341,0,CORE23254-USD
317,2024-04-08 19:00:00+00:00,2.6598715782165527,2.673978805541992,2.656472682952881,2.6621365547180176,2.6621365547180176,0,CORE23254-USD
318,2024-04-08 20:00:00+00:00,2.663527011871338,2.682835102081299,2.6562323570251465,2.6591343879699707,2.6591343879699707,330848,CORE23254-USD
319,2024-04-08 21:00:00+00:00,2.6714298725128174,2.6858949661254883,2.6630780696868896,2.6630780696868896,2.6630780696868896,0,CORE23254-USD
320,2024-04-08 22:00:00+00:00,2.6684913635253906,2.6790030002593994,2.6588892936706543,2.6626107692718506,2.6626107692718506,0,CORE23254-USD
321,2024-04-08 23:00:00+00:00,2.667966365814209,2.667966365814209,2.6549811363220215,2.656458616256714,2.656458616256714,0,CORE23254-USD
322,2024-04-09 00:00:00+00:00,2.6547465324401855,2.666034698486328,2.631925344467163,2.634425640106201,2.634425640106201,0,CORE23254-USD
323,2024-04-09 01:00:00+00:00,2.6297459602355957,2.631636142730713,2.615058660507202,2.628086566925049,2.628086566925049,0,CORE23254-USD
324,2024-04-09 02:00:00+00:00,2.628469228744507,2.6329779624938965,2.6158976554870605,2.6158976554870605,2.6158976554870605,0,CORE23254-USD
325,2024-04-09 03:00:00+00:00,2.617729902267456,2.626156806945801,2.6141324043273926,2.6212565898895264,2.6212565898895264,0,CORE23254-USD
326,2024-04-09 04:00:00+00:00,2.614880323410034,2.614880323410034,2.593141555786133,2.593141555786133,2.593141555786133,595936,CORE23254-USD
327,2024-04-09 05:00:00+00:00,2.5978646278381348,2.59840726852417,2.586897611618042,2.5951879024505615,2.5951879024505615,307936,CORE23254-USD
328,2024-04-09 06:00:00+00:00,2.5940918922424316,2.5940918922424316,2.5121169090270996,2.5121169090270996,2.5121169090270996,5600008,CORE23254-USD
329,2024-04-09 07:00:00+00:00,2.5238466262817383,2.5238466262817383,2.439476251602173,2.4427554607391357,2.4427554607391357,10536920,CORE23254-USD
330,2024-04-09 08:00:00+00:00,2.4137115478515625,2.4151835441589355,2.387557029724121,2.4151835441589355,2.4151835441589355,4807512,CORE23254-USD
331,2024-04-09 09:00:00+00:00,2.4244511127471924,2.4244511127471924,2.377992630004883,2.377992630004883,2.377992630004883,296688,CORE23254-USD
332,2024-04-09 10:00:00+00:00,2.3902931213378906,2.423865556716919,2.374704360961914,2.419569253921509,2.419569253921509,0,CORE23254-USD
333,2024-04-09 11:00:00+00:00,2.417983055114746,2.428427219390869,2.4064981937408447,2.407395839691162,2.407395839691162,0,CORE23254-USD
334,2024-04-09 12:00:00+00:00,2.4112753868103027,2.414984941482544,2.3914544582366943,2.399254322052002,2.399254322052002,0,CORE23254-USD
335,2024-04-09 13:00:00+00:00,2.397400140762329,2.410898447036743,2.3888723850250244,2.3888723850250244,2.3888723850250244,0,CORE23254-USD
336,2024-04-09 14:00:00+00:00,2.387274742126465,2.387274742126465,2.320490598678589,2.3504393100738525,2.3504393100738525,3044488,CORE23254-USD
337,2024-04-09 15:00:00+00:00,2.3623428344726562,2.3623428344726562,2.3344545364379883,2.352423906326294,2.352423906326294,710016,CORE23254-USD
338,2024-04-09 16:00:00+00:00,2.3363678455352783,2.4107589721679688,2.30647349357605,2.4107589721679688,2.4107589721679688,0,CORE23254-USD
339,2024-04-09 17:00:00+00:00,2.401799201965332,2.401799201965332,2.371777296066284,2.3720998764038086,2.3720998764038086,3333608,CORE23254-USD
340,2024-04-09 18:00:00+00:00,2.3804993629455566,2.3804993629455566,2.360771417617798,2.3728623390197754,2.3728623390197754,0,CORE23254-USD
341,2024-04-09 19:00:00+00:00,2.3710808753967285,2.3862051963806152,2.3611066341400146,2.3862051963806152,2.3862051963806152,0,CORE23254-USD
342,2024-04-09 20:00:00+00:00,2.3830225467681885,2.390836238861084,2.3682405948638916,2.374739646911621,2.374739646911621,0,CORE23254-USD
343,2024-04-09 21:00:00+00:00,2.377549409866333,2.377549409866333,2.370128631591797,2.373305559158325,2.373305559158325,0,CORE23254-USD
344,2024-04-09 22:00:00+00:00,2.3734562397003174,2.37947416305542,2.3644609451293945,2.367708921432495,2.367708921432495,0,CORE23254-USD
345,2024-04-09 23:00:00+00:00,2.367623805999756,2.367623805999756,2.3356704711914062,2.3610363006591797,2.3610363006591797,0,CORE23254-USD
346,2024-04-10 00:00:00+00:00,2.3628146648406982,2.3893513679504395,2.3623337745666504,2.37971568107605,2.37971568107605,0,CORE23254-USD
347,2024-04-10 01:00:00+00:00,2.391209125518799,2.42203426361084,2.3792154788970947,2.4004769325256348,2.4004769325256348,1734824,CORE23254-USD
348,2024-04-10 02:00:00+00:00,2.399209976196289,2.4001376628875732,2.342214822769165,2.342214822769165,2.342214822769165,2202256,CORE23254-USD
349,2024-04-10 03:00:00+00:00,2.3763163089752197,2.383695602416992,2.359790325164795,2.3691391944885254,2.3691391944885254,1573904,CORE23254-USD
350,2024-04-10 04:00:00+00:00,2.3641366958618164,2.3894007205963135,2.3641366958618164,2.3894007205963135,2.3894007205963135,0,CORE23254-USD
351,2024-04-10 05:00:00+00:00,2.3898842334747314,2.3898842334747314,2.3694498538970947,2.3855886459350586,2.3855886459350586,0,CORE23254-USD
352,2024-04-10 06:00:00+00:00,2.3785464763641357,2.3972008228302,2.3785464763641357,2.39155912399292,2.39155912399292,0,CORE23254-USD
353,2024-04-10 07:00:00+00:00,2.3829734325408936,2.3829734325408936,2.343512535095215,2.3447282314300537,2.3447282314300537,0,CORE23254-USD
354,2024-04-10 08:00:00+00:00,2.3315162658691406,2.3315162658691406,2.257561683654785,2.263335943222046,2.263335943222046,0,CORE23254-USD
355,2024-04-10 09:00:00+00:00,2.2623419761657715,2.2823240756988525,2.246936559677124,2.2562389373779297,2.2562389373779297,0,CORE23254-USD
356,2024-04-10 10:00:00+00:00,2.266472101211548,2.266472101211548,2.2327017784118652,2.2498204708099365,2.2498204708099365,664280,CORE23254-USD
357,2024-04-10 11:00:00+00:00,2.254445791244507,2.2592356204986572,2.2389755249023438,2.2462973594665527,2.2462973594665527,0,CORE23254-USD
358,2024-04-10 12:00:00+00:00,2.2403595447540283,2.245382070541382,2.1719107627868652,2.1719107627868652,2.1719107627868652,6175528,CORE23254-USD
359,2024-04-10 13:00:00+00:00,2.1707983016967773,2.1959733963012695,2.1707983016967773,2.1829795837402344,2.1829795837402344,1455864,CORE23254-USD
360,2024-04-10 14:00:00+00:00,2.1779699325561523,2.217428207397461,2.1779699325561523,2.2096340656280518,2.2096340656280518,0,CORE23254-USD
361,2024-04-10 15:00:00+00:00,2.2113986015319824,2.2113986015319824,2.1991002559661865,2.2009356021881104,2.2009356021881104,0,CORE23254-USD
362,2024-04-10 16:00:00+00:00,2.24975848197937,2.374542236328125,2.24975848197937,2.322903871536255,2.322903871536255,5126040,CORE23254-USD
363,2024-04-10 17:00:00+00:00,2.313101053237915,2.3601977825164795,2.313101053237915,2.3458023071289062,2.3458023071289062,146760,CORE23254-USD
364,2024-04-10 18:00:00+00:00,2.3157758712768555,2.3291847705841064,2.291390895843506,2.3253731727600098,2.3253731727600098,1687904,CORE23254-USD
365,2024-04-10 19:00:00+00:00,2.3188464641571045,2.3348584175109863,2.311901330947876,2.330958127975464,2.330958127975464,0,CORE23254-USD
366,2024-04-10 20:00:00+00:00,2.330965757369995,2.3371083736419678,2.3165102005004883,2.3260788917541504,2.3260788917541504,150576,CORE23254-USD
367,2024-04-10 21:00:00+00:00,2.3238906860351562,2.3404033184051514,2.311166763305664,2.3404033184051514,2.3404033184051514,473936,CORE23254-USD
368,2024-04-10 22:00:00+00:00,2.3614208698272705,2.4022018909454346,2.3523569107055664,2.3566854000091553,2.3566854000091553,3802008,CORE23254-USD
369,2024-04-10 23:00:00+00:00,2.3541433811187744,2.3541433811187744,2.330644130706787,2.3355472087860107,2.3355472087860107,0,CORE23254-USD
370,2024-04-11 00:00:00+00:00,2.321580648422241,2.321580648422241,2.305013418197632,2.315614700317383,2.315614700317383,571952,CORE23254-USD
371,2024-04-11 01:00:00+00:00,2.306694269180298,2.306694269180298,2.2771546840667725,2.2833797931671143,2.2833797931671143,0,CORE23254-USD
372,2024-04-11 02:00:00+00:00,2.2854721546173096,2.2952463626861572,2.2785732746124268,2.2785732746124268,2.2785732746124268,0,CORE23254-USD
373,2024-04-11 03:00:00+00:00,2.2814671993255615,2.2900619506835938,2.2766127586364746,2.2800183296203613,2.2800183296203613,0,CORE23254-USD
374,2024-04-11 04:00:00+00:00,2.2790913581848145,2.286562204360962,2.2613139152526855,2.2793948650360107,2.2793948650360107,500576,CORE23254-USD
375,2024-04-11 05:00:00+00:00,2.2748706340789795,2.2759809494018555,2.2499184608459473,2.2575621604919434,2.2575621604919434,985504,CORE23254-USD
376,2024-04-11 06:00:00+00:00,2.2630045413970947,2.2663400173187256,2.2363998889923096,2.244668960571289,2.244668960571289,5950032,CORE23254-USD
377,2024-04-11 07:00:00+00:00,2.250303030014038,2.273184299468994,2.250303030014038,2.2549610137939453,2.2549610137939453,490208,CORE23254-USD
378,2024-04-11 08:00:00+00:00,2.2486777305603027,2.265594244003296,2.244096040725708,2.248563051223755,2.248563051223755,0,CORE23254-USD
379,2024-04-11 09:00:00+00:00,2.2351317405700684,2.235567808151245,2.220191717147827,2.220191717147827,2.220191717147827,0,CORE23254-USD
380,2024-04-11 10:00:00+00:00,2.220139503479004,2.2416298389434814,2.21000075340271,2.21000075340271,2.21000075340271,524936,CORE23254-USD
381,2024-04-11 11:00:00+00:00,2.209811210632324,2.2165369987487793,2.1788673400878906,2.1788673400878906,2.1788673400878906,649240,CORE23254-USD
382,2024-04-11 12:00:00+00:00,2.1816246509552,2.1968493461608887,2.171328067779541,2.1847989559173584,2.1847989559173584,0,CORE23254-USD
383,2024-04-11 13:00:00+00:00,2.187878131866455,2.189786911010742,2.155535936355591,2.1687746047973633,2.1687746047973633,0,CORE23254-USD
384,2024-04-11 14:00:00+00:00,2.1640100479125977,2.1640100479125977,2.1382317543029785,2.1571407318115234,2.1571407318115234,0,CORE23254-USD
385,2024-04-11 15:00:00+00:00,2.154442548751831,2.223748207092285,2.154442548751831,2.2115478515625,2.2115478515625,2010288,CORE23254-USD
386,2024-04-11 16:00:00+00:00,2.1924123764038086,2.1924123764038086,2.165970802307129,2.1715822219848633,2.1715822219848633,0,CORE23254-USD
387,2024-04-11 17:00:00+00:00,2.1700363159179688,2.1936631202697754,2.1700363159179688,2.185744524002075,2.185744524002075,0,CORE23254-USD
388,2024-04-11 18:00:00+00:00,2.1814935207366943,2.191030740737915,2.166588068008423,2.1876089572906494,2.1876089572906494,0,CORE23254-USD
389,2024-04-11 19:00:00+00:00,2.1887989044189453,2.1948587894439697,2.1874375343322754,2.1876308917999268,2.1876308917999268,0,CORE23254-USD
390,2024-04-11 20:00:00+00:00,2.199254274368286,2.209787130355835,2.199254274368286,2.2089788913726807,2.2089788913726807,0,CORE23254-USD
391,2024-04-11 21:00:00+00:00,2.211801290512085,2.2141900062561035,2.188758134841919,2.1946640014648438,2.1946640014648438,0,CORE23254-USD
392,2024-04-11 22:00:00+00:00,2.1986870765686035,2.229719638824463,2.1986870765686035,2.2166614532470703,2.2166614532470703,0,CORE23254-USD
393,2024-04-11 23:00:00+00:00,2.2110419273376465,2.216461658477783,2.1937365531921387,2.214860200881958,2.214860200881958,0,CORE23254-USD
394,2024-04-12 00:00:00+00:00,2.1928958892822266,2.2162821292877197,2.1928958892822266,2.207848310470581,2.207848310470581,0,CORE23254-USD
395,2024-04-12 01:00:00+00:00,2.2122550010681152,2.2122550010681152,2.188197612762451,2.188197612762451,2.188197612762451,0,CORE23254-USD
396,2024-04-12 02:00:00+00:00,2.1875813007354736,2.210383653640747,2.1875813007354736,2.2008016109466553,2.2008016109466553,0,CORE23254-USD
397,2024-04-12 03:00:00+00:00,2.20823335647583,2.2446885108947754,2.2012834548950195,2.211275339126587,2.211275339126587,1557048,CORE23254-USD
398,2024-04-12 04:00:00+00:00,2.2134904861450195,2.223971128463745,2.208897590637207,2.222804307937622,2.222804307937622,249800,CORE23254-USD
399,2024-04-12 05:00:00+00:00,2.2249755859375,2.2466516494750977,2.2249755859375,2.225329637527466,2.225329637527466,0,CORE23254-USD
400,2024-04-12 06:00:00+00:00,2.2214760780334473,2.2214760780334473,2.1852428913116455,2.1912882328033447,2.1912882328033447,0,CORE23254-USD
401,2024-04-12 07:00:00+00:00,2.1988203525543213,2.200890064239502,2.1880319118499756,2.195100784301758,2.195100784301758,0,CORE23254-USD
402,2024-04-12 08:00:00+00:00,2.197510242462158,2.197736978530884,2.1708412170410156,2.1768510341644287,2.1768510341644287,0,CORE23254-USD
403,2024-04-12 09:00:00+00:00,2.176663398742676,2.176663398742676,2.159700870513916,2.1711344718933105,2.1711344718933105,0,CORE23254-USD
404,2024-04-12 10:00:00+00:00,2.1725189685821533,2.1725189685821533,2.155897855758667,2.169951915740967,2.169951915740967,0,CORE23254-USD
405,2024-04-12 11:00:00+00:00,2.1678476333618164,2.186889410018921,2.1678476333618164,2.17769718170166,2.17769718170166,0,CORE23254-USD
406,2024-04-12 12:00:00+00:00,2.167414665222168,2.167414665222168,2.132091760635376,2.132091760635376,2.132091760635376,0,CORE23254-USD
407,2024-04-12 13:00:00+00:00,2.1160004138946533,2.1160004138946533,2.0361268520355225,2.04937481880188,2.04937481880188,2669000,CORE23254-USD
408,2024-04-12 14:00:00+00:00,2.0588479042053223,2.066032648086548,2.045030117034912,2.0485668182373047,2.0485668182373047,555912,CORE23254-USD
409,2024-04-12 15:00:00+00:00,2.0488455295562744,2.0614709854125977,2.0420968532562256,2.0444681644439697,2.0444681644439697,0,CORE23254-USD
410,2024-04-12 16:00:00+00:00,2.057403564453125,2.057403564453125,1.998913049697876,1.998913049697876,1.998913049697876,0,CORE23254-USD
411,2024-04-12 17:00:00+00:00,1.9848692417144775,2.011622667312622,1.8053690195083618,1.8565114736557007,1.8565114736557007,11911176,CORE23254-USD
412,2024-04-12 18:00:00+00:00,1.8481335639953613,1.8596765995025635,1.3603565692901611,1.524021029472351,1.524021029472351,16276192,CORE23254-USD
413,2024-04-12 19:00:00+00:00,1.5071855783462524,1.537925124168396,1.493699312210083,1.5361149311065674,1.5361149311065674,12778424,CORE23254-USD
414,2024-04-12 20:00:00+00:00,1.5410466194152832,1.6042635440826416,1.5410466194152832,1.5986676216125488,1.5986676216125488,8853424,CORE23254-USD
415,2024-04-12 21:00:00+00:00,1.6027263402938843,1.6209908723831177,1.5930873155593872,1.608210802078247,1.608210802078247,3525416,CORE23254-USD
416,2024-04-12 22:00:00+00:00,1.597747564315796,1.6211456060409546,1.5717480182647705,1.5736064910888672,1.5736064910888672,2403408,CORE23254-USD
417,2024-04-12 23:00:00+00:00,1.5700099468231201,1.5875147581100464,1.5625816583633423,1.5694326162338257,1.5694326162338257,2502272,CORE23254-USD
418,2024-04-13 00:00:00+00:00,1.5527799129486084,1.5530321598052979,1.5229558944702148,1.5382459163665771,1.5382459163665771,2542032,CORE23254-USD
419,2024-04-13 01:00:00+00:00,1.5392568111419678,1.5392568111419678,1.476246953010559,1.476246953010559,1.476246953010559,3378312,CORE23254-USD
420,2024-04-13 02:00:00+00:00,1.4844423532485962,1.523421287536621,1.4844423532485962,1.523421287536621,1.523421287536621,4730784,CORE23254-USD
421,2024-04-13 03:00:00+00:00,1.5359845161437988,1.5871526002883911,1.5359845161437988,1.5631588697433472,1.5631588697433472,3511968,CORE23254-USD
422,2024-04-13 04:00:00+00:00,1.5631906986236572,1.591430425643921,1.5585745573043823,1.589309573173523,1.589309573173523,2130800,CORE23254-USD
423,2024-04-13 05:00:00+00:00,1.5890458822250366,1.5890458822250366,1.5726327896118164,1.5806142091751099,1.5806142091751099,413744,CORE23254-USD
424,2024-04-13 06:00:00+00:00,1.5807305574417114,1.596032738685608,1.5785229206085205,1.5875747203826904,1.5875747203826904,186896,CORE23254-USD
425,2024-04-13 07:00:00+00:00,1.5843098163604736,1.5849628448486328,1.566392421722412,1.5702141523361206,1.5702141523361206,206592,CORE23254-USD
426,2024-04-13 08:00:00+00:00,1.5690710544586182,1.6826815605163574,1.5605581998825073,1.6493951082229614,1.6493951082229614,10377696,CORE23254-USD
427,2024-04-13 09:00:00+00:00,1.6567201614379883,1.672780990600586,1.6503351926803589,1.6523945331573486,1.6523945331573486,4186384,CORE23254-USD
428,2024-04-13 10:00:00+00:00,1.6454436779022217,1.6802785396575928,1.6454436779022217,1.672066569328308,1.672066569328308,2265472,CORE23254-USD
429,2024-04-13 11:00:00+00:00,1.6703611612319946,1.6832622289657593,1.6399098634719849,1.6399098634719849,1.6399098634719849,1575712,CORE23254-USD
430,2024-04-13 12:00:00+00:00,1.6395915746688843,1.6666936874389648,1.6332836151123047,1.6532261371612549,1.6532261371612549,1908560,CORE23254-USD
431,2024-04-13 13:00:00+00:00,1.6526226997375488,1.6614116430282593,1.6346691846847534,1.6346691846847534,1.6346691846847534,0,CORE23254-USD
432,2024-04-13 14:00:00+00:00,1.6302803754806519,1.6302803754806519,1.5956392288208008,1.5956392288208008,1.5956392288208008,218496,CORE23254-USD
433,2024-04-13 15:00:00+00:00,1.5835328102111816,1.6142476797103882,1.5792216062545776,1.5925880670547485,1.5925880670547485,2343104,CORE23254-USD
434,2024-04-13 16:00:00+00:00,1.6065236330032349,1.6065236330032349,1.527086853981018,1.527086853981018,1.527086853981018,0,CORE23254-USD
435,2024-04-13 17:00:00+00:00,1.524154782295227,1.524154782295227,1.4364454746246338,1.454310417175293,1.454310417175293,0,CORE23254-USD
436,2024-04-13 18:00:00+00:00,1.4500242471694946,1.4991683959960938,1.4396097660064697,1.4991683959960938,1.4991683959960938,0,CORE23254-USD
437,2024-04-13 19:00:00+00:00,1.489608645439148,1.489608645439148,1.361905813217163,1.361905813217163,1.361905813217163,0,CORE23254-USD
438,2024-04-13 20:00:00+00:00,1.3687037229537964,1.3687037229537964,1.276901364326477,1.2892398834228516,1.2892398834228516,0,CORE23254-USD
439,2024-04-13 21:00:00+00:00,1.3172035217285156,1.3226048946380615,1.2475448846817017,1.3226048946380615,1.3226048946380615,1857320,CORE23254-USD
440,2024-04-13 22:00:00+00:00,1.305177092552185,1.3842799663543701,1.286755919456482,1.3659723997116089,1.3659723997116089,2760864,CORE23254-USD
441,2024-04-13 23:00:00+00:00,1.3558273315429688,1.4031479358673096,1.3502815961837769,1.367085337638855,1.367085337638855,28137440,CORE23254-USD
442,2024-04-14 00:00:00+00:00,1.3562796115875244,1.3562796115875244,1.3040930032730103,1.3040930032730103,1.3040930032730103,0,CORE23254-USD
443,2024-04-14 01:00:00+00:00,1.352724552154541,1.352724552154541,1.297382116317749,1.3378247022628784,1.3378247022628784,0,CORE23254-USD
444,2024-04-14 02:00:00+00:00,1.3431473970413208,1.3431473970413208,1.314801573753357,1.3246667385101318,1.3246667385101318,0,CORE23254-USD
445,2024-04-14 03:00:00+00:00,1.3123995065689087,1.3296116590499878,1.2966125011444092,1.3296116590499878,1.3296116590499878,0,CORE23254-USD
446,2024-04-14 04:00:00+00:00,1.3307486772537231,1.3947269916534424,1.3307486772537231,1.3947269916534424,1.3947269916534424,2070400,CORE23254-USD
447,2024-04-14 05:00:00+00:00,1.3924885988235474,1.4200420379638672,1.3924885988235474,1.4036874771118164,1.4036874771118164,3209632,CORE23254-USD
448,2024-04-14 06:00:00+00:00,1.3979412317276,1.4215754270553589,1.3948692083358765,1.4143147468566895,1.4143147468566895,1227632,CORE23254-USD
449,2024-04-14 07:00:00+00:00,1.4158928394317627,1.424606204032898,1.404273509979248,1.424606204032898,1.424606204032898,58176,CORE23254-USD
450,2024-04-14 08:00:00+00:00,1.4275189638137817,1.4278897047042847,1.4071547985076904,1.4080719947814941,1.4080719947814941,0,CORE23254-USD
451,2024-04-14 09:00:00+00:00,1.4111497402191162,1.4132295846939087,1.3809843063354492,1.3809843063354492,1.3809843063354492,0,CORE23254-USD
452,2024-04-14 10:00:00+00:00,1.3900476694107056,1.4053318500518799,1.3900476694107056,1.3967945575714111,1.3967945575714111,0,CORE23254-USD
453,2024-04-14 11:00:00+00:00,1.3949955701828003,1.3949955701828003,1.3501389026641846,1.3540928363800049,1.3540928363800049,80144,CORE23254-USD
454,2024-04-14 12:00:00+00:00,1.3882479667663574,1.400216817855835,1.3597475290298462,1.378461241722107,1.378461241722107,0,CORE23254-USD
455,2024-04-14 13:00:00+00:00,1.3699162006378174,1.4141411781311035,1.3511111736297607,1.3560044765472412,1.3560044765472412,0,CORE23254-USD
456,2024-04-14 14:00:00+00:00,1.34896719455719,1.3634580373764038,1.3377479314804077,1.3525701761245728,1.3525701761245728,112392,CORE23254-USD
457,2024-04-14 15:00:00+00:00,1.3583570718765259,1.3750392198562622,1.3526647090911865,1.3575446605682373,1.3575446605682373,1022008,CORE23254-USD
458,2024-04-14 16:00:00+00:00,1.3738669157028198,1.4946377277374268,1.3738669157028198,1.422243356704712,1.422243356704712,0,CORE23254-USD
459,2024-04-14 17:00:00+00:00,1.4158344268798828,1.4302458763122559,1.3432984352111816,1.3949236869812012,1.3949236869812012,46886464,CORE23254-USD
460,2024-04-14 18:00:00+00:00,1.395046353340149,1.4375423192977905,1.395046353340149,1.4251092672348022,1.4251092672348022,6201584,CORE23254-USD
461,2024-04-14 19:00:00+00:00,1.416378140449524,1.416378140449524,1.4062927961349487,1.4085209369659424,1.4085209369659424,0,CORE23254-USD
462,2024-04-14 20:00:00+00:00,1.414960503578186,1.4209247827529907,1.38408362865448,1.3857109546661377,1.3857109546661377,20611248,CORE23254-USD
463,2024-04-14 21:00:00+00:00,1.3851133584976196,1.3893176317214966,1.3807814121246338,1.3886805772781372,1.3886805772781372,0,CORE23254-USD
464,2024-04-14 22:00:00+00:00,1.415089726448059,1.5002508163452148,1.415089726448059,1.5002508163452148,1.5002508163452148,56316376,CORE23254-USD
465,2024-04-14 23:00:00+00:00,1.5007635354995728,1.5051331520080566,1.4837042093276978,1.4837042093276978,1.4837042093276978,1760688,CORE23254-USD
466,2024-04-15 00:00:00+00:00,1.46905517578125,1.4844225645065308,1.4598177671432495,1.4598177671432495,1.4598177671432495,2529104,CORE23254-USD
467,2024-04-15 01:00:00+00:00,1.4535754919052124,1.4772144556045532,1.4482290744781494,1.4772144556045532,1.4772144556045532,2282480,CORE23254-USD
468,2024-04-15 02:00:00+00:00,1.4713445901870728,1.4714934825897217,1.444943904876709,1.4509590864181519,1.4509590864181519,1483296,CORE23254-USD
469,2024-04-15 03:00:00+00:00,1.4595493078231812,1.470754861831665,1.4565184116363525,1.4589176177978516,1.4589176177978516,0,CORE23254-USD
470,2024-04-15 04:00:00+00:00,1.4625688791275024,1.4625688791275024,1.4451611042022705,1.4487197399139404,1.4487197399139404,0,CORE23254-USD
471,2024-04-15 05:00:00+00:00,1.4493976831436157,1.4977763891220093,1.4493976831436157,1.4977763891220093,1.4977763891220093,2057632,CORE23254-USD
472,2024-04-15 06:00:00+00:00,1.4960826635360718,1.645706057548523,1.4877219200134277,1.645706057548523,1.645706057548523,10933840,CORE23254-USD
473,2024-04-15 07:00:00+00:00,1.6320374011993408,1.7175182104110718,1.6067157983779907,1.7156555652618408,1.7156555652618408,27950992,CORE23254-USD
474,2024-04-15 08:00:00+00:00,1.7146186828613281,1.7949905395507812,1.6829383373260498,1.7682807445526123,1.7682807445526123,24275584,CORE23254-USD
475,2024-04-15 09:00:00+00:00,1.743458867073059,1.799651861190796,1.7405050992965698,1.7980085611343384,1.7980085611343384,12694960,CORE23254-USD
476,2024-04-15 10:00:00+00:00,1.8892310857772827,1.9369869232177734,1.8892310857772827,1.9369869232177734,1.9369869232177734,31755136,CORE23254-USD
477,2024-04-15 11:00:00+00:00,1.9544289112091064,1.9544289112091064,1.8905134201049805,1.8932135105133057,1.8932135105133057,11675936,CORE23254-USD
478,2024-04-15 12:00:00+00:00,1.8956067562103271,2.1810662746429443,1.8956067562103271,2.1810662746429443,2.1810662746429443,47704992,CORE23254-USD
479,2024-04-15 13:00:00+00:00,2.163653612136841,2.40067458152771,2.163653612136841,2.2879719734191895,2.2879719734191895,63375424,CORE23254-USD
480,2024-04-15 14:00:00+00:00,2.2880945205688477,2.2880945205688477,2.1602883338928223,2.1602883338928223,2.1602883338928223,30184608,CORE23254-USD
481,2024-04-15 15:00:00+00:00,2.1469566822052,2.4245073795318604,2.1469566822052,2.4245073795318604,2.4245073795318604,51348928,CORE23254-USD
482,2024-04-15 16:00:00+00:00,2.4125258922576904,2.4125258922576904,2.1411938667297363,2.1472551822662354,2.1472551822662354,14398048,CORE23254-USD
483,2024-04-15 17:00:00+00:00,2.163713216781616,2.286281108856201,2.163713216781616,2.2586870193481445,2.2586870193481445,23648096,CORE23254-USD
484,2024-04-15 18:00:00+00:00,2.2546212673187256,2.2768325805664062,2.178551197052002,2.178551197052002,2.178551197052002,1542464,CORE23254-USD
485,2024-04-15 19:00:00+00:00,2.1535189151763916,2.3784584999084473,2.1535189151763916,2.3752729892730713,2.3752729892730713,31144448,CORE23254-USD
486,2024-04-15 20:00:00+00:00,2.375011920928955,2.375011920928955,2.3233749866485596,2.3233749866485596,2.3233749866485596,3646592,CORE23254-USD
487,2024-04-15 21:00:00+00:00,2.3429970741271973,2.4369795322418213,2.302337408065796,2.4369795322418213,2.4369795322418213,16133440,CORE23254-USD
488,2024-04-15 22:00:00+00:00,2.422304391860962,2.5819644927978516,2.352414846420288,2.5819644927978516,2.5819644927978516,18514432,CORE23254-USD
489,2024-04-15 23:00:00+00:00,2.6535725593566895,2.774519920349121,2.6535725593566895,2.717846632003784,2.717846632003784,49040512,CORE23254-USD
490,2024-04-16 00:00:00+00:00,2.6858696937561035,2.691347599029541,2.491971254348755,2.5291574001312256,2.5291574001312256,10835968,CORE23254-USD
491,2024-04-16 01:00:00+00:00,2.5041403770446777,2.6342546939849854,2.5041403770446777,2.543689489364624,2.543689489364624,21481728,CORE23254-USD
492,2024-04-16 02:00:00+00:00,2.5300259590148926,2.5300259590148926,2.3295559883117676,2.370109796524048,2.370109796524048,6642496,CORE23254-USD
493,2024-04-16 03:00:00+00:00,2.392103672027588,2.392103672027588,2.3043477535247803,2.3043477535247803,2.3043477535247803,3343424,CORE23254-USD
494,2024-04-16 04:00:00+00:00,2.285727024078369,2.3740015029907227,2.285727024078369,2.3547167778015137,2.3547167778015137,21832640,CORE23254-USD
495,2024-04-16 05:00:00+00:00,2.3267340660095215,2.4013898372650146,2.3095035552978516,2.3728339672088623,2.3728339672088623,13326016,CORE23254-USD
496,2024-04-16 06:00:00+00:00,2.3932759761810303,2.41298508644104,2.318978786468506,2.3284902572631836,2.3284902572631836,0,CORE23254-USD
497,2024-04-16 07:00:00+00:00,2.1591110229492188,2.3147966861724854,2.156921863555908,2.3147966861724854,2.3147966861724854,4732928,CORE23254-USD
498,2024-04-16 08:00:00+00:00,2.327462911605835,2.341602087020874,2.2842800617218018,2.3128294944763184,2.3128294944763184,0,CORE23254-USD
499,2024-04-16 09:00:00+00:00,2.321449041366577,2.3298850059509277,2.2856016159057617,2.302574872970581,2.302574872970581,0,CORE23254-USD
500,2024-04-16 10:00:00+00:00,2.2904345989227295,2.303560733795166,2.2356483936309814,2.2547695636749268,2.2547695636749268,0,CORE23254-USD
501,2024-04-16 11:00:00+00:00,2.261244058609009,2.261582136154175,2.1836376190185547,2.2290964126586914,2.2290964126586914,0,CORE23254-USD
502,2024-04-16 12:00:00+00:00,2.2248659133911133,2.2248659133911133,2.11907696723938,2.1664679050445557,2.1664679050445557,0,CORE23254-USD
503,2024-04-16 13:00:00+00:00,2.1534934043884277,2.210549831390381,2.146744728088379,2.1614184379577637,2.1614184379577637,0,CORE23254-USD
504,2024-04-16 14:00:00+00:00,2.1692843437194824,2.2169137001037598,2.1692843437194824,2.190305709838867,2.190305709838867,0,CORE23254-USD
505,2024-04-16 15:00:00+00:00,2.196380615234375,2.1985840797424316,2.1447181701660156,2.1648268699645996,2.1648268699645996,0,CORE23254-USD
506,2024-04-16 16:00:00+00:00,2.2251386642456055,2.3799166679382324,2.2251386642456055,2.3799166679382324,2.3799166679382324,0,CORE23254-USD
507,2024-04-16 17:00:00+00:00,2.368317127227783,2.4117989540100098,2.2935376167297363,2.3119585514068604,2.3119585514068604,0,CORE23254-USD
508,2024-04-16 18:00:00+00:00,2.3045506477355957,2.3045506477355957,2.275665521621704,2.3027849197387695,2.3027849197387695,0,CORE23254-USD
509,2024-04-16 19:00:00+00:00,2.303253650665283,2.303253650665283,2.2598233222961426,2.2803478240966797,2.2803478240966797,0,CORE23254-USD
510,2024-04-16 20:00:00+00:00,2.285271644592285,2.318378448486328,2.2776260375976562,2.318378448486328,2.318378448486328,0,CORE23254-USD
511,2024-04-16 21:00:00+00:00,2.3277151584625244,2.384333848953247,2.3277151584625244,2.3691859245300293,2.3691859245300293,0,CORE23254-USD
512,2024-04-16 22:00:00+00:00,2.3536267280578613,2.375631332397461,2.3525898456573486,2.3676161766052246,2.3676161766052246,0,CORE23254-USD
513,2024-04-16 23:00:00+00:00,2.3615245819091797,2.369626522064209,2.334026336669922,2.334026336669922,2.334026336669922,0,CORE23254-USD
514,2024-04-17 00:00:00+00:00,2.308696985244751,2.345942258834839,2.286595344543457,2.3385794162750244,2.3385794162750244,0,CORE23254-USD
515,2024-04-17 01:00:00+00:00,2.344069719314575,2.510244131088257,2.3075032234191895,2.510244131088257,2.510244131088257,0,CORE23254-USD
516,2024-04-17 02:00:00+00:00,2.525524854660034,2.525524854660034,2.3838603496551514,2.421360731124878,2.421360731124878,0,CORE23254-USD
517,2024-04-17 03:00:00+00:00,2.421619176864624,2.4275288581848145,2.4028773307800293,2.408569812774658,2.408569812774658,0,CORE23254-USD
518,2024-04-17 04:00:00+00:00,2.423123359680176,2.4416158199310303,2.3980607986450195,2.4416158199310303,2.4416158199310303,0,CORE23254-USD
519,2024-04-17 05:00:00+00:00,2.435844898223877,2.4527347087860107,2.3886196613311768,2.39511775970459,2.39511775970459,0,CORE23254-USD
520,2024-04-17 06:00:00+00:00,2.390244245529175,2.4118683338165283,2.3334338665008545,2.3334338665008545,2.3334338665008545,0,CORE23254-USD
521,2024-04-17 07:00:00+00:00,2.3393094539642334,2.3393094539642334,2.3021621704101562,2.308840751647949,2.308840751647949,0,CORE23254-USD
522,2024-04-17 08:00:00+00:00,2.298389434814453,2.298389434814453,2.2762343883514404,2.2762343883514404,2.2762343883514404,0,CORE23254-USD
523,2024-04-17 09:00:00+00:00,2.281514883041382,2.3001461029052734,2.2595300674438477,2.2613015174865723,2.2613015174865723,0,CORE23254-USD
524,2024-04-17 10:00:00+00:00,2.2531332969665527,2.260753631591797,2.2213122844696045,2.2213122844696045,2.2213122844696045,0,CORE23254-USD
525,2024-04-17 11:00:00+00:00,2.233412981033325,2.236034393310547,2.200122594833374,2.200122594833374,2.200122594833374,0,CORE23254-USD
526,2024-04-17 12:00:00+00:00,2.2280187606811523,2.2661893367767334,2.2280187606811523,2.2383837699890137,2.2383837699890137,0,CORE23254-USD
527,2024-04-17 13:00:00+00:00,2.2356553077697754,2.2356553077697754,2.122305393218994,2.122305393218994,2.122305393218994,4829088,CORE23254-USD
528,2024-04-17 14:00:00+00:00,2.1384196281433105,2.209066390991211,2.1384196281433105,2.185673952102661,2.185673952102661,11008320,CORE23254-USD
529,2024-04-17 15:00:00+00:00,2.1667540073394775,2.228196144104004,2.129840135574341,2.228196144104004,2.228196144104004,6345440,CORE23254-USD
530,2024-04-17 16:00:00+00:00,2.182223081588745,2.2532241344451904,2.175544500350952,2.175544500350952,2.175544500350952,0,CORE23254-USD
531,2024-04-17 17:00:00+00:00,2.1709158420562744,2.2047109603881836,2.164104461669922,2.2018229961395264,2.2018229961395264,0,CORE23254-USD
532,2024-04-17 18:00:00+00:00,2.2131855487823486,2.2215137481689453,2.183830499649048,2.1954917907714844,2.1954917907714844,0,CORE23254-USD
533,2024-04-17 19:00:00+00:00,2.1941585540771484,2.1960506439208984,2.155766487121582,2.1644837856292725,2.1644837856292725,0,CORE23254-USD
534,2024-04-17 20:00:00+00:00,2.1637372970581055,2.1766932010650635,2.109229326248169,2.109229326248169,2.109229326248169,0,CORE23254-USD
535,2024-04-17 21:00:00+00:00,2.1068363189697266,2.1830990314483643,2.1068363189697266,2.165374755859375,2.165374755859375,1280656,CORE23254-USD
536,2024-04-17 22:00:00+00:00,2.1566009521484375,2.194279670715332,2.1566009521484375,2.179093360900879,2.179093360900879,0,CORE23254-USD
537,2024-04-17 23:00:00+00:00,2.1761767864227295,2.1817829608917236,2.1545958518981934,2.1655755043029785,2.1655755043029785,0,CORE23254-USD
538,2024-04-18 00:00:00+00:00,2.190631151199341,2.190631151199341,2.099426507949829,2.1533379554748535,2.1533379554748535,420080,CORE23254-USD
539,2024-04-18 01:00:00+00:00,2.161992311477661,2.2186176776885986,2.161992311477661,2.173445224761963,2.173445224761963,0,CORE23254-USD
540,2024-04-18 02:00:00+00:00,2.178910732269287,2.193085193634033,2.137857437133789,2.1416025161743164,2.1416025161743164,0,CORE23254-USD
541,2024-04-18 03:00:00+00:00,2.143575429916382,2.176102638244629,2.143575429916382,2.1547229290008545,2.1547229290008545,0,CORE23254-USD
542,2024-04-18 04:00:00+00:00,2.1533312797546387,2.1533312797546387,2.1134872436523438,2.11928391456604,2.11928391456604,0,CORE23254-USD
543,2024-04-18 05:00:00+00:00,2.1265385150909424,2.13228178024292,2.0650634765625,2.0650634765625,2.0650634765625,0,CORE23254-USD
544,2024-04-18 06:00:00+00:00,2.0713281631469727,2.0713281631469727,2.0157289505004883,2.024352788925171,2.024352788925171,74400,CORE23254-USD
545,2024-04-18 07:00:00+00:00,2.0137500762939453,2.0137500762939453,1.9668033123016357,1.9933860301971436,1.9933860301971436,1514480,CORE23254-USD
546,2024-04-18 08:00:00+00:00,1.9986157417297363,2.031348466873169,1.9716814756393433,2.0281710624694824,2.0281710624694824,2550352,CORE23254-USD
547,2024-04-18 09:00:00+00:00,2.0349860191345215,2.0505614280700684,2.0324058532714844,2.050558090209961,2.050558090209961,1307728,CORE23254-USD
548,2024-04-18 10:00:00+00:00,2.045660972595215,2.0610930919647217,2.037135124206543,2.0610930919647217,2.0610930919647217,0,CORE23254-USD
549,2024-04-18 11:00:00+00:00,2.0747885704040527,2.120828151702881,2.0588555335998535,2.0588555335998535,2.0588555335998535,4974752,CORE23254-USD
550,2024-04-18 12:00:00+00:00,2.069342851638794,2.069342851638794,2.01794171333313,2.01794171333313,2.01794171333313,0,CORE23254-USD
551,2024-04-18 13:00:00+00:00,2.0252764225006104,2.0283825397491455,2.002156972885132,2.0140984058380127,2.0140984058380127,0,CORE23254-USD
552,2024-04-18 14:00:00+00:00,2.007122278213501,2.0889718532562256,2.007122278213501,2.0696778297424316,2.0696778297424316,0,CORE23254-USD
553,2024-04-18 15:00:00+00:00,2.0879695415496826,2.120675563812256,2.0769243240356445,2.1083621978759766,2.1083621978759766,0,CORE23254-USD
554,2024-04-18 16:00:00+00:00,2.131608486175537,2.131608486175537,1.9852123260498047,1.9921605587005615,1.9921605587005615,0,CORE23254-USD
555,2024-04-18 17:00:00+00:00,2.012420892715454,2.017458438873291,1.980796217918396,1.980796217918396,1.980796217918396,0,CORE23254-USD
556,2024-04-18 18:00:00+00:00,1.986039400100708,1.9904472827911377,1.9706355333328247,1.987721562385559,1.987721562385559,0,CORE23254-USD
557,2024-04-18 19:00:00+00:00,1.9935345649719238,2.025203227996826,1.9935345649719238,2.025203227996826,2.025203227996826,0,CORE23254-USD
558,2024-04-18 20:00:00+00:00,2.024878740310669,2.0669264793395996,2.024878740310669,2.0669264793395996,2.0669264793395996,0,CORE23254-USD
559,2024-04-18 21:00:00+00:00,2.072237730026245,2.096987247467041,2.0694239139556885,2.087066888809204,2.087066888809204,0,CORE23254-USD
560,2024-04-18 22:00:00+00:00,2.0817058086395264,2.1120781898498535,2.0689706802368164,2.081228733062744,2.081228733062744,1895664,CORE23254-USD
561,2024-04-18 23:00:00+00:00,2.0776329040527344,2.0893213748931885,2.0599026679992676,2.0728280544281006,2.0728280544281006,430976,CORE23254-USD
562,2024-04-19 00:00:00+00:00,2.064229965209961,2.064229965209961,2.030663251876831,2.053715944290161,2.053715944290161,0,CORE23254-USD
563,2024-04-19 01:00:00+00:00,2.045731544494629,2.045731544494629,1.9564813375473022,1.9564813375473022,1.9564813375473022,0,CORE23254-USD
564,2024-04-19 02:00:00+00:00,1.9562764167785645,1.9562764167785645,1.8553211688995361,1.8924202919006348,1.8924202919006348,6349920,CORE23254-USD
565,2024-04-19 03:00:00+00:00,1.910536527633667,1.9266644716262817,1.9066972732543945,1.9161736965179443,1.9161736965179443,3471936,CORE23254-USD
566,2024-04-19 04:00:00+00:00,1.9242191314697266,1.949904203414917,1.9242191314697266,1.9439401626586914,1.9439401626586914,2285488,CORE23254-USD
567,2024-04-19 05:00:00+00:00,1.9407116174697876,1.9407116174697876,1.9108668565750122,1.9120436906814575,1.9120436906814575,0,CORE23254-USD
568,2024-04-19 06:00:00+00:00,1.9011094570159912,2.0056962966918945,1.8981682062149048,1.9962319135665894,1.9962319135665894,284576,CORE23254-USD
569,2024-04-19 07:00:00+00:00,1.9983785152435303,2.0016558170318604,1.9660379886627197,1.9728423357009888,1.9728423357009888,0,CORE23254-USD
570,2024-04-19 08:00:00+00:00,1.9668654203414917,1.9868172407150269,1.9578124284744263,1.9868172407150269,1.9868172407150269,0,CORE23254-USD
571,2024-04-19 09:00:00+00:00,1.9828163385391235,1.9828163385391235,1.962909460067749,1.9737759828567505,1.9737759828567505,0,CORE23254-USD
572,2024-04-19 10:00:00+00:00,1.9713915586471558,1.9713915586471558,1.9324548244476318,1.9552398920059204,1.9552398920059204,0,CORE23254-USD
573,2024-04-19 11:00:00+00:00,1.95466148853302,1.9595404863357544,1.9401957988739014,1.9477869272232056,1.9477869272232056,0,CORE23254-USD
574,2024-04-19 12:00:00+00:00,1.9431915283203125,1.9581694602966309,1.9395596981048584,1.944375991821289,1.944375991821289,0,CORE23254-USD
575,2024-04-19 13:00:00+00:00,1.9388753175735474,1.944163203239441,1.9194228649139404,1.935205101966858,1.935205101966858,0,CORE23254-USD
576,2024-04-19 14:00:00+00:00,1.941456913948059,1.9430932998657227,1.9101248979568481,1.936937689781189,1.936937689781189,0,CORE23254-USD
577,2024-04-19 15:00:00+00:00,1.9328948259353638,1.9669471979141235,1.9328948259353638,1.9633491039276123,1.9633491039276123,0,CORE23254-USD
578,2024-04-19 16:00:00+00:00,1.9661180973052979,1.9661180973052979,1.9096038341522217,1.945124626159668,1.945124626159668,0,CORE23254-USD
579,2024-04-19 17:00:00+00:00,1.9464606046676636,1.9554095268249512,1.936875820159912,1.952796220779419,1.952796220779419,0,CORE23254-USD
580,2024-04-19 18:00:00+00:00,1.951370358467102,1.951370358467102,1.9273779392242432,1.9372879266738892,1.9372879266738892,0,CORE23254-USD
581,2024-04-19 19:00:00+00:00,1.93778395652771,1.9542360305786133,1.935907006263733,1.9542360305786133,1.9542360305786133,0,CORE23254-USD
582,2024-04-19 20:00:00+00:00,1.9539775848388672,1.9539775848388672,1.9222288131713867,1.9283332824707031,1.9283332824707031,0,CORE23254-USD
583,2024-04-19 21:00:00+00:00,1.9346587657928467,2.082636594772339,1.9346587657928467,2.0229249000549316,2.0229249000549316,6336576,CORE23254-USD
584,2024-04-19 22:00:00+00:00,2.0047550201416016,2.0051467418670654,1.995282769203186,2.002645969390869,2.002645969390869,348144,CORE23254-USD
585,2024-04-19 23:00:00+00:00,1.958181381225586,2.0126051902770996,1.9553353786468506,2.0126051902770996,2.0126051902770996,3301312,CORE23254-USD
586,2024-04-20 00:00:00+00:00,2.0028674602508545,2.059155225753784,1.994532823562622,2.0092294216156006,2.0092294216156006,8415456,CORE23254-USD
587,2024-04-20 01:00:00+00:00,2.0058934688568115,2.0651211738586426,2.0058562755584717,2.046967029571533,2.046967029571533,2106864,CORE23254-USD
588,2024-04-20 02:00:00+00:00,2.052173376083374,2.067624807357788,2.0268473625183105,2.0268473625183105,2.0268473625183105,0,CORE23254-USD
589,2024-04-20 03:00:00+00:00,2.031282424926758,2.031282424926758,2.0157179832458496,2.0260586738586426,2.0260586738586426,0,CORE23254-USD
590,2024-04-20 04:00:00+00:00,2.0249288082122803,2.037377119064331,2.016275405883789,2.032719373703003,2.032719373703003,0,CORE23254-USD
591,2024-04-20 05:00:00+00:00,2.0279386043548584,2.0350658893585205,2.022587537765503,2.03033447265625,2.03033447265625,0,CORE23254-USD
592,2024-04-20 06:00:00+00:00,2.030277967453003,2.050398826599121,2.0202980041503906,2.050398826599121,2.050398826599121,0,CORE23254-USD
593,2024-04-20 07:00:00+00:00,2.0493216514587402,2.0493216514587402,2.031646966934204,2.039574384689331,2.039574384689331,0,CORE23254-USD
594,2024-04-20 08:00:00+00:00,2.051154136657715,2.091636896133423,2.02895188331604,2.035449504852295,2.035449504852295,586752,CORE23254-USD
595,2024-04-20 09:00:00+00:00,2.035137414932251,2.036914587020874,2.000964879989624,2.009796619415283,2.009796619415283,0,CORE23254-USD
596,2024-04-20 10:00:00+00:00,2.010329484939575,2.022641897201538,2.001338005065918,2.0078444480895996,2.0078444480895996,0,CORE23254-USD
597,2024-04-20 11:00:00+00:00,2.0086100101470947,2.021016836166382,2.0082905292510986,2.0082905292510986,2.0082905292510986,0,CORE23254-USD
598,2024-04-20 12:00:00+00:00,2.007843017578125,2.0348639488220215,2.007843017578125,2.0339903831481934,2.0339903831481934,0,CORE23254-USD
599,2024-04-20 13:00:00+00:00,2.031855821609497,2.0344159603118896,2.0236170291900635,2.0344159603118896,2.0344159603118896,0,CORE23254-USD
600,2024-04-20 14:00:00+00:00,2.039802312850952,2.049384117126465,2.034986734390259,2.0440261363983154,2.0440261363983154,0,CORE23254-USD
601,2024-04-20 15:00:00+00:00,2.0447168350219727,2.079617977142334,2.0416641235351562,2.079617977142334,2.079617977142334,222808,CORE23254-USD
602,2024-04-20 16:00:00+00:00,2.072265863418579,2.072265863418579,2.0466086864471436,2.0466086864471436,2.0466086864471436,0,CORE23254-USD
603,2024-04-20 17:00:00+00:00,2.0533652305603027,2.079651355743408,2.0533652305603027,2.0659871101379395,2.0659871101379395,691480,CORE23254-USD
604,2024-04-20 18:00:00+00:00,2.066281795501709,2.0756208896636963,2.0549983978271484,2.068784713745117,2.068784713745117,227552,CORE23254-USD
605,2024-04-20 19:00:00+00:00,2.0750844478607178,2.098322629928589,2.067960500717163,2.0949416160583496,2.0949416160583496,1714848,CORE23254-USD
606,2024-04-20 20:00:00+00:00,2.1013405323028564,2.2478840351104736,2.1013405323028564,2.2478840351104736,2.2478840351104736,5381136,CORE23254-USD
607,2024-04-20 21:00:00+00:00,2.2653467655181885,2.2653467655181885,2.1569106578826904,2.1711313724517822,2.1711313724517822,2672640,CORE23254-USD
608,2024-04-20 22:00:00+00:00,2.1668665409088135,2.180739402770996,2.15087628364563,2.15087628364563,2.15087628364563,0,CORE23254-USD
609,2024-04-20 23:00:00+00:00,2.151099443435669,2.1798410415649414,2.151099443435669,2.167398452758789,2.167398452758789,0,CORE23254-USD
610,2024-04-21 00:00:00+00:00,2.153365135192871,2.1588246822357178,2.1121768951416016,2.121453046798706,2.121453046798706,0,CORE23254-USD
611,2024-04-21 01:00:00+00:00,2.137565851211548,2.1462910175323486,2.1287500858306885,2.1374247074127197,2.1374247074127197,0,CORE23254-USD
612,2024-04-21 02:00:00+00:00,2.1455349922180176,2.166144609451294,2.1455349922180176,2.1610522270202637,2.1610522270202637,0,CORE23254-USD
613,2024-04-21 03:00:00+00:00,2.1676666736602783,2.1852846145629883,2.1510863304138184,2.1511847972869873,2.1511847972869873,112912,CORE23254-USD
614,2024-04-21 04:00:00+00:00,2.147202968597412,2.162449836730957,2.1375272274017334,2.162449836730957,2.162449836730957,850728,CORE23254-USD
615,2024-04-21 05:00:00+00:00,2.1584267616271973,2.1641948223114014,2.1452221870422363,2.1626031398773193,2.1626031398773193,0,CORE23254-USD
616,2024-04-21 06:00:00+00:00,2.1660399436950684,2.1703946590423584,2.15712308883667,2.165789842605591,2.165789842605591,0,CORE23254-USD
617,2024-04-21 07:00:00+00:00,2.166764497756958,2.2109827995300293,2.166764497756958,2.1923975944519043,2.1923975944519043,2991728,CORE23254-USD
618,2024-04-21 08:00:00+00:00,2.186025857925415,2.3477699756622314,2.186025857925415,2.306434154510498,2.306434154510498,10392232,CORE23254-USD
619,2024-04-21 09:00:00+00:00,2.332470655441284,2.464658737182617,2.332470655441284,2.464658737182617,2.464658737182617,20565624,CORE23254-USD
620,2024-04-21 10:00:00+00:00,2.431644916534424,2.431644916534424,2.3725738525390625,2.4045679569244385,2.4045679569244385,13922656,CORE23254-USD
621,2024-04-21 11:00:00+00:00,2.420924425125122,2.5276122093200684,2.420924425125122,2.514228105545044,2.514228105545044,16958000,CORE23254-USD
622,2024-04-21 12:00:00+00:00,2.4861598014831543,2.4861598014831543,2.4415977001190186,2.4415977001190186,2.4415977001190186,8350464,CORE23254-USD
623,2024-04-21 13:00:00+00:00,2.41046142578125,2.4857091903686523,2.41046142578125,2.455610513687134,2.455610513687134,8975376,CORE23254-USD
624,2024-04-21 14:00:00+00:00,2.4351613521575928,2.4670157432556152,2.4252309799194336,2.4346795082092285,2.4346795082092285,7384464,CORE23254-USD
625,2024-04-21 15:00:00+00:00,2.4524471759796143,2.5769052505493164,2.4310028553009033,2.5743610858917236,2.5743610858917236,12234608,CORE23254-USD
626,2024-04-21 16:00:00+00:00,2.504014730453491,2.504014730453491,2.3542490005493164,2.3574867248535156,2.3574867248535156,10941680,CORE23254-USD
627,2024-04-21 17:00:00+00:00,2.361107349395752,2.3779959678649902,2.35737681388855,2.3779959678649902,2.3779959678649902,3725392,CORE23254-USD
628,2024-04-21 18:00:00+00:00,2.3707268238067627,2.376152992248535,2.3635497093200684,2.371366024017334,2.371366024017334,0,CORE23254-USD
629,2024-04-21 19:00:00+00:00,2.3854196071624756,2.418159008026123,2.3854196071624756,2.4083282947540283,2.4083282947540283,2023440,CORE23254-USD
630,2024-04-21 20:00:00+00:00,2.4028172492980957,2.4622461795806885,2.4028172492980957,2.4622461795806885,2.4622461795806885,0,CORE23254-USD
631,2024-04-21 21:00:00+00:00,2.47118878364563,2.5208826065063477,2.47118878364563,2.479001998901367,2.479001998901367,0,CORE23254-USD
632,2024-04-21 22:00:00+00:00,2.4710168838500977,2.4965951442718506,2.4710168838500977,2.479412078857422,2.479412078857422,677056,CORE23254-USD
633,2024-04-21 23:00:00+00:00,2.477813243865967,2.4897210597991943,2.470690965652466,2.474043369293213,2.474043369293213,0,CORE23254-USD
634,2024-04-22 00:00:00+00:00,2.470730781555176,2.513955593109131,2.4529056549072266,2.4816064834594727,2.4816064834594727,1810160,CORE23254-USD
635,2024-04-22 01:00:00+00:00,2.4648282527923584,2.4795632362365723,2.3960835933685303,2.396911144256592,2.396911144256592,3636032,CORE23254-USD
636,2024-04-22 02:00:00+00:00,2.4072861671447754,2.446908950805664,2.3981106281280518,2.446908950805664,2.446908950805664,3653152,CORE23254-USD
637,2024-04-22 03:00:00+00:00,2.440350294113159,2.4607279300689697,2.4219517707824707,2.4607279300689697,2.4607279300689697,419792,CORE23254-USD
638,2024-04-22 04:00:00+00:00,2.4424920082092285,2.4690639972686768,2.437377452850342,2.437377452850342,2.437377452850342,788464,CORE23254-USD
639,2024-04-22 05:00:00+00:00,2.427828550338745,2.446704626083374,2.422532558441162,2.4426610469818115,2.4426610469818115,1360848,CORE23254-USD
640,2024-04-22 06:00:00+00:00,2.4316015243530273,2.4470489025115967,2.4316015243530273,2.439694881439209,2.439694881439209,2261840,CORE23254-USD
641,2024-04-22 07:00:00+00:00,2.4321656227111816,2.4333863258361816,2.40891695022583,2.416086435317993,2.416086435317993,0,CORE23254-USD
642,2024-04-22 08:00:00+00:00,2.4197158813476562,2.4366466999053955,2.4104771614074707,2.4104771614074707,2.4104771614074707,0,CORE23254-USD
643,2024-04-22 09:00:00+00:00,2.424379825592041,2.4347496032714844,2.4233531951904297,2.4248557090759277,2.4248557090759277,0,CORE23254-USD
644,2024-04-22 10:00:00+00:00,2.4234066009521484,2.46637225151062,2.4220845699310303,2.446476459503174,2.446476459503174,0,CORE23254-USD
645,2024-04-22 11:00:00+00:00,2.4490602016448975,2.6164040565490723,2.4490602016448975,2.6013882160186768,2.6013882160186768,5815120,CORE23254-USD
646,2024-04-22 12:00:00+00:00,2.5763325691223145,2.5850226879119873,2.5090253353118896,2.5602166652679443,2.5602166652679443,846432,CORE23254-USD
647,2024-04-22 13:00:00+00:00,2.570028305053711,2.6215882301330566,2.5442800521850586,2.611254930496216,2.611254930496216,3165232,CORE23254-USD
648,2024-04-22 14:00:00+00:00,2.6238415241241455,2.6238415241241455,2.5724287033081055,2.581735610961914,2.581735610961914,0,CORE23254-USD
649,2024-04-22 15:00:00+00:00,2.5814626216888428,2.618000030517578,2.547544002532959,2.614824056625366,2.614824056625366,0,CORE23254-USD
650,2024-04-22 16:00:00+00:00,2.5570969581604004,2.6746833324432373,2.5470244884490967,2.645515203475952,2.645515203475952,0,CORE23254-USD
651,2024-04-22 17:00:00+00:00,2.6367950439453125,2.658400535583496,2.6097476482391357,2.6138429641723633,2.6138429641723633,775856,CORE23254-USD
652,2024-04-22 18:00:00+00:00,2.5957818031311035,2.6473710536956787,2.5957818031311035,2.6473710536956787,2.6473710536956787,4441584,CORE23254-USD
653,2024-04-22 19:00:00+00:00,2.641079902648926,2.6451826095581055,2.62015700340271,2.6392788887023926,2.6392788887023926,0,CORE23254-USD
654,2024-04-22 20:00:00+00:00,2.645066261291504,2.6844730377197266,2.6415822505950928,2.6844730377197266,2.6844730377197266,632000,CORE23254-USD
655,2024-04-22 21:00:00+00:00,2.686753034591675,2.833315849304199,2.686753034591675,2.8023738861083984,2.8023738861083984,12729696,CORE23254-USD
656,2024-04-22 22:00:00+00:00,2.7834627628326416,2.7834627628326416,2.7373225688934326,2.7569775581359863,2.7569775581359863,4128304,CORE23254-USD
657,2024-04-22 23:00:00+00:00,2.7540154457092285,2.757497787475586,2.733989953994751,2.7499382495880127,2.7499382495880127,1704432,CORE23254-USD
658,2024-04-23 00:00:00+00:00,2.7405269145965576,2.7516963481903076,2.703958034515381,2.7055535316467285,2.7055535316467285,0,CORE23254-USD
659,2024-04-23 01:00:00+00:00,2.704393148422241,2.7080392837524414,2.6650390625,2.687885284423828,2.687885284423828,0,CORE23254-USD
660,2024-04-23 02:00:00+00:00,2.6702370643615723,2.6871871948242188,2.6662774085998535,2.675908327102661,2.675908327102661,0,CORE23254-USD
661,2024-04-23 03:00:00+00:00,2.6831467151641846,2.6831467151641846,2.5865750312805176,2.5865750312805176,2.5865750312805176,946160,CORE23254-USD
662,2024-04-23 04:00:00+00:00,2.599327802658081,2.599327802658081,2.5291290283203125,2.5304086208343506,2.5304086208343506,3153728,CORE23254-USD
663,2024-04-23 05:00:00+00:00,2.536677360534668,2.6223392486572266,2.536677360534668,2.6189839839935303,2.6189839839935303,9036288,CORE23254-USD
664,2024-04-23 06:00:00+00:00,2.6062064170837402,2.6062064170837402,2.5765230655670166,2.5850725173950195,2.5850725173950195,651328,CORE23254-USD
665,2024-04-23 07:00:00+00:00,2.5976741313934326,2.5976741313934326,2.569481372833252,2.5773978233337402,2.5773978233337402,281952,CORE23254-USD
666,2024-04-23 08:00:00+00:00,2.576275587081909,2.6015918254852295,2.558091163635254,2.6015918254852295,2.6015918254852295,1154944,CORE23254-USD
667,2024-04-23 09:00:00+00:00,2.6261065006256104,2.6261065006256104,2.5904064178466797,2.592259168624878,2.592259168624878,2639952,CORE23254-USD
668,2024-04-23 10:00:00+00:00,2.602382183074951,2.628530263900757,2.602382183074951,2.615800380706787,2.615800380706787,1360848,CORE23254-USD
669,2024-04-23 11:00:00+00:00,2.614027738571167,2.6156113147735596,2.5942366123199463,2.6156113147735596,2.6156113147735596,0,CORE23254-USD
670,2024-04-23 12:00:00+00:00,2.618184804916382,2.6285641193389893,2.593036413192749,2.6136562824249268,2.6136562824249268,0,CORE23254-USD
671,2024-04-23 13:00:00+00:00,2.628293991088867,2.6559031009674072,2.614020586013794,2.620227336883545,2.620227336883545,0,CORE23254-USD
672,2024-04-23 14:00:00+00:00,2.616626262664795,2.644695281982422,2.6155803203582764,2.6245663166046143,2.6245663166046143,0,CORE23254-USD
673,2024-04-23 15:00:00+00:00,2.6422860622406006,2.6677699089050293,2.621091604232788,2.621091604232788,2.621091604232788,0,CORE23254-USD
674,2024-04-23 16:00:00+00:00,2.521749496459961,2.523782730102539,2.4868500232696533,2.493403673171997,2.493403673171997,0,CORE23254-USD
675,2024-04-23 17:00:00+00:00,2.4888010025024414,2.521029472351074,2.4888010025024414,2.5123794078826904,2.5123794078826904,0,CORE23254-USD
676,2024-04-23 18:00:00+00:00,2.512096881866455,2.5188934803009033,2.50319766998291,2.5169801712036133,2.5169801712036133,0,CORE23254-USD
677,2024-04-23 19:00:00+00:00,2.516714334487915,2.516714334487915,2.500227212905884,2.5112082958221436,2.5112082958221436,0,CORE23254-USD
678,2024-04-23 20:00:00+00:00,2.5189671516418457,2.5266289710998535,2.4946062564849854,2.5232489109039307,2.5232489109039307,0,CORE23254-USD
679,2024-04-23 21:00:00+00:00,2.5176756381988525,2.518162488937378,2.50093674659729,2.518162488937378,2.518162488937378,0,CORE23254-USD
680,2024-04-23 22:00:00+00:00,2.5153489112854004,2.5256831645965576,2.5008206367492676,2.5008206367492676,2.5008206367492676,0,CORE23254-USD
681,2024-04-23 23:00:00+00:00,2.497382879257202,2.51002836227417,2.4936933517456055,2.503693103790283,2.503693103790283,0,CORE23254-USD
682,2024-04-24 00:00:00+00:00,2.502805709838867,2.571915626525879,2.502805709838867,2.561164617538452,2.561164617538452,1227168,CORE23254-USD
683,2024-04-24 01:00:00+00:00,2.5652401447296143,2.5804319381713867,2.539966344833374,2.5569863319396973,2.5569863319396973,0,CORE23254-USD
684,2024-04-24 02:00:00+00:00,2.564941167831421,2.5706067085266113,2.5399045944213867,2.5706067085266113,2.5706067085266113,190016,CORE23254-USD
685,2024-04-24 03:00:00+00:00,2.5693955421447754,2.5757791996002197,2.5526888370513916,2.5563414096832275,2.5563414096832275,0,CORE23254-USD
686,2024-04-24 04:00:00+00:00,2.5569589138031006,2.5686771869659424,2.538902521133423,2.560403823852539,2.560403823852539,0,CORE23254-USD
687,2024-04-24 05:00:00+00:00,2.5667333602905273,2.5667333602905273,2.5185585021972656,2.5185585021972656,2.5185585021972656,0,CORE23254-USD
688,2024-04-24 06:00:00+00:00,2.5185940265655518,2.5397326946258545,2.516655683517456,2.533237934112549,2.533237934112549,0,CORE23254-USD
689,2024-04-24 07:00:00+00:00,2.5310611724853516,2.5459022521972656,2.522810220718384,2.527324676513672,2.527324676513672,0,CORE23254-USD
690,2024-04-24 08:00:00+00:00,2.527381420135498,2.527381420135498,2.51235032081604,2.521688461303711,2.521688461303711,0,CORE23254-USD
691,2024-04-24 09:00:00+00:00,2.516422986984253,2.5425519943237305,2.5146396160125732,2.5425519943237305,2.5425519943237305,0,CORE23254-USD
692,2024-04-24 10:00:00+00:00,2.542374849319458,2.542374849319458,2.5259463787078857,2.5303852558135986,2.5303852558135986,0,CORE23254-USD
693,2024-04-24 11:00:00+00:00,2.530501365661621,2.5401599407196045,2.5217998027801514,2.5315604209899902,2.5315604209899902,0,CORE23254-USD
694,2024-04-24 12:00:00+00:00,2.5257153511047363,2.529147148132324,2.510643720626831,2.510643720626831,2.510643720626831,0,CORE23254-USD
695,2024-04-24 13:00:00+00:00,2.4899020195007324,2.4899020195007324,2.4389748573303223,2.447438955307007,2.447438955307007,0,CORE23254-USD
696,2024-04-24 14:00:00+00:00,2.46026611328125,2.462221622467041,2.3914966583251953,2.4066250324249268,2.4066250324249268,3979632,CORE23254-USD
697,2024-04-24 15:00:00+00:00,2.4009220600128174,2.4009220600128174,2.3731298446655273,2.380089044570923,2.380089044570923,0,CORE23254-USD
698,2024-04-24 16:00:00+00:00,2.4259274005889893,2.5121617317199707,2.4173943996429443,2.457368850708008,2.457368850708008,0,CORE23254-USD
699,2024-04-24 17:00:00+00:00,2.4797732830047607,2.502028465270996,2.4797732830047607,2.495248794555664,2.495248794555664,1741392,CORE23254-USD
700,2024-04-24 18:00:00+00:00,2.4901363849639893,2.50956130027771,2.4730753898620605,2.4730753898620605,2.4730753898620605,600624,CORE23254-USD
701,2024-04-24 19:00:00+00:00,2.4620656967163086,2.508230686187744,2.4620656967163086,2.485455274581909,2.485455274581909,1529952,CORE23254-USD
702,2024-04-24 20:00:00+00:00,2.4959444999694824,2.5030384063720703,2.462010622024536,2.4633028507232666,2.4633028507232666,36528,CORE23254-USD
703,2024-04-24 21:00:00+00:00,2.45638370513916,2.4932401180267334,2.4379265308380127,2.4701387882232666,2.4701387882232666,997040,CORE23254-USD
704,2024-04-24 22:00:00+00:00,2.4746782779693604,2.4746782779693604,2.4149086475372314,2.423117160797119,2.423117160797119,1677792,CORE23254-USD
705,2024-04-24 23:00:00+00:00,2.4160819053649902,2.423051357269287,2.384866714477539,2.4196388721466064,2.4196388721466064,3040336,CORE23254-USD
706,2024-04-25 00:00:00+00:00,2.4327216148376465,2.453558921813965,2.427081823348999,2.4534382820129395,2.4534382820129395,0,CORE23254-USD
707,2024-04-25 01:00:00+00:00,2.4430203437805176,2.4430203437805176,2.3640999794006348,2.3712620735168457,2.3712620735168457,238464,CORE23254-USD
708,2024-04-25 02:00:00+00:00,2.3662946224212646,2.378565549850464,2.353405714035034,2.3637561798095703,2.3637561798095703,338640,CORE23254-USD
709,2024-04-25 03:00:00+00:00,2.3700270652770996,2.370734691619873,2.323922872543335,2.342703104019165,2.342703104019165,1177248,CORE23254-USD
710,2024-04-25 04:00:00+00:00,2.349209785461426,2.349209785461426,2.3022568225860596,2.324995279312134,2.324995279312134,3009072,CORE23254-USD
711,2024-04-25 05:00:00+00:00,2.3243770599365234,2.348543882369995,2.314173698425293,2.338207244873047,2.338207244873047,1022208,CORE23254-USD
712,2024-04-25 06:00:00+00:00,2.337528944015503,2.3445076942443848,2.318080425262451,2.3226664066314697,2.3226664066314697,0,CORE23254-USD
713,2024-04-25 07:00:00+00:00,2.327134609222412,2.3279237747192383,2.2936058044433594,2.2936058044433594,2.2936058044433594,0,CORE23254-USD
714,2024-04-25 08:00:00+00:00,2.3002681732177734,2.3393306732177734,2.2909128665924072,2.3393306732177734,2.3393306732177734,1994016,CORE23254-USD
715,2024-04-25 09:00:00+00:00,2.335695266723633,2.337017297744751,2.317654609680176,2.3194079399108887,2.3194079399108887,0,CORE23254-USD
716,2024-04-25 10:00:00+00:00,2.3107216358184814,2.3107216358184814,2.291058301925659,2.299650192260742,2.299650192260742,715776,CORE23254-USD
717,2024-04-25 11:00:00+00:00,2.313707113265991,2.3255276679992676,2.313707113265991,2.317929983139038,2.317929983139038,1931552,CORE23254-USD
718,2024-04-25 12:00:00+00:00,2.3017141819000244,2.3301234245300293,2.292221784591675,2.3055338859558105,2.3055338859558105,0,CORE23254-USD
719,2024-04-25 13:00:00+00:00,2.2995312213897705,2.3179268836975098,2.289271831512451,2.3014016151428223,2.3014016151428223,0,CORE23254-USD
720,2024-04-25 14:00:00+00:00,2.2969417572021484,2.3323793411254883,2.2969417572021484,2.3122856616973877,2.3122856616973877,0,CORE23254-USD
721,2024-04-25 15:00:00+00:00,2.319758176803589,2.3837716579437256,2.319758176803589,2.3837716579437256,2.3837716579437256,0,CORE23254-USD
722,2024-04-25 16:00:00+00:00,2.3683159351348877,2.3683159351348877,2.338036060333252,2.3614745140075684,2.3614745140075684,0,CORE23254-USD
723,2024-04-25 17:00:00+00:00,2.3714711666107178,2.3714711666107178,2.3470723628997803,2.354546070098877,2.354546070098877,0,CORE23254-USD
724,2024-04-25 18:00:00+00:00,2.3456366062164307,2.352179527282715,2.313194990158081,2.331712007522583,2.331712007522583,0,CORE23254-USD
725,2024-04-25 19:00:00+00:00,2.332552671432495,2.332552671432495,2.309479236602783,2.309479236602783,2.309479236602783,0,CORE23254-USD
726,2024-04-25 20:00:00+00:00,2.31298565864563,2.352971315383911,2.31298565864563,2.352942943572998,2.352942943572998,0,CORE23254-USD
727,2024-04-25 21:00:00+00:00,2.3535733222961426,2.3760414123535156,2.3535733222961426,2.3562917709350586,2.3562917709350586,0,CORE23254-USD
728,2024-04-25 22:00:00+00:00,2.3535470962524414,2.369161367416382,2.3266842365264893,2.3266842365264893,2.3266842365264893,0,CORE23254-USD
729,2024-04-25 23:00:00+00:00,2.335843563079834,2.33622145652771,2.322920083999634,2.322920083999634,2.322920083999634,0,CORE23254-USD
730,2024-04-26 00:00:00+00:00,2.3259382247924805,2.3320839405059814,2.2543179988861084,2.2543179988861084,2.2543179988861084,104200,CORE23254-USD
731,2024-04-26 01:00:00+00:00,2.2555994987487793,2.265885829925537,2.2368946075439453,2.2585599422454834,2.2585599422454834,0,CORE23254-USD
732,2024-04-26 02:00:00+00:00,2.2670679092407227,2.294149875640869,2.260265827178955,2.2822811603546143,2.2822811603546143,0,CORE23254-USD
733,2024-04-26 03:00:00+00:00,2.274388551712036,2.2886040210723877,2.264946937561035,2.2676749229431152,2.2676749229431152,0,CORE23254-USD
734,2024-04-26 04:00:00+00:00,2.272361993789673,2.2908034324645996,2.26425838470459,2.288022518157959,2.288022518157959,0,CORE23254-USD
735,2024-04-26 05:00:00+00:00,2.287379026412964,2.323596477508545,2.287379026412964,2.323596477508545,2.323596477508545,0,CORE23254-USD
736,2024-04-26 06:00:00+00:00,2.320610761642456,2.320610761642456,2.286045789718628,2.286045789718628,2.286045789718628,0,CORE23254-USD
737,2024-04-26 07:00:00+00:00,2.2833669185638428,2.3186450004577637,2.278573989868164,2.314876079559326,2.314876079559326,1616840,CORE23254-USD
738,2024-04-26 08:00:00+00:00,2.315502882003784,2.335484266281128,2.3043911457061768,2.315021514892578,2.315021514892578,0,CORE23254-USD
739,2024-04-26 09:00:00+00:00,2.319082736968994,2.3251631259918213,2.304377317428589,2.310863733291626,2.310863733291626,0,CORE23254-USD
740,2024-04-26 10:00:00+00:00,2.309856653213501,2.309856653213501,2.2846808433532715,2.2923221588134766,2.2923221588134766,0,CORE23254-USD
741,2024-04-26 11:00:00+00:00,2.30352783203125,2.310816764831543,2.292890787124634,2.3004536628723145,2.3004536628723145,0,CORE23254-USD
742,2024-04-26 12:00:00+00:00,2.295318603515625,2.3023204803466797,2.2624149322509766,2.2624149322509766,2.2624149322509766,0,CORE23254-USD
743,2024-04-26 13:00:00+00:00,2.265394687652588,2.274527072906494,2.242147207260132,2.274527072906494,2.274527072906494,63240,CORE23254-USD
744,2024-04-26 14:00:00+00:00,2.2777044773101807,2.286410331726074,2.238372325897217,2.238560914993286,2.238560914993286,0,CORE23254-USD
745,2024-04-26 15:00:00+00:00,2.2363438606262207,2.2363438606262207,2.211951971054077,2.2264344692230225,2.2264344692230225,0,CORE23254-USD
746,2024-04-26 16:00:00+00:00,2.2465426921844482,2.2872073650360107,2.2397541999816895,2.276979923248291,2.276979923248291,1064368,CORE23254-USD
747,2024-04-26 17:00:00+00:00,2.273078680038452,2.2910587787628174,2.273078680038452,2.2910587787628174,2.2910587787628174,0,CORE23254-USD
748,2024-04-26 18:00:00+00:00,2.2918787002563477,2.3062264919281006,2.2815303802490234,2.3062264919281006,2.3062264919281006,0,CORE23254-USD
749,2024-04-26 19:00:00+00:00,2.315067768096924,2.3728556632995605,2.315067768096924,2.336451530456543,2.336451530456543,4769664,CORE23254-USD
750,2024-04-26 20:00:00+00:00,2.3368165493011475,2.3433468341827393,2.323742628097534,2.3395984172821045,2.3395984172821045,671136,CORE23254-USD
751,2024-04-26 21:00:00+00:00,2.329312562942505,2.329312562942505,2.3017098903656006,2.3153579235076904,2.3153579235076904,0,CORE23254-USD
752,2024-04-26 22:00:00+00:00,2.3131511211395264,2.3131511211395264,2.275240659713745,2.2830820083618164,2.2830820083618164,0,CORE23254-USD
753,2024-04-26 23:00:00+00:00,2.2878410816192627,2.2878918647766113,2.269477128982544,2.2722110748291016,2.2722110748291016,0,CORE23254-USD
754,2024-04-27 00:00:00+00:00,2.2764945030212402,2.2843236923217773,2.2430009841918945,2.2502248287200928,2.2502248287200928,0,CORE23254-USD
755,2024-04-27 01:00:00+00:00,2.239799976348877,2.239799976348877,2.1549315452575684,2.1761624813079834,2.1761624813079834,1151208,CORE23254-USD
756,2024-04-27 02:00:00+00:00,2.187326192855835,2.190222978591919,2.164527654647827,2.1774027347564697,2.1774027347564697,1121048,CORE23254-USD
757,2024-04-27 03:00:00+00:00,2.1816980838775635,2.2188379764556885,2.1816980838775635,2.215822696685791,2.215822696685791,1040448,CORE23254-USD
758,2024-04-27 04:00:00+00:00,2.224395990371704,2.2661798000335693,2.2214879989624023,2.256561279296875,2.256561279296875,1817144,CORE23254-USD
759,2024-04-27 05:00:00+00:00,2.262669324874878,2.2692322731018066,2.2409708499908447,2.2484323978424072,2.2484323978424072,517336,CORE23254-USD
760,2024-04-27 06:00:00+00:00,2.243778705596924,2.2497496604919434,2.2227134704589844,2.2414329051971436,2.2414329051971436,0,CORE23254-USD
761,2024-04-27 07:00:00+00:00,2.2503106594085693,2.2515869140625,2.227302312850952,2.227302312850952,2.227302312850952,0,CORE23254-USD
762,2024-04-27 08:00:00+00:00,2.225045919418335,2.2330002784729004,2.2187154293060303,2.2251102924346924,2.2251102924346924,0,CORE23254-USD
763,2024-04-27 09:00:00+00:00,2.230135679244995,2.2440481185913086,2.2229220867156982,2.239243268966675,2.239243268966675,0,CORE23254-USD
764,2024-04-27 10:00:00+00:00,2.2344136238098145,2.2405946254730225,2.2087132930755615,2.2141826152801514,2.2141826152801514,0,CORE23254-USD
765,2024-04-27 11:00:00+00:00,2.205554246902466,2.2154319286346436,2.198460578918457,2.206641912460327,2.206641912460327,753336,CORE23254-USD
766,2024-04-27 12:00:00+00:00,2.2082931995391846,2.2306337356567383,2.2082931995391846,2.214695453643799,2.214695453643799,0,CORE23254-USD
767,2024-04-27 13:00:00+00:00,2.2140285968780518,2.241616725921631,2.2140285968780518,2.236243724822998,2.236243724822998,0,CORE23254-USD
768,2024-04-27 14:00:00+00:00,2.233306407928467,2.2505595684051514,2.233306407928467,2.234241247177124,2.234241247177124,0,CORE23254-USD
769,2024-04-27 15:00:00+00:00,2.2338991165161133,2.2444167137145996,2.215996742248535,2.238020181655884,2.238020181655884,0,CORE23254-USD
770,2024-04-27 16:00:00+00:00,2.2232420444488525,2.2383012771606445,2.220477342605591,2.232119083404541,2.232119083404541,0,CORE23254-USD
771,2024-04-27 17:00:00+00:00,2.231196641921997,2.300471544265747,2.2285823822021484,2.2842087745666504,2.2842087745666504,1885544,CORE23254-USD
772,2024-04-27 18:00:00+00:00,2.2927606105804443,2.2927606105804443,2.2499897480010986,2.263829231262207,2.263829231262207,1015480,CORE23254-USD
773,2024-04-27 19:00:00+00:00,2.2583272457122803,2.270637273788452,2.249901294708252,2.270637273788452,2.270637273788452,0,CORE23254-USD
774,2024-04-27 20:00:00+00:00,2.273977756500244,2.273977756500244,2.241002321243286,2.245568037033081,2.245568037033081,0,CORE23254-USD
775,2024-04-27 21:00:00+00:00,2.246757745742798,2.246757745742798,2.232546091079712,2.23772931098938,2.23772931098938,0,CORE23254-USD
776,2024-04-27 22:00:00+00:00,2.2389848232269287,2.240443468093872,2.2328317165374756,2.2383408546447754,2.2383408546447754,0,CORE23254-USD
777,2024-04-27 23:00:00+00:00,2.2414534091949463,2.2581734657287598,2.2414534091949463,2.2531580924987793,2.2531580924987793,0,CORE23254-USD
778,2024-04-28 00:00:00+00:00,2.2463107109069824,2.2640037536621094,2.2408998012542725,2.2640037536621094,2.2640037536621094,0,CORE23254-USD
779,2024-04-28 01:00:00+00:00,2.2755115032196045,2.2964553833007812,2.275315999984741,2.2964553833007812,2.2964553833007812,0,CORE23254-USD
780,2024-04-28 02:00:00+00:00,2.2948617935180664,2.310744524002075,2.281454086303711,2.310744524002075,2.310744524002075,0,CORE23254-USD
781,2024-04-28 03:00:00+00:00,2.3125979900360107,2.319471597671509,2.2942147254943848,2.2942147254943848,2.2942147254943848,78632,CORE23254-USD
782,2024-04-28 04:00:00+00:00,2.289961338043213,2.2963173389434814,2.2859373092651367,2.29547119140625,2.29547119140625,0,CORE23254-USD
783,2024-04-28 05:00:00+00:00,2.296438217163086,2.351113796234131,2.296438217163086,2.3329169750213623,2.3329169750213623,2659920,CORE23254-USD
784,2024-04-28 06:00:00+00:00,2.336177349090576,2.354769468307495,2.336177349090576,2.352182388305664,2.352182388305664,1861896,CORE23254-USD
785,2024-04-28 07:00:00+00:00,2.3524906635284424,2.353464126586914,2.3220670223236084,2.3220670223236084,2.3220670223236084,1352016,CORE23254-USD
786,2024-04-28 08:00:00+00:00,2.325901508331299,2.3290517330169678,2.301429271697998,2.301429271697998,2.301429271697998,623552,CORE23254-USD
787,2024-04-28 09:00:00+00:00,2.3057515621185303,2.3079235553741455,2.2759897708892822,2.2759897708892822,2.2759897708892822,993544,CORE23254-USD
788,2024-04-28 10:00:00+00:00,2.2813103199005127,2.282996654510498,2.2645137310028076,2.2725775241851807,2.2725775241851807,403480,CORE23254-USD
789,2024-04-28 11:00:00+00:00,2.2788267135620117,2.2788925170898438,2.247541904449463,2.2590389251708984,2.2590389251708984,0,CORE23254-USD
790,2024-04-28 12:00:00+00:00,2.2597568035125732,2.2686614990234375,2.254138708114624,2.2641196250915527,2.2641196250915527,812704,CORE23254-USD
791,2024-04-28 13:00:00+00:00,2.2640268802642822,2.2847297191619873,2.2640268802642822,2.2760205268859863,2.2760205268859863,805240,CORE23254-USD
792,2024-04-28 14:00:00+00:00,2.2751481533050537,2.2751481533050537,2.2653048038482666,2.2740073204040527,2.2740073204040527,0,CORE23254-USD
793,2024-04-28 15:00:00+00:00,2.278259038925171,2.278259038925171,2.2588205337524414,2.266299247741699,2.266299247741699,0,CORE23254-USD
794,2024-04-28 16:00:00+00:00,2.2684197425842285,2.2899537086486816,2.2684197425842285,2.2779159545898438,2.2779159545898438,57504,CORE23254-USD
795,2024-04-28 17:00:00+00:00,2.275404214859009,2.275404214859009,2.2680466175079346,2.272590160369873,2.272590160369873,0,CORE23254-USD
796,2024-04-28 18:00:00+00:00,2.271116018295288,2.2747974395751953,2.2526025772094727,2.2742793560028076,2.2742793560028076,0,CORE23254-USD
797,2024-04-28 19:00:00+00:00,2.271761417388916,2.271761417388916,2.2423465251922607,2.2443928718566895,2.2443928718566895,140584,CORE23254-USD
798,2024-04-28 20:00:00+00:00,2.243804693222046,2.244539737701416,2.2363386154174805,2.244539737701416,2.244539737701416,0,CORE23254-USD
799,2024-04-28 21:00:00+00:00,2.2457964420318604,2.2487924098968506,2.2267861366271973,2.2267861366271973,2.2267861366271973,0,CORE23254-USD
800,2024-04-28 22:00:00+00:00,2.2294116020202637,2.2294116020202637,2.1887359619140625,2.1917474269866943,2.1917474269866943,1821400,CORE23254-USD
801,2024-04-28 23:00:00+00:00,2.186886787414551,2.186886787414551,2.1627261638641357,2.1666007041931152,2.1666007041931152,1901520,CORE23254-USD
802,2024-04-29 00:00:00+00:00,2.1530449390411377,2.1640186309814453,2.1530449390411377,2.1599674224853516,2.1599674224853516,680896,CORE23254-USD
803,2024-04-29 01:00:00+00:00,2.1589725017547607,2.17574405670166,2.141023635864258,2.17574405670166,2.17574405670166,0,CORE23254-USD
804,2024-04-29 02:00:00+00:00,2.1836178302764893,2.1836178302764893,2.137165069580078,2.13843035697937,2.13843035697937,403568,CORE23254-USD
805,2024-04-29 03:00:00+00:00,2.133995532989502,2.133995532989502,2.115950345993042,2.1179683208465576,2.1179683208465576,1091424,CORE23254-USD
806,2024-04-29 04:00:00+00:00,2.1249051094055176,2.137446880340576,2.1249051094055176,2.12821626663208,2.12821626663208,650440,CORE23254-USD
807,2024-04-29 05:00:00+00:00,2.123791456222534,2.1246776580810547,2.114428758621216,2.1199347972869873,2.1199347972869873,0,CORE23254-USD
808,2024-04-29 06:00:00+00:00,2.113023281097412,2.117419719696045,2.0684092044830322,2.074604034423828,2.074604034423828,0,CORE23254-USD
809,2024-04-29 07:00:00+00:00,2.0711939334869385,2.0885555744171143,2.0711939334869385,2.0820276737213135,2.0820276737213135,304,CORE23254-USD
810,2024-04-29 08:00:00+00:00,2.085174083709717,2.085174083709717,2.0607028007507324,2.0737974643707275,2.0737974643707275,0,CORE23254-USD
811,2024-04-29 09:00:00+00:00,2.071065664291382,2.0978009700775146,2.0693798065185547,2.0978009700775146,2.0978009700775146,0,CORE23254-USD
812,2024-04-29 10:00:00+00:00,2.103083610534668,2.104534149169922,2.0801267623901367,2.0802855491638184,2.0802855491638184,0,CORE23254-USD
813,2024-04-29 11:00:00+00:00,2.0836598873138428,2.095325231552124,2.08170223236084,2.0912039279937744,2.0912039279937744,0,CORE23254-USD
814,2024-04-29 12:00:00+00:00,2.0898795127868652,2.0914154052734375,2.071279764175415,2.0902740955352783,2.0902740955352783,0,CORE23254-USD
815,2024-04-29 13:00:00+00:00,2.0876119136810303,2.088838577270508,2.0581812858581543,2.0607006549835205,2.0607006549835205,364128,CORE23254-USD
816,2024-04-29 14:00:00+00:00,2.0640530586242676,2.0919876098632812,2.0640530586242676,2.0881316661834717,2.0881316661834717,1021552,CORE23254-USD
817,2024-04-29 15:00:00+00:00,2.08707857131958,2.098975419998169,2.08707857131958,2.0894649028778076,2.0894649028778076,934096,CORE23254-USD
818,2024-04-29 16:00:00+00:00,2.1027841567993164,2.1322741508483887,2.074575185775757,2.07973313331604,2.07973313331604,5274184,CORE23254-USD
819,2024-04-29 17:00:00+00:00,2.0861458778381348,2.087029218673706,2.0719454288482666,2.077683925628662,2.077683925628662,1488392,CORE23254-USD
820,2024-04-29 18:00:00+00:00,2.0795528888702393,2.0795528888702393,2.0441834926605225,2.0441834926605225,2.0441834926605225,635808,CORE23254-USD
821,2024-04-29 19:00:00+00:00,2.037317991256714,2.053138256072998,2.0359437465667725,2.053138256072998,2.053138256072998,456376,CORE23254-USD
822,2024-04-29 20:00:00+00:00,2.058215618133545,2.077383279800415,2.058215618133545,2.068539619445801,2.068539619445801,759768,CORE23254-USD
823,2024-04-29 21:00:00+00:00,2.0723490715026855,2.0723490715026855,2.0555367469787598,2.071650266647339,2.071650266647339,140584,CORE23254-USD
824,2024-04-29 22:00:00+00:00,2.082878828048706,2.1257591247558594,2.082224130630493,2.1251378059387207,2.1251378059387207,0,CORE23254-USD
825,2024-04-29 23:00:00+00:00,2.1328341960906982,2.1360974311828613,2.116102933883667,2.116102933883667,2.116102933883667,451464,CORE23254-USD
826,2024-04-30 00:00:00+00:00,2.102731704711914,2.1239092350006104,2.09645414352417,2.1239092350006104,2.1239092350006104,557008,CORE23254-USD
827,2024-04-30 01:00:00+00:00,2.1221134662628174,2.1297929286956787,2.0898690223693848,2.0898690223693848,2.0898690223693848,0,CORE23254-USD
828,2024-04-30 02:00:00+00:00,2.0579769611358643,2.0951623916625977,2.0579769611358643,2.081758975982666,2.081758975982666,1075672,CORE23254-USD
829,2024-04-30 03:00:00+00:00,2.075688123703003,2.083120584487915,2.071225166320801,2.0753512382507324,2.0753512382507324,0,CORE23254-USD
830,2024-04-30 04:00:00+00:00,2.0748863220214844,2.0748863220214844,2.0656700134277344,2.069204807281494,2.069204807281494,0,CORE23254-USD
831,2024-04-30 05:00:00+00:00,2.0640335083007812,2.070655107498169,2.0551300048828125,2.067852735519409,2.067852735519409,0,CORE23254-USD
832,2024-04-30 06:00:00+00:00,2.0623579025268555,2.0668818950653076,2.058047294616699,2.063023090362549,2.063023090362549,0,CORE23254-USD
833,2024-04-30 07:00:00+00:00,2.0634584426879883,2.0634584426879883,2.0444042682647705,2.045217275619507,2.045217275619507,0,CORE23254-USD
834,2024-04-30 08:00:00+00:00,2.048983573913574,2.048983573913574,1.949200987815857,1.949200987815857,1.949200987815857,2379472,CORE23254-USD
835,2024-04-30 09:00:00+00:00,1.9452975988388062,1.961320161819458,1.9368082284927368,1.9368082284927368,1.9368082284927368,3045232,CORE23254-USD
836,2024-04-30 10:00:00+00:00,1.936680793762207,1.9455206394195557,1.9205254316329956,1.9245262145996094,1.9245262145996094,1536984,CORE23254-USD
837,2024-04-30 11:00:00+00:00,1.9098045825958252,1.9232367277145386,1.9019546508789062,1.913023829460144,1.913023829460144,3201304,CORE23254-USD
838,2024-04-30 12:00:00+00:00,1.9222683906555176,1.9266284704208374,1.870442509651184,1.9266284704208374,1.9266284704208374,3770832,CORE23254-USD
839,2024-04-30 13:00:00+00:00,1.9244303703308105,1.9426982402801514,1.918751835823059,1.9257668256759644,1.9257668256759644,0,CORE23254-USD
840,2024-04-30 14:00:00+00:00,1.926931381225586,1.9425137042999268,1.922868251800537,1.9377564191818237,1.9377564191818237,718808,CORE23254-USD
841,2024-04-30 15:00:00+00:00,1.9337042570114136,1.9564533233642578,1.9135043621063232,1.9564533233642578,1.9564533233642578,910912,CORE23254-USD
842,2024-04-30 16:00:00+00:00,1.93816339969635,1.93816339969635,1.888921856880188,1.9031243324279785,1.9031243324279785,0,CORE23254-USD
843,2024-04-30 17:00:00+00:00,1.9063791036605835,1.9063791036605835,1.8713579177856445,1.884378433227539,1.884378433227539,0,CORE23254-USD
844,2024-04-30 18:00:00+00:00,1.8831778764724731,1.8899292945861816,1.873784065246582,1.8889552354812622,1.8889552354812622,0,CORE23254-USD
845,2024-04-30 19:00:00+00:00,1.9062267541885376,1.9062267541885376,1.8727930784225464,1.8885425329208374,1.8885425329208374,891784,CORE23254-USD
846,2024-04-30 20:00:00+00:00,1.8921624422073364,1.9315457344055176,1.8921624422073364,1.919837236404419,1.919837236404419,1769376,CORE23254-USD
847,2024-04-30 21:00:00+00:00,1.9186429977416992,1.933693289756775,1.9042364358901978,1.9160406589508057,1.9160406589508057,464576,CORE23254-USD
848,2024-04-30 22:00:00+00:00,1.9190783500671387,1.9596374034881592,1.9154435396194458,1.9419043064117432,1.9419043064117432,986320,CORE23254-USD
849,2024-04-30 23:00:00+00:00,1.9414478540420532,1.9426645040512085,1.9123667478561401,1.9333370923995972,1.9333370923995972,0,CORE23254-USD
850,2024-05-01 00:00:00+00:00,1.927313208580017,1.9312156438827515,1.8829911947250366,1.8829911947250366,1.8829911947250366,0,CORE23254-USD
851,2024-05-01 01:00:00+00:00,1.8893458843231201,1.9052518606185913,1.8654632568359375,1.9052518606185913,1.9052518606185913,1676336,CORE23254-USD
852,2024-05-01 02:00:00+00:00,1.9025077819824219,1.9025077819824219,1.874799370765686,1.874799370765686,1.874799370765686,0,CORE23254-USD
853,2024-05-01 03:00:00+00:00,1.879389762878418,1.8989133834838867,1.879389762878418,1.8989133834838867,1.8989133834838867,169152,CORE23254-USD
854,2024-05-01 04:00:00+00:00,1.8953849077224731,1.9034613370895386,1.8895713090896606,1.8895713090896606,1.8895713090896606,638032,CORE23254-USD
855,2024-05-01 05:00:00+00:00,1.8870424032211304,1.8923765420913696,1.8564079999923706,1.8564079999923706,1.8564079999923706,0,CORE23254-USD
856,2024-05-01 06:00:00+00:00,1.8552305698394775,1.8552305698394775,1.8377561569213867,1.8413448333740234,1.8413448333740234,1023800,CORE23254-USD
857,2024-05-01 07:00:00+00:00,1.8383049964904785,1.8383049964904785,1.7735671997070312,1.7737150192260742,1.7737150192260742,6947792,CORE23254-USD
858,2024-05-01 08:00:00+00:00,1.7765811681747437,1.7786638736724854,1.755470633506775,1.7731534242630005,1.7731534242630005,0,CORE23254-USD
859,2024-05-01 09:00:00+00:00,1.779969573020935,1.8036466836929321,1.779969573020935,1.7833366394042969,1.7833366394042969,0,CORE23254-USD
860,2024-05-01 10:00:00+00:00,1.7812825441360474,1.801146388053894,1.7812825441360474,1.801146388053894,1.801146388053894,0,CORE23254-USD
861,2024-05-01 11:00:00+00:00,1.8071203231811523,1.8130838871002197,1.7914435863494873,1.8076224327087402,1.8076224327087402,0,CORE23254-USD
862,2024-05-01 12:00:00+00:00,1.8137192726135254,1.8373404741287231,1.8089299201965332,1.8230036497116089,1.8230036497116089,0,CORE23254-USD
863,2024-05-01 13:00:00+00:00,1.8240563869476318,1.8266915082931519,1.806183934211731,1.8181298971176147,1.8181298971176147,0,CORE23254-USD
864,2024-05-01 14:00:00+00:00,1.8183794021606445,1.8253419399261475,1.808166742324829,1.8126041889190674,1.8126041889190674,0,CORE23254-USD
865,2024-05-01 15:00:00+00:00,1.8178231716156006,1.8240817785263062,1.795384168624878,1.8240817785263062,1.8240817785263062,688920,CORE23254-USD
866,2024-05-01 16:00:00+00:00,1.8226526975631714,1.8331338167190552,1.797156572341919,1.8008052110671997,1.8008052110671997,0,CORE23254-USD
867,2024-05-01 17:00:00+00:00,1.806823492050171,1.840423583984375,1.7953652143478394,1.840423583984375,1.840423583984375,2303688,CORE23254-USD
868,2024-05-01 18:00:00+00:00,1.840156078338623,1.948850393295288,1.840156078338623,1.948850393295288,1.948850393295288,10572000,CORE23254-USD
869,2024-05-01 19:00:00+00:00,1.935772180557251,1.935772180557251,1.8638249635696411,1.8663583993911743,1.8663583993911743,5173624,CORE23254-USD
870,2024-05-01 20:00:00+00:00,1.8674613237380981,1.8981516361236572,1.8605579137802124,1.8948020935058594,1.8948020935058594,1069856,CORE23254-USD
871,2024-05-01 21:00:00+00:00,1.8863633871078491,1.9107913970947266,1.8791782855987549,1.9085586071014404,1.9085586071014404,1709040,CORE23254-USD
872,2024-05-01 22:00:00+00:00,1.909124732017517,1.9314305782318115,1.909124732017517,1.9176113605499268,1.9176113605499268,865920,CORE23254-USD
873,2024-05-01 23:00:00+00:00,1.9156605005264282,1.938400149345398,1.9102022647857666,1.938400149345398,1.938400149345398,788448,CORE23254-USD
874,2024-05-02 00:00:00+00:00,1.9310331344604492,1.9310331344604492,1.887372374534607,1.887372374534607,1.887372374534607,558424,CORE23254-USD
875,2024-05-02 01:00:00+00:00,1.8832037448883057,1.8832037448883057,1.845826268196106,1.8546791076660156,1.8546791076660156,0,CORE23254-USD
876,2024-05-02 02:00:00+00:00,1.8543791770935059,1.8801326751708984,1.8515130281448364,1.8716139793395996,1.8716139793395996,1673080,CORE23254-USD
877,2024-05-02 03:00:00+00:00,1.8717319965362549,1.9024826288223267,1.8717319965362549,1.9024826288223267,1.9024826288223267,2029648,CORE23254-USD
878,2024-05-02 04:00:00+00:00,1.8970050811767578,1.8990930318832397,1.8793082237243652,1.8793082237243652,1.8793082237243652,0,CORE23254-USD
879,2024-05-02 05:00:00+00:00,1.8811419010162354,1.892573356628418,1.8725754022598267,1.8850373029708862,1.8850373029708862,735344,CORE23254-USD
880,2024-05-02 06:00:00+00:00,1.8989449739456177,1.9134061336517334,1.8888219594955444,1.8888219594955444,1.8888219594955444,781872,CORE23254-USD
881,2024-05-02 07:00:00+00:00,1.891452670097351,1.9033498764038086,1.8880478143692017,1.8880478143692017,1.8880478143692017,0,CORE23254-USD
882,2024-05-02 08:00:00+00:00,1.8841302394866943,1.9076989889144897,1.8841302394866943,1.9040508270263672,1.9040508270263672,0,CORE23254-USD
883,2024-05-02 09:00:00+00:00,1.8985018730163574,1.9052642583847046,1.896073341369629,1.9052642583847046,1.9052642583847046,0,CORE23254-USD
884,2024-05-02 10:00:00+00:00,1.9066002368927002,1.9258382320404053,1.9036648273468018,1.921188235282898,1.921188235282898,201288,CORE23254-USD
885,2024-05-02 11:00:00+00:00,1.916914463043213,1.958476185798645,1.916914463043213,1.958476185798645,1.958476185798645,3102664,CORE23254-USD
886,2024-05-02 12:00:00+00:00,1.9464231729507446,1.9577809572219849,1.9352635145187378,1.9352635145187378,1.9352635145187378,0,CORE23254-USD
887,2024-05-02 13:00:00+00:00,1.9317835569381714,1.9416406154632568,1.9241483211517334,1.9283006191253662,1.9283006191253662,0,CORE23254-USD
888,2024-05-02 14:00:00+00:00,1.9248888492584229,1.9430817365646362,1.9152584075927734,1.9354690313339233,1.9354690313339233,133528,CORE23254-USD
889,2024-05-02 15:00:00+00:00,1.941536784172058,1.9561165571212769,1.941419243812561,1.9518355131149292,1.9518355131149292,70816,CORE23254-USD
890,2024-05-02 16:00:00+00:00,1.951187252998352,2.127143621444702,1.9366374015808105,2.0342142581939697,2.0342142581939697,20061240,CORE23254-USD
891,2024-05-02 17:00:00+00:00,2.0331532955169678,2.1049156188964844,2.0162038803100586,2.1049156188964844,2.1049156188964844,9047584,CORE23254-USD
892,2024-05-02 18:00:00+00:00,2.0917305946350098,2.1125223636627197,2.050447463989258,2.0520803928375244,2.0520803928375244,0,CORE23254-USD
893,2024-05-02 19:00:00+00:00,2.0437209606170654,2.053529739379883,2.0376434326171875,2.05008602142334,2.05008602142334,0,CORE23254-USD
894,2024-05-02 20:00:00+00:00,2.048860788345337,2.054830551147461,2.029533863067627,2.0417425632476807,2.0417425632476807,0,CORE23254-USD
895,2024-05-02 21:00:00+00:00,2.041658878326416,2.0652732849121094,2.0387861728668213,2.0603268146514893,2.0603268146514893,0,CORE23254-USD
896,2024-05-02 22:00:00+00:00,2.0700466632843018,2.0936279296875,2.0698983669281006,2.0916359424591064,2.0916359424591064,1456,CORE23254-USD
897,2024-05-02 23:00:00+00:00,2.0917274951934814,2.0917274951934814,2.062005043029785,2.0710713863372803,2.0710713863372803,0,CORE23254-USD
898,2024-05-03 00:00:00+00:00,2.0706565380096436,2.0706565380096436,2.0188379287719727,2.033419370651245,2.033419370651245,0,CORE23254-USD
899,2024-05-03 01:00:00+00:00,2.040499448776245,2.0611355304718018,2.040499448776245,2.0447375774383545,2.0447375774383545,0,CORE23254-USD
900,2024-05-03 02:00:00+00:00,2.0423927307128906,2.058032512664795,2.0251193046569824,2.0314528942108154,2.0314528942108154,0,CORE23254-USD
901,2024-05-03 03:00:00+00:00,2.0323028564453125,2.039090633392334,2.020676374435425,2.03027606010437,2.03027606010437,0,CORE23254-USD
902,2024-05-03 04:00:00+00:00,2.0250682830810547,2.0250682830810547,2.000504970550537,2.0077273845672607,2.0077273845672607,2464,CORE23254-USD
903,2024-05-03 05:00:00+00:00,2.0072484016418457,2.015380620956421,2.005708694458008,2.0087199211120605,2.0087199211120605,0,CORE23254-USD
904,2024-05-03 06:00:00+00:00,2.010378122329712,2.010998010635376,1.9855248928070068,1.9876338243484497,1.9876338243484497,0,CORE23254-USD
905,2024-05-03 07:00:00+00:00,1.9921845197677612,1.9992121458053589,1.9589641094207764,1.9649133682250977,1.9649133682250977,400648,CORE23254-USD
906,2024-05-03 08:00:00+00:00,1.9682880640029907,1.9832230806350708,1.9623380899429321,1.9710054397583008,1.9710054397583008,380136,CORE23254-USD
907,2024-05-03 09:00:00+00:00,1.9697695970535278,1.9880999326705933,1.9697695970535278,1.985883116722107,1.985883116722107,381496,CORE23254-USD
908,2024-05-03 10:00:00+00:00,1.9835561513900757,1.9848617315292358,1.9643663167953491,1.9710437059402466,1.9710437059402466,0,CORE23254-USD
909,2024-05-03 11:00:00+00:00,1.9758578538894653,1.9758578538894653,1.9472243785858154,1.9587111473083496,1.9587111473083496,0,CORE23254-USD
910,2024-05-03 12:00:00+00:00,1.9535670280456543,2.0176358222961426,1.9535670280456543,2.0085129737854004,2.0085129737854004,2850704,CORE23254-USD
911,2024-05-03 13:00:00+00:00,2.0050671100616455,2.0281822681427,2.0050671100616455,2.024296522140503,2.024296522140503,1311640,CORE23254-USD
912,2024-05-03 14:00:00+00:00,2.0243396759033203,2.037421464920044,2.014329195022583,2.035118818283081,2.035118818283081,633360,CORE23254-USD
913,2024-05-03 15:00:00+00:00,2.0314223766326904,2.037828207015991,2.016784906387329,2.037828207015991,2.037828207015991,29816,CORE23254-USD
914,2024-05-03 16:00:00+00:00,2.0376155376434326,2.046541690826416,2.0258121490478516,2.0400214195251465,2.0400214195251465,0,CORE23254-USD
915,2024-05-03 17:00:00+00:00,2.0367519855499268,2.044940233230591,2.0355403423309326,2.044940233230591,2.044940233230591,0,CORE23254-USD
916,2024-05-03 18:00:00+00:00,2.0435874462127686,2.0435874462127686,2.0343034267425537,2.0348188877105713,2.0348188877105713,0,CORE23254-USD
917,2024-05-03 19:00:00+00:00,2.0364396572113037,2.0540566444396973,2.026775598526001,2.0540566444396973,2.0540566444396973,0,CORE23254-USD
918,2024-05-03 20:00:00+00:00,2.0501301288604736,2.065974235534668,2.0472769737243652,2.0594141483306885,2.0594141483306885,819352,CORE23254-USD
919,2024-05-03 21:00:00+00:00,2.0619540214538574,2.0815958976745605,2.0606226921081543,2.0606226921081543,2.0606226921081543,0,CORE23254-USD
920,2024-05-03 22:00:00+00:00,2.068286180496216,2.068286180496216,2.0537424087524414,2.0537424087524414,2.0537424087524414,0,CORE23254-USD
921,2024-05-03 23:00:00+00:00,2.0530574321746826,2.061217784881592,2.03890323638916,2.03890323638916,2.03890323638916,0,CORE23254-USD
922,2024-05-04 00:00:00+00:00,2.0404365062713623,2.0643064975738525,2.032174587249756,2.063124656677246,2.063124656677246,0,CORE23254-USD
923,2024-05-04 01:00:00+00:00,2.0638649463653564,2.064915895462036,2.040593385696411,2.040593385696411,2.040593385696411,0,CORE23254-USD
924,2024-05-04 02:00:00+00:00,2.036237955093384,2.0437161922454834,2.0320518016815186,2.0320518016815186,2.0320518016815186,0,CORE23254-USD
925,2024-05-04 03:00:00+00:00,2.0294365882873535,2.0448286533355713,2.0294365882873535,2.0415263175964355,2.0415263175964355,0,CORE23254-USD
926,2024-05-04 04:00:00+00:00,2.043323516845703,2.056415557861328,2.043323516845703,2.0556530952453613,2.0556530952453613,0,CORE23254-USD
927,2024-05-04 05:00:00+00:00,2.0592174530029297,2.0592174530029297,2.047809600830078,2.0511794090270996,2.0511794090270996,0,CORE23254-USD
928,2024-05-04 06:00:00+00:00,2.0582430362701416,2.0631163120269775,2.0526812076568604,2.059264659881592,2.059264659881592,0,CORE23254-USD
929,2024-05-04 07:00:00+00:00,2.05535626411438,2.0595695972442627,2.0473601818084717,2.0480902194976807,2.0480902194976807,0,CORE23254-USD
930,2024-05-04 08:00:00+00:00,2.0470495223999023,2.0620031356811523,2.0470495223999023,2.0620031356811523,2.0620031356811523,0,CORE23254-USD
931,2024-05-04 09:00:00+00:00,2.0594747066497803,2.072110176086426,2.0594747066497803,2.0636353492736816,2.0636353492736816,0,CORE23254-USD
932,2024-05-04 10:00:00+00:00,2.062760353088379,2.090501308441162,2.0529026985168457,2.090501308441162,2.090501308441162,587544,CORE23254-USD
933,2024-05-04 11:00:00+00:00,2.0881009101867676,2.0881009101867676,2.059178113937378,2.059178113937378,2.059178113937378,0,CORE23254-USD
934,2024-05-04 12:00:00+00:00,2.060215711593628,2.0672292709350586,2.0592620372772217,2.060081720352173,2.060081720352173,0,CORE23254-USD
935,2024-05-04 13:00:00+00:00,2.0631325244903564,2.0631325244903564,2.031116485595703,2.038576364517212,2.038576364517212,0,CORE23254-USD
936,2024-05-04 14:00:00+00:00,2.0364890098571777,2.045416831970215,2.0291521549224854,2.045416831970215,2.045416831970215,0,CORE23254-USD
937,2024-05-04 15:00:00+00:00,2.0463707447052,2.0763001441955566,2.0463707447052,2.065877914428711,2.065877914428711,1248376,CORE23254-USD
938,2024-05-04 16:00:00+00:00,2.0750467777252197,2.0750467777252197,2.0161638259887695,2.0278522968292236,2.0278522968292236,0,CORE23254-USD
939,2024-05-04 17:00:00+00:00,2.0246341228485107,2.0246341228485107,1.9854810237884521,2.0056798458099365,2.0056798458099365,1276944,CORE23254-USD
940,2024-05-04 18:00:00+00:00,2.0078089237213135,2.030305862426758,2.0078089237213135,2.030305862426758,2.030305862426758,123624,CORE23254-USD
941,2024-05-04 19:00:00+00:00,2.0294535160064697,2.039030075073242,2.023556709289551,2.039030075073242,2.039030075073242,0,CORE23254-USD
942,2024-05-04 20:00:00+00:00,2.03790545463562,2.059314250946045,2.0366880893707275,2.0452985763549805,2.0452985763549805,0,CORE23254-USD
943,2024-05-04 21:00:00+00:00,2.0471608638763428,2.0471608638763428,2.028219699859619,2.0363945960998535,2.0363945960998535,0,CORE23254-USD
944,2024-05-04 22:00:00+00:00,2.032802104949951,2.032802104949951,2.021758794784546,2.021758794784546,2.021758794784546,0,CORE23254-USD
945,2024-05-04 23:00:00+00:00,2.024630308151245,2.032707452774048,2.024630308151245,2.027639865875244,2.027639865875244,0,CORE23254-USD
946,2024-05-05 00:00:00+00:00,2.0259666442871094,2.0259666442871094,1.9948300123214722,2.007510185241699,2.007510185241699,0,CORE23254-USD
947,2024-05-05 01:00:00+00:00,2.00461745262146,2.00475811958313,1.9614858627319336,1.9750179052352905,1.9750179052352905,195424,CORE23254-USD
948,2024-05-05 02:00:00+00:00,1.9782993793487549,1.992881178855896,1.966385006904602,1.966385006904602,1.966385006904602,0,CORE23254-USD
949,2024-05-05 03:00:00+00:00,1.9652060270309448,1.9783278703689575,1.9652060270309448,1.9783278703689575,1.9783278703689575,0,CORE23254-USD
950,2024-05-05 04:00:00+00:00,1.9786620140075684,1.983521580696106,1.9767377376556396,1.9790352582931519,1.9790352582931519,0,CORE23254-USD
951,2024-05-05 05:00:00+00:00,1.9788193702697754,1.984177589416504,1.963415265083313,1.963415265083313,1.963415265083313,0,CORE23254-USD
952,2024-05-05 06:00:00+00:00,1.9639467000961304,1.9716410636901855,1.9588639736175537,1.968361735343933,1.968361735343933,602976,CORE23254-USD
953,2024-05-05 07:00:00+00:00,1.9673240184783936,1.9849519729614258,1.9661935567855835,1.9849519729614258,1.9849519729614258,106992,CORE23254-USD
954,2024-05-05 08:00:00+00:00,1.982901692390442,1.9940218925476074,1.9821137189865112,1.9914880990982056,1.9914880990982056,0,CORE23254-USD
955,2024-05-05 09:00:00+00:00,1.9869835376739502,1.9869835376739502,1.9730873107910156,1.9766963720321655,1.9766963720321655,0,CORE23254-USD
956,2024-05-05 10:00:00+00:00,1.9767812490463257,1.9767812490463257,1.966205358505249,1.9732108116149902,1.9732108116149902,0,CORE23254-USD
957,2024-05-05 11:00:00+00:00,1.9724043607711792,1.9766623973846436,1.9690120220184326,1.97423255443573,1.97423255443573,0,CORE23254-USD
958,2024-05-05 12:00:00+00:00,1.9739336967468262,1.9739336967468262,1.9617892503738403,1.9617892503738403,1.9617892503738403,0,CORE23254-USD
959,2024-05-05 13:00:00+00:00,1.9621021747589111,1.9770796298980713,1.9604039192199707,1.9735933542251587,1.9735933542251587,0,CORE23254-USD
960,2024-05-05 14:00:00+00:00,1.972908616065979,1.9914828538894653,1.962077260017395,1.9914828538894653,1.9914828538894653,0,CORE23254-USD
961,2024-05-05 15:00:00+00:00,1.9940098524093628,2.0001986026763916,1.988305926322937,1.9984874725341797,1.9984874725341797,0,CORE23254-USD
962,2024-05-05 16:00:00+00:00,1.997206687927246,1.997206687927246,1.969565987586975,1.969565987586975,1.969565987586975,0,CORE23254-USD
963,2024-05-05 17:00:00+00:00,1.9707386493682861,1.9770689010620117,1.961344838142395,1.961344838142395,1.961344838142395,0,CORE23254-USD
964,2024-05-05 18:00:00+00:00,1.9609016180038452,1.9609016180038452,1.9440335035324097,1.9494489431381226,1.9494489431381226,14576,CORE23254-USD
965,2024-05-05 19:00:00+00:00,1.9515269994735718,1.9602370262145996,1.9515269994735718,1.958825707435608,1.958825707435608,0,CORE23254-USD
966,2024-05-05 20:00:00+00:00,1.9616506099700928,1.9679210186004639,1.9614102840423584,1.9632388353347778,1.9632388353347778,0,CORE23254-USD
967,2024-05-05 21:00:00+00:00,1.9630879163742065,1.9630879163742065,1.9484480619430542,1.9495912790298462,1.9495912790298462,0,CORE23254-USD
968,2024-05-05 22:00:00+00:00,1.9511942863464355,1.9511942863464355,1.945041537284851,1.946178674697876,1.946178674697876,0,CORE23254-USD
969,2024-05-05 23:00:00+00:00,1.9521570205688477,1.9637717008590698,1.9521570205688477,1.9586471319198608,1.9586471319198608,346480,CORE23254-USD
970,2024-05-06 00:00:00+00:00,1.9587451219558716,1.9749810695648193,1.9587451219558716,1.9679839611053467,1.9679839611053467,0,CORE23254-USD
971,2024-05-06 01:00:00+00:00,1.966138243675232,1.9767829179763794,1.9494881629943848,1.9534286260604858,1.9534286260604858,0,CORE23254-USD
972,2024-05-06 02:00:00+00:00,1.9515241384506226,1.9634016752243042,1.9515241384506226,1.9537404775619507,1.9537404775619507,0,CORE23254-USD
973,2024-05-06 03:00:00+00:00,1.9556223154067993,1.9556223154067993,1.927861213684082,1.9460948705673218,1.9460948705673218,172368,CORE23254-USD
974,2024-05-06 04:00:00+00:00,1.946968674659729,1.946968674659729,1.93363356590271,1.9435523748397827,1.9435523748397827,0,CORE23254-USD
975,2024-05-06 05:00:00+00:00,1.943411946296692,1.9592679738998413,1.936993956565857,1.9592679738998413,1.9592679738998413,273196,CORE23254-USD
976,2024-05-06 06:00:00+00:00,1.9567005634307861,1.9680747985839844,1.9545091390609741,1.9545091390609741,1.9545091390609741,0,CORE23254-USD
977,2024-05-06 07:00:00+00:00,1.9571850299835205,1.969947099685669,1.9562451839447021,1.9688374996185303,1.9688374996185303,0,CORE23254-USD
978,2024-05-06 08:00:00+00:00,1.9713572263717651,2.0012784004211426,1.9713572263717651,1.9785116910934448,1.9785116910934448,1965516,CORE23254-USD
979,2024-05-06 09:00:00+00:00,1.9787548780441284,1.9955512285232544,1.9787548780441284,1.9919828176498413,1.9919828176498413,869852,CORE23254-USD
980,2024-05-06 10:00:00+00:00,1.9885014295578003,1.9907008409500122,1.9343650341033936,1.9408574104309082,1.9408574104309082,2097372,CORE23254-USD
981,2024-05-06 11:00:00+00:00,1.9389833211898804,1.9501842260360718,1.9389833211898804,1.9501842260360718,1.9501842260360718,1413984,CORE23254-USD
982,2024-05-06 12:00:00+00:00,1.9512516260147095,1.9512516260147095,1.8916559219360352,1.8916559219360352,1.8916559219360352,1349220,CORE23254-USD
983,2024-05-06 13:00:00+00:00,1.9031049013137817,1.921923041343689,1.9031049013137817,1.9206509590148926,1.9206509590148926,1487044,CORE23254-USD
984,2024-05-06 14:00:00+00:00,1.9240212440490723,1.9250389337539673,1.9047549962997437,1.9047549962997437,1.9047549962997437,426344,CORE23254-USD
985,2024-05-06 15:00:00+00:00,1.892303466796875,1.904301643371582,1.8749245405197144,1.904301643371582,1.904301643371582,629560,CORE23254-USD
986,2024-05-06 16:00:00+00:00,1.902856469154358,1.9770457744598389,1.902856469154358,1.93399178981781,1.93399178981781,7355680,CORE23254-USD
987,2024-05-06 17:00:00+00:00,1.9428101778030396,1.9428101778030396,1.9073936939239502,1.917604684829712,1.917604684829712,2654424,CORE23254-USD
988,2024-05-06 18:00:00+00:00,1.9209738969802856,1.9347494840621948,1.915416955947876,1.9285682439804077,1.9285682439804077,749536,CORE23254-USD
989,2024-05-06 19:00:00+00:00,1.9248723983764648,1.9248723983764648,1.9029310941696167,1.9136840105056763,1.9136840105056763,901808,CORE23254-USD
990,2024-05-06 20:00:00+00:00,1.9155209064483643,1.932903528213501,1.9155209064483643,1.930714726448059,1.930714726448059,313456,CORE23254-USD
991,2024-05-06 21:00:00+00:00,1.9291709661483765,1.93988037109375,1.9245350360870361,1.9270483255386353,1.9270483255386353,755416,CORE23254-USD
992,2024-05-06 22:00:00+00:00,1.9280269145965576,1.9280269145965576,1.9140961170196533,1.9155298471450806,1.9155298471450806,721384,CORE23254-USD
993,2024-05-06 23:00:00+00:00,1.9155865907669067,1.9155865907669067,1.903712272644043,1.903712272644043,1.903712272644043,118944,CORE23254-USD
994,2024-05-07 00:00:00+00:00,1.9025202989578247,1.9025202989578247,1.8776761293411255,1.8919501304626465,1.8919501304626465,2101232,CORE23254-USD
995,2024-05-07 01:00:00+00:00,1.884049415588379,1.8956708908081055,1.882062554359436,1.8941477537155151,1.8941477537155151,711848,CORE23254-USD
996,2024-05-07 02:00:00+00:00,1.894573450088501,1.894573450088501,1.8770036697387695,1.878429889678955,1.878429889678955,1099768,CORE23254-USD
997,2024-05-07 03:00:00+00:00,1.8813145160675049,1.8813145160675049,1.84488046169281,1.8517909049987793,1.8517909049987793,1535496,CORE23254-USD
998,2024-05-07 04:00:00+00:00,1.8504801988601685,1.8564704656600952,1.8463249206542969,1.851849913597107,1.851849913597107,1337080,CORE23254-USD
999,2024-05-07 05:00:00+00:00,1.8508700132369995,1.8520121574401855,1.829683780670166,1.8338652849197388,1.8338652849197388,2035592,CORE23254-USD
1000,2024-05-07 06:00:00+00:00,1.8347684144973755,1.8373498916625977,1.8243228197097778,1.8347200155258179,1.8347200155258179,793992,CORE23254-USD
1001,2024-05-07 07:00:00+00:00,1.8348044157028198,1.8466272354125977,1.8348044157028198,1.8466272354125977,1.8466272354125977,581432,CORE23254-USD
1002,2024-05-07 08:00:00+00:00,1.8251292705535889,1.8424502611160278,1.8247156143188477,1.8424502611160278,1.8424502611160278,2270400,CORE23254-USD
1003,2024-05-07 09:00:00+00:00,1.8621262311935425,1.8621262311935425,1.8487012386322021,1.8487012386322021,1.8487012386322021,0,CORE23254-USD
1004,2024-05-07 10:00:00+00:00,1.850634217262268,1.850634217262268,1.8347668647766113,1.8488681316375732,1.8488681316375732,0,CORE23254-USD
1005,2024-05-07 11:00:00+00:00,1.8495543003082275,1.8516656160354614,1.8223371505737305,1.8223371505737305,1.8223371505737305,0,CORE23254-USD
1006,2024-05-07 12:00:00+00:00,1.8211469650268555,1.8376864194869995,1.8211469650268555,1.8376864194869995,1.8376864194869995,0,CORE23254-USD
1007,2024-05-07 13:00:00+00:00,1.8388376235961914,1.8414944410324097,1.8294355869293213,1.8294355869293213,1.8294355869293213,0,CORE23254-USD
1008,2024-05-07 14:00:00+00:00,1.8250553607940674,1.8451801538467407,1.8232063055038452,1.8451801538467407,1.8451801538467407,0,CORE23254-USD
1009,2024-05-07 15:00:00+00:00,1.854180097579956,1.8550187349319458,1.8463870286941528,1.8507705926895142,1.8507705926895142,0,CORE23254-USD
1010,2024-05-07 16:00:00+00:00,1.850350260734558,1.8582834005355835,1.82810640335083,1.8359110355377197,1.8359110355377197,0,CORE23254-USD
1011,2024-05-07 17:00:00+00:00,1.8393735885620117,1.8419889211654663,1.8350797891616821,1.8357969522476196,1.8357969522476196,0,CORE23254-USD
1012,2024-05-07 18:00:00+00:00,1.8383586406707764,1.8383586406707764,1.800031304359436,1.8123035430908203,1.8123035430908203,76944,CORE23254-USD
1013,2024-05-07 19:00:00+00:00,1.8124582767486572,1.8136428594589233,1.8037290573120117,1.8037387132644653,1.8037387132644653,0,CORE23254-USD
1014,2024-05-07 20:00:00+00:00,1.8001768589019775,1.8145668506622314,1.8001768589019775,1.8063122034072876,1.8063122034072876,236560,CORE23254-USD
1015,2024-05-07 21:00:00+00:00,1.802452802658081,1.8076660633087158,1.7688868045806885,1.7688868045806885,1.7688868045806885,840920,CORE23254-USD
1016,2024-05-07 22:00:00+00:00,1.7759897708892822,1.7820343971252441,1.7592493295669556,1.7776052951812744,1.7776052951812744,654840,CORE23254-USD
1017,2024-05-07 23:00:00+00:00,1.771329402923584,1.771329402923584,1.755468487739563,1.760118007659912,1.760118007659912,493216,CORE23254-USD
1018,2024-05-08 00:00:00+00:00,1.7564109563827515,1.767002820968628,1.7420846223831177,1.7480067014694214,1.7480067014694214,0,CORE23254-USD
1019,2024-05-08 01:00:00+00:00,1.7522776126861572,1.7585030794143677,1.7307780981063843,1.7307780981063843,1.7307780981063843,696672,CORE23254-USD
1020,2024-05-08 02:00:00+00:00,1.7244738340377808,1.753208875656128,1.7244738340377808,1.7493644952774048,1.7493644952774048,0,CORE23254-USD
1021,2024-05-08 03:00:00+00:00,1.7510943412780762,1.7634351253509521,1.7449088096618652,1.7634351253509521,1.7634351253509521,0,CORE23254-USD
1022,2024-05-08 04:00:00+00:00,1.7621973752975464,1.7677888870239258,1.7547262907028198,1.7553350925445557,1.7553350925445557,0,CORE23254-USD
1023,2024-05-08 05:00:00+00:00,1.7530113458633423,1.7530113458633423,1.742181658744812,1.7465882301330566,1.7465882301330566,0,CORE23254-USD
1024,2024-05-08 06:00:00+00:00,1.7438586950302124,1.748610496520996,1.7294105291366577,1.7454853057861328,1.7454853057861328,0,CORE23254-USD
1025,2024-05-08 07:00:00+00:00,1.745734691619873,1.750466227531433,1.732812762260437,1.7365055084228516,1.7365055084228516,0,CORE23254-USD
1026,2024-05-08 08:00:00+00:00,1.7304303646087646,1.7444888353347778,1.7188975811004639,1.7322654724121094,1.7322654724121094,0,CORE23254-USD
1027,2024-05-08 09:00:00+00:00,1.7378689050674438,1.7475955486297607,1.7311338186264038,1.7460038661956787,1.7460038661956787,163536,CORE23254-USD
1028,2024-05-08 10:00:00+00:00,1.747521162033081,1.7554364204406738,1.7448322772979736,1.7509827613830566,1.7509827613830566,481696,CORE23254-USD
1029,2024-05-08 11:00:00+00:00,1.7505649328231812,1.7505649328231812,1.7308878898620605,1.7396608591079712,1.7396608591079712,0,CORE23254-USD
1030,2024-05-08 12:00:00+00:00,1.735722303390503,1.7464072704315186,1.729321837425232,1.7338787317276,1.7338787317276,0,CORE23254-USD
1031,2024-05-08 13:00:00+00:00,1.7421727180480957,1.768274188041687,1.7346690893173218,1.768274188041687,1.768274188041687,1941996,CORE23254-USD
1032,2024-05-08 14:00:00+00:00,1.7750319242477417,1.7846382856369019,1.765648603439331,1.7807742357254028,1.7807742357254028,1254680,CORE23254-USD
1033,2024-05-08 15:00:00+00:00,1.7796756029129028,1.790839672088623,1.7553532123565674,1.790839672088623,1.790839672088623,458936,CORE23254-USD
1034,2024-05-08 16:00:00+00:00,1.781382441520691,1.8184270858764648,1.744057059288025,1.744057059288025,1.744057059288025,4270008,CORE23254-USD
1035,2024-05-08 17:00:00+00:00,1.7496287822723389,1.7574703693389893,1.7374022006988525,1.7389106750488281,1.7389106750488281,1094152,CORE23254-USD
1036,2024-05-08 18:00:00+00:00,1.7404069900512695,1.7571215629577637,1.7362370491027832,1.7499008178710938,1.7499008178710938,0,CORE23254-USD
1037,2024-05-08 19:00:00+00:00,1.7504554986953735,1.7541252374649048,1.689454436302185,1.689454436302185,1.689454436302185,1316168,CORE23254-USD
1038,2024-05-08 20:00:00+00:00,1.690393328666687,1.699312686920166,1.6628615856170654,1.6649808883666992,1.6649808883666992,2101336,CORE23254-USD
1039,2024-05-08 21:00:00+00:00,1.6735057830810547,1.678896188735962,1.6663477420806885,1.6762592792510986,1.6762592792510986,0,CORE23254-USD
1040,2024-05-08 22:00:00+00:00,1.675612211227417,1.6833769083023071,1.6726659536361694,1.677783727645874,1.677783727645874,0,CORE23254-USD
1041,2024-05-08 23:00:00+00:00,1.6785932779312134,1.6825177669525146,1.670546531677246,1.6825177669525146,1.6825177669525146,0,CORE23254-USD
1042,2024-05-09 00:00:00+00:00,1.677438497543335,1.6880184412002563,1.677438497543335,1.6860427856445312,1.6860427856445312,0,CORE23254-USD
1043,2024-05-09 01:00:00+00:00,1.686331033706665,1.6987621784210205,1.686331033706665,1.6987621784210205,1.6987621784210205,0,CORE23254-USD
1044,2024-05-09 02:00:00+00:00,1.701271414756775,1.725386142730713,1.701271414756775,1.720140814781189,1.720140814781189,107552,CORE23254-USD
1045,2024-05-09 03:00:00+00:00,1.7134921550750732,1.7149896621704102,1.7048242092132568,1.7091892957687378,1.7091892957687378,0,CORE23254-USD
1046,2024-05-09 04:00:00+00:00,1.707321286201477,1.710479497909546,1.699546456336975,1.699546456336975,1.699546456336975,0,CORE23254-USD
1047,2024-05-09 05:00:00+00:00,1.697939395904541,1.709108829498291,1.6960684061050415,1.707451343536377,1.707451343536377,0,CORE23254-USD
1048,2024-05-09 06:00:00+00:00,1.708707332611084,1.719428300857544,1.7023577690124512,1.7043122053146362,1.7043122053146362,0,CORE23254-USD
1049,2024-05-09 07:00:00+00:00,1.7056119441986084,1.7064846754074097,1.6928832530975342,1.6928832530975342,1.6928832530975342,0,CORE23254-USD
1050,2024-05-09 08:00:00+00:00,1.6976491212844849,1.7049520015716553,1.6925597190856934,1.6925597190856934,1.6925597190856934,0,CORE23254-USD
1051,2024-05-09 09:00:00+00:00,1.6938910484313965,1.6938910484313965,1.6690189838409424,1.6800000667572021,1.6800000667572021,4007952,CORE23254-USD
1052,2024-05-09 10:00:00+00:00,1.6828769445419312,1.6828769445419312,1.6677213907241821,1.6730656623840332,1.6730656623840332,1895656,CORE23254-USD
1053,2024-05-09 11:00:00+00:00,1.6666778326034546,1.6780346632003784,1.6618489027023315,1.6701983213424683,1.6701983213424683,3625920,CORE23254-USD
1054,2024-05-09 12:00:00+00:00,1.6713882684707642,1.6851431131362915,1.6713882684707642,1.6803126335144043,1.6803126335144043,86896,CORE23254-USD
1055,2024-05-09 13:00:00+00:00,1.6757773160934448,1.6774789094924927,1.6626967191696167,1.6666038036346436,1.6666038036346436,0,CORE23254-USD
1056,2024-05-09 14:00:00+00:00,1.6702207326889038,1.6774957180023193,1.6652092933654785,1.6691546440124512,1.6691546440124512,0,CORE23254-USD
1057,2024-05-09 15:00:00+00:00,1.6702419519424438,1.6954857110977173,1.669613242149353,1.6895209550857544,1.6895209550857544,0,CORE23254-USD
1058,2024-05-09 16:00:00+00:00,1.6850494146347046,1.7012592554092407,1.6454854011535645,1.6454854011535645,1.6454854011535645,0,CORE23254-USD
1059,2024-05-09 17:00:00+00:00,1.6443995237350464,1.651615023612976,1.634722352027893,1.634722352027893,1.634722352027893,614184,CORE23254-USD
1060,2024-05-09 18:00:00+00:00,1.632116675376892,1.6398752927780151,1.6302862167358398,1.6355525255203247,1.6355525255203247,0,CORE23254-USD
1061,2024-05-09 19:00:00+00:00,1.6396199464797974,1.6475697755813599,1.6383799314498901,1.6475697755813599,1.6475697755813599,0,CORE23254-USD
1062,2024-05-09 20:00:00+00:00,1.6480499505996704,1.6740878820419312,1.6480499505996704,1.6717091798782349,1.6717091798782349,0,CORE23254-USD
1063,2024-05-09 21:00:00+00:00,1.6681400537490845,1.6812092065811157,1.6679819822311401,1.6812092065811157,1.6812092065811157,0,CORE23254-USD
1064,2024-05-09 22:00:00+00:00,1.6841628551483154,1.746638298034668,1.6801493167877197,1.746638298034668,1.746638298034668,1509424,CORE23254-USD
1065,2024-05-09 23:00:00+00:00,1.7408475875854492,1.7491971254348755,1.7061703205108643,1.717633605003357,1.717633605003357,3810872,CORE23254-USD
1066,2024-05-10 00:00:00+00:00,1.717144250869751,1.7238621711730957,1.7025890350341797,1.707275390625,1.707275390625,498520,CORE23254-USD
1067,2024-05-10 01:00:00+00:00,1.7044559717178345,1.726953387260437,1.6994942426681519,1.7178593873977661,1.7178593873977661,843752,CORE23254-USD
1068,2024-05-10 02:00:00+00:00,1.7167267799377441,1.7236262559890747,1.7098346948623657,1.7098346948623657,1.7098346948623657,134888,CORE23254-USD
1069,2024-05-10 03:00:00+00:00,1.7108052968978882,1.7164307832717896,1.703182339668274,1.7089511156082153,1.7089511156082153,0,CORE23254-USD
1070,2024-05-10 04:00:00+00:00,1.7075473070144653,1.7338175773620605,1.7075473070144653,1.726162314414978,1.726162314414978,1626648,CORE23254-USD
1071,2024-05-10 05:00:00+00:00,1.728966236114502,1.7345497608184814,1.7180051803588867,1.732685923576355,1.732685923576355,1185280,CORE23254-USD
1072,2024-05-10 06:00:00+00:00,1.7268738746643066,1.7337990999221802,1.7223100662231445,1.7337990999221802,1.7337990999221802,0,CORE23254-USD
1073,2024-05-10 07:00:00+00:00,1.7306042909622192,1.7314037084579468,1.7197126150131226,1.7312873601913452,1.7312873601913452,87536,CORE23254-USD
1074,2024-05-10 08:00:00+00:00,1.7287541627883911,1.729196310043335,1.7177093029022217,1.7177093029022217,1.7177093029022217,0,CORE23254-USD
1075,2024-05-10 09:00:00+00:00,1.7195194959640503,1.7195194959640503,1.7093660831451416,1.7093660831451416,1.7093660831451416,0,CORE23254-USD
1076,2024-05-10 10:00:00+00:00,1.7117507457733154,1.7117507457733154,1.7054758071899414,1.709153175354004,1.709153175354004,0,CORE23254-USD
1077,2024-05-10 11:00:00+00:00,1.7097810506820679,1.7234961986541748,1.7097810506820679,1.72104012966156,1.72104012966156,0,CORE23254-USD
1078,2024-05-10 12:00:00+00:00,1.727950930595398,1.7317074537277222,1.712847352027893,1.712847352027893,1.712847352027893,511752,CORE23254-USD
1079,2024-05-10 13:00:00+00:00,1.7131520509719849,1.7187711000442505,1.7075181007385254,1.716784954071045,1.716784954071045,0,CORE23254-USD
1080,2024-05-10 14:00:00+00:00,1.714387059211731,1.7170411348342896,1.628461241722107,1.628461241722107,1.628461241722107,2703376,CORE23254-USD
1081,2024-05-10 15:00:00+00:00,1.6371501684188843,1.646852970123291,1.6341456174850464,1.6368067264556885,1.6368067264556885,1588040,CORE23254-USD
1082,2024-05-10 16:00:00+00:00,1.6379148960113525,1.639638066291809,1.6131086349487305,1.6180328130722046,1.6180328130722046,0,CORE23254-USD
1083,2024-05-10 17:00:00+00:00,1.6209245920181274,1.621042013168335,1.6018338203430176,1.6031416654586792,1.6031416654586792,0,CORE23254-USD
1084,2024-05-10 18:00:00+00:00,1.6041862964630127,1.6197540760040283,1.6006999015808105,1.6138219833374023,1.6138219833374023,445312,CORE23254-USD
1085,2024-05-10 19:00:00+00:00,1.616970181465149,1.6189879179000854,1.6040620803833008,1.605744481086731,1.605744481086731,24440,CORE23254-USD
1086,2024-05-10 20:00:00+00:00,1.605466604232788,1.6119022369384766,1.5947140455245972,1.5993554592132568,1.5993554592132568,0,CORE23254-USD
1087,2024-05-10 21:00:00+00:00,1.6018582582473755,1.6145118474960327,1.6018582582473755,1.6100640296936035,1.6100640296936035,345368,CORE23254-USD
1088,2024-05-10 22:00:00+00:00,1.6095701456069946,1.6125086545944214,1.5889103412628174,1.590530276298523,1.590530276298523,0,CORE23254-USD
1089,2024-05-10 23:00:00+00:00,1.5917786359786987,1.6025333404541016,1.5888996124267578,1.5960546731948853,1.5960546731948853,0,CORE23254-USD
1090,2024-05-11 00:00:00+00:00,1.5925902128219604,1.601181983947754,1.573898196220398,1.5816940069198608,1.5816940069198608,0,CORE23254-USD
1091,2024-05-11 01:00:00+00:00,1.576520323753357,1.6085563898086548,1.576520323753357,1.583292841911316,1.583292841911316,800192,CORE23254-USD
1092,2024-05-11 02:00:00+00:00,1.5872668027877808,1.605894923210144,1.5809818506240845,1.6001689434051514,1.6001689434051514,1356048,CORE23254-USD
1093,2024-05-11 03:00:00+00:00,1.5987718105316162,1.602140188217163,1.5927335023880005,1.602140188217163,1.602140188217163,1201208,CORE23254-USD
1094,2024-05-11 04:00:00+00:00,1.6018320322036743,1.6098695993423462,1.5940895080566406,1.6056195497512817,1.6056195497512817,0,CORE23254-USD
1095,2024-05-11 05:00:00+00:00,1.6078662872314453,1.6146016120910645,1.6060949563980103,1.6111210584640503,1.6111210584640503,0,CORE23254-USD
1096,2024-05-11 06:00:00+00:00,1.6119757890701294,1.6281276941299438,1.6114832162857056,1.6115401983261108,1.6115401983261108,682336,CORE23254-USD
1097,2024-05-11 07:00:00+00:00,1.613201379776001,1.619088053703308,1.6096948385238647,1.6096948385238647,1.6096948385238647,0,CORE23254-USD
1098,2024-05-11 08:00:00+00:00,1.6128851175308228,1.6128851175308228,1.5933115482330322,1.593414545059204,1.593414545059204,0,CORE23254-USD
1099,2024-05-11 09:00:00+00:00,1.5924404859542847,1.6033042669296265,1.5900458097457886,1.5900458097457886,1.5900458097457886,755792,CORE23254-USD
1100,2024-05-11 10:00:00+00:00,1.591057538986206,1.598668098449707,1.588528037071228,1.588528037071228,1.588528037071228,346184,CORE23254-USD
1101,2024-05-11 11:00:00+00:00,1.589359998703003,1.5924389362335205,1.5816545486450195,1.5861806869506836,1.5861806869506836,79192,CORE23254-USD
1102,2024-05-11 12:00:00+00:00,1.584658145904541,1.6069673299789429,1.584658145904541,1.6064343452453613,1.6064343452453613,0,CORE23254-USD
1103,2024-05-11 13:00:00+00:00,1.604596734046936,1.6106817722320557,1.6016581058502197,1.6075382232666016,1.6075382232666016,0,CORE23254-USD
1104,2024-05-11 14:00:00+00:00,1.612023949623108,1.612023949623108,1.5914331674575806,1.5990321636199951,1.5990321636199951,0,CORE23254-USD
1105,2024-05-11 15:00:00+00:00,1.5977932214736938,1.614388108253479,1.5977932214736938,1.605329990386963,1.605329990386963,0,CORE23254-USD
1106,2024-05-11 16:00:00+00:00,1.606265664100647,1.6117548942565918,1.5925313234329224,1.5925313234329224,1.5925313234329224,0,CORE23254-USD
1107,2024-05-11 17:00:00+00:00,1.5947200059890747,1.5961195230484009,1.5880135297775269,1.5887060165405273,1.5887060165405273,0,CORE23254-USD
1108,2024-05-11 18:00:00+00:00,1.5895802974700928,1.611835241317749,1.5895802974700928,1.6110891103744507,1.6110891103744507,0,CORE23254-USD
1109,2024-05-11 19:00:00+00:00,1.6077444553375244,1.6092931032180786,1.6037958860397339,1.6039446592330933,1.6039446592330933,0,CORE23254-USD
1110,2024-05-11 20:00:00+00:00,1.6049433946609497,1.6049433946609497,1.5940990447998047,1.6013236045837402,1.6013236045837402,0,CORE23254-USD
1111,2024-05-11 21:00:00+00:00,1.5976752042770386,1.6005114316940308,1.5916861295700073,1.59557044506073,1.59557044506073,0,CORE23254-USD
1112,2024-05-11 22:00:00+00:00,1.5953502655029297,1.6019099950790405,1.5950927734375,1.5964231491088867,1.5964231491088867,0,CORE23254-USD
1113,2024-05-11 23:00:00+00:00,1.5949623584747314,1.596022367477417,1.569407343864441,1.5758908987045288,1.5758908987045288,0,CORE23254-USD
1114,2024-05-12 00:00:00+00:00,1.5783615112304688,1.5846465826034546,1.577757477760315,1.583701729774475,1.583701729774475,0,CORE23254-USD
1115,2024-05-12 01:00:00+00:00,1.5881491899490356,1.5921434164047241,1.5831446647644043,1.592108130455017,1.592108130455017,0,CORE23254-USD
1116,2024-05-12 02:00:00+00:00,1.588721513748169,1.594826340675354,1.5885286331176758,1.594826340675354,1.594826340675354,0,CORE23254-USD
1117,2024-05-12 03:00:00+00:00,1.5967425107955933,1.614820957183838,1.5956518650054932,1.6018340587615967,1.6018340587615967,0,CORE23254-USD
1118,2024-05-12 04:00:00+00:00,1.5973219871520996,1.6221803426742554,1.5951929092407227,1.6221803426742554,1.6221803426742554,196192,CORE23254-USD
1119,2024-05-12 05:00:00+00:00,1.621718406677246,1.7252925634384155,1.619094967842102,1.6746293306350708,1.6746293306350708,8449716,CORE23254-USD
1120,2024-05-12 06:00:00+00:00,1.6771678924560547,1.6992146968841553,1.6634037494659424,1.679289698600769,1.679289698600769,5325208,CORE23254-USD
1121,2024-05-12 07:00:00+00:00,1.6715494394302368,1.709377646446228,1.6715494394302368,1.6803278923034668,1.6803278923034668,4536784,CORE23254-USD
1122,2024-05-12 08:00:00+00:00,1.684528112411499,1.7116940021514893,1.684528112411499,1.701217770576477,1.701217770576477,4350400,CORE23254-USD
1123,2024-05-12 09:00:00+00:00,1.7067691087722778,1.7067691087722778,1.686382532119751,1.6890051364898682,1.6890051364898682,1497200,CORE23254-USD
1124,2024-05-12 10:00:00+00:00,1.6939617395401,1.7003695964813232,1.6841710805892944,1.7003695964813232,1.7003695964813232,1100592,CORE23254-USD
1125,2024-05-12 11:00:00+00:00,1.689928412437439,1.7055740356445312,1.689928412437439,1.7055740356445312,1.7055740356445312,1043736,CORE23254-USD
1126,2024-05-12 12:00:00+00:00,1.7029047012329102,1.7329990863800049,1.7007907629013062,1.732649326324463,1.732649326324463,1944224,CORE23254-USD
1127,2024-05-12 13:00:00+00:00,1.7267853021621704,1.7412828207015991,1.7084300518035889,1.7175312042236328,1.7175312042236328,3542800,CORE23254-USD
1128,2024-05-12 14:00:00+00:00,1.7161849737167358,1.7228636741638184,1.6701868772506714,1.674730658531189,1.674730658531189,3680008,CORE23254-USD
1129,2024-05-12 15:00:00+00:00,1.670790433883667,1.7015931606292725,1.6665003299713135,1.7009687423706055,1.7009687423706055,2166664,CORE23254-USD
1130,2024-05-12 16:00:00+00:00,1.702251672744751,1.7908987998962402,1.702251672744751,1.765824556350708,1.765824556350708,10995208,CORE23254-USD
1131,2024-05-12 17:00:00+00:00,1.756447196006775,1.7620689868927002,1.7457106113433838,1.7620689868927002,1.7620689868927002,4181872,CORE23254-USD
1132,2024-05-12 18:00:00+00:00,1.7612794637680054,1.7612794637680054,1.7204551696777344,1.7204551696777344,1.7204551696777344,1491584,CORE23254-USD
1133,2024-05-12 19:00:00+00:00,1.720818042755127,1.730089545249939,1.720818042755127,1.7212464809417725,1.7212464809417725,1317336,CORE23254-USD
1134,2024-05-12 20:00:00+00:00,1.7230451107025146,1.749667763710022,1.7230451107025146,1.7465888261795044,1.7465888261795044,2054368,CORE23254-USD
1135,2024-05-12 21:00:00+00:00,1.7452744245529175,1.7600059509277344,1.7443238496780396,1.7496572732925415,1.7496572732925415,2305928,CORE23254-USD
1136,2024-05-12 22:00:00+00:00,1.7457737922668457,1.7575430870056152,1.7404882907867432,1.7570035457611084,1.7570035457611084,1191520,CORE23254-USD
1137,2024-05-12 23:00:00+00:00,1.7518196105957031,1.768416166305542,1.7518196105957031,1.7541190385818481,1.7541190385818481,1322992,CORE23254-USD
1138,2024-05-13 00:00:00+00:00,1.7567076683044434,1.7567076683044434,1.7365503311157227,1.7444381713867188,1.7444381713867188,1157944,CORE23254-USD
1139,2024-05-13 01:00:00+00:00,1.7408549785614014,1.7408549785614014,1.7209148406982422,1.7209148406982422,1.7209148406982422,1390416,CORE23254-USD
1140,2024-05-13 02:00:00+00:00,1.7264264822006226,1.7264264822006226,1.6495853662490845,1.6495853662490845,1.6495853662490845,3734928,CORE23254-USD
1141,2024-05-13 03:00:00+00:00,1.6558170318603516,1.6604872941970825,1.640927791595459,1.6604872941970825,1.6604872941970825,3620144,CORE23254-USD
1142,2024-05-13 04:00:00+00:00,1.6624341011047363,1.6624341011047363,1.6473578214645386,1.6473578214645386,1.6473578214645386,1377768,CORE23254-USD
1143,2024-05-13 05:00:00+00:00,1.6523898839950562,1.6696909666061401,1.6523898839950562,1.652785301208496,1.652785301208496,0,CORE23254-USD
1144,2024-05-13 06:00:00+00:00,1.652726411819458,1.664907693862915,1.652726411819458,1.6579371690750122,1.6579371690750122,0,CORE23254-USD
1145,2024-05-13 07:00:00+00:00,1.6626317501068115,1.69961416721344,1.6626317501068115,1.69961416721344,1.69961416721344,0,CORE23254-USD
1146,2024-05-13 08:00:00+00:00,1.6997101306915283,1.7112431526184082,1.6868897676467896,1.6909254789352417,1.6909254789352417,0,CORE23254-USD
1147,2024-05-13 09:00:00+00:00,1.6962952613830566,1.6970103979110718,1.6880587339401245,1.6942797899246216,1.6942797899246216,0,CORE23254-USD
1148,2024-05-13 10:00:00+00:00,1.6950528621673584,1.6950528621673584,1.6615357398986816,1.6694636344909668,1.6694636344909668,0,CORE23254-USD
1149,2024-05-13 11:00:00+00:00,1.6704578399658203,1.680753231048584,1.6630486249923706,1.680753231048584,1.680753231048584,0,CORE23254-USD
1150,2024-05-13 12:00:00+00:00,1.6791735887527466,1.6809674501419067,1.6678026914596558,1.6709049940109253,1.6709049940109253,0,CORE23254-USD
1151,2024-05-13 13:00:00+00:00,1.6710422039031982,1.6834397315979004,1.665535807609558,1.6834397315979004,1.6834397315979004,0,CORE23254-USD
1152,2024-05-13 14:00:00+00:00,1.6807767152786255,1.6961479187011719,1.6745365858078003,1.674681305885315,1.674681305885315,0,CORE23254-USD
1153,2024-05-13 15:00:00+00:00,1.6718538999557495,1.6876447200775146,1.6718538999557495,1.6876447200775146,1.6876447200775146,0,CORE23254-USD
1154,2024-05-13 16:00:00+00:00,1.6711276769638062,1.693587064743042,1.6597530841827393,1.6862918138504028,1.6862918138504028,0,CORE23254-USD
1155,2024-05-13 17:00:00+00:00,1.6910747289657593,1.6910747289657593,1.640547275543213,1.6440532207489014,1.6440532207489014,0,CORE23254-USD
1156,2024-05-13 18:00:00+00:00,1.6441218852996826,1.6441218852996826,1.6196260452270508,1.6352959871292114,1.6352959871292114,0,CORE23254-USD
1157,2024-05-13 19:00:00+00:00,1.6363260746002197,1.6622902154922485,1.6363260746002197,1.6622902154922485,1.6622902154922485,505760,CORE23254-USD
1158,2024-05-13 20:00:00+00:00,1.6577472686767578,1.6577472686767578,1.6476384401321411,1.6530494689941406,1.6530494689941406,0,CORE23254-USD
1159,2024-05-13 21:00:00+00:00,1.6540638208389282,1.6643925905227661,1.6493868827819824,1.6514884233474731,1.6514884233474731,0,CORE23254-USD
1160,2024-05-13 22:00:00+00:00,1.65836501121521,1.65836501121521,1.6444553136825562,1.6463149785995483,1.6463149785995483,193680,CORE23254-USD
1161,2024-05-13 23:00:00+00:00,1.6417322158813477,1.6444324254989624,1.637902021408081,1.642966628074646,1.642966628074646,0,CORE23254-USD
1162,2024-05-14 00:00:00+00:00,1.6451036930084229,1.6451036930084229,1.6277958154678345,1.6277958154678345,1.6277958154678345,0,CORE23254-USD
1163,2024-05-14 01:00:00+00:00,1.627458095550537,1.638249158859253,1.6159839630126953,1.6159839630126953,1.6159839630126953,0,CORE23254-USD
1164,2024-05-14 02:00:00+00:00,1.62000572681427,1.6230930089950562,1.6133244037628174,1.6217392683029175,1.6217392683029175,0,CORE23254-USD
1165,2024-05-14 03:00:00+00:00,1.622423529624939,1.6241909265518188,1.6139885187149048,1.6162959337234497,1.6162959337234497,0,CORE23254-USD
1166,2024-05-14 04:00:00+00:00,1.6215964555740356,1.6273293495178223,1.6162549257278442,1.6162549257278442,1.6162549257278442,0,CORE23254-USD
1167,2024-05-14 05:00:00+00:00,1.6161867380142212,1.6275262832641602,1.6160328388214111,1.6262286901474,1.6262286901474,0,CORE23254-USD
1168,2024-05-14 06:00:00+00:00,1.620784878730774,1.620784878730774,1.5756275653839111,1.5988099575042725,1.5988099575042725,1516040,CORE23254-USD
1169,2024-05-14 07:00:00+00:00,1.596655249595642,1.6115760803222656,1.596655249595642,1.6101566553115845,1.6101566553115845,0,CORE23254-USD
1170,2024-05-14 08:00:00+00:00,1.608561635017395,1.608561635017395,1.5967626571655273,1.6081383228302002,1.6081383228302002,0,CORE23254-USD
1171,2024-05-14 09:00:00+00:00,1.606665015220642,1.6260493993759155,1.6061311960220337,1.6173306703567505,1.6173306703567505,0,CORE23254-USD
1172,2024-05-14 10:00:00+00:00,1.6220229864120483,1.643051266670227,1.6220229864120483,1.636452555656433,1.636452555656433,167832,CORE23254-USD
1173,2024-05-14 11:00:00+00:00,1.6367580890655518,1.642258644104004,1.6278018951416016,1.6278018951416016,1.6278018951416016,0,CORE23254-USD
1174,2024-05-14 12:00:00+00:00,1.63106369972229,1.640479326248169,1.6119478940963745,1.612849235534668,1.612849235534668,872744,CORE23254-USD
1175,2024-05-14 13:00:00+00:00,1.6057358980178833,1.611703634262085,1.5931469202041626,1.5959391593933105,1.5959391593933105,0,CORE23254-USD
1176,2024-05-14 14:00:00+00:00,1.5938462018966675,1.5996665954589844,1.5745404958724976,1.585789442062378,1.585789442062378,505272,CORE23254-USD
1177,2024-05-14 15:00:00+00:00,1.5884861946105957,1.601257562637329,1.5863444805145264,1.5895277261734009,1.5895277261734009,76096,CORE23254-USD
1178,2024-05-14 16:00:00+00:00,1.5866444110870361,1.5866444110870361,1.5662987232208252,1.575866460800171,1.575866460800171,0,CORE23254-USD
1179,2024-05-14 17:00:00+00:00,1.5782619714736938,1.5782619714736938,1.5622330904006958,1.5696074962615967,1.5696074962615967,0,CORE23254-USD
1180,2024-05-14 18:00:00+00:00,1.5662431716918945,1.589424729347229,1.5662431716918945,1.5859450101852417,1.5859450101852417,0,CORE23254-USD
1181,2024-05-14 19:00:00+00:00,1.5946651697158813,1.6184139251708984,1.5939778089523315,1.6184139251708984,1.6184139251708984,436456,CORE23254-USD
1182,2024-05-14 20:00:00+00:00,1.6104466915130615,1.6154124736785889,1.6088958978652954,1.6126251220703125,1.6126251220703125,130048,CORE23254-USD
1183,2024-05-14 21:00:00+00:00,1.6102522611618042,1.611748456954956,1.5914231538772583,1.5989713668823242,1.5989713668823242,0,CORE23254-USD
1184,2024-05-14 22:00:00+00:00,1.5987392663955688,1.6040843725204468,1.588091492652893,1.5940990447998047,1.5940990447998047,0,CORE23254-USD
1185,2024-05-14 23:00:00+00:00,1.5910524129867554,1.5910524129867554,1.581099033355713,1.583117961883545,1.583117961883545,0,CORE23254-USD
1186,2024-05-15 00:00:00+00:00,1.5830967426300049,1.6018226146697998,1.5693604946136475,1.5693604946136475,1.5693604946136475,0,CORE23254-USD
1187,2024-05-15 01:00:00+00:00,1.5714635848999023,1.5979219675064087,1.5714635848999023,1.5908418893814087,1.5908418893814087,427400,CORE23254-USD
1188,2024-05-15 02:00:00+00:00,1.590601921081543,1.60117769241333,1.590601921081543,1.5915228128433228,1.5915228128433228,0,CORE23254-USD
1189,2024-05-15 03:00:00+00:00,1.5925261974334717,1.5925261974334717,1.583423137664795,1.5880368947982788,1.5880368947982788,195800,CORE23254-USD
1190,2024-05-15 04:00:00+00:00,1.5891627073287964,1.5899556875228882,1.5839983224868774,1.5899556875228882,1.5899556875228882,0,CORE23254-USD
1191,2024-05-15 05:00:00+00:00,1.5945125818252563,1.5952521562576294,1.5850510597229004,1.5868620872497559,1.5868620872497559,0,CORE23254-USD
1192,2024-05-15 06:00:00+00:00,1.5862243175506592,1.5862243175506592,1.5736968517303467,1.5819544792175293,1.5819544792175293,0,CORE23254-USD
1193,2024-05-15 07:00:00+00:00,1.5826106071472168,1.5830508470535278,1.5776170492172241,1.5827254056930542,1.5827254056930542,0,CORE23254-USD
1194,2024-05-15 08:00:00+00:00,1.5837043523788452,1.5837043523788452,1.5539106130599976,1.558203935623169,1.558203935623169,0,CORE23254-USD
1195,2024-05-15 09:00:00+00:00,1.5626484155654907,1.5626484155654907,1.5347260236740112,1.559373378753662,1.559373378753662,878656,CORE23254-USD
1196,2024-05-15 10:00:00+00:00,1.5520789623260498,1.5612252950668335,1.5487754344940186,1.5612252950668335,1.5612252950668335,0,CORE23254-USD
1197,2024-05-15 11:00:00+00:00,1.563804030418396,1.5725053548812866,1.542539358139038,1.549733281135559,1.549733281135559,2510988,CORE23254-USD
1198,2024-05-15 12:00:00+00:00,1.5464200973510742,1.6264094114303589,1.5427703857421875,1.6264094114303589,1.6264094114303589,4812532,CORE23254-USD
1199,2024-05-15 13:00:00+00:00,1.6257834434509277,1.647180199623108,1.6140106916427612,1.625788688659668,1.625788688659668,3178544,CORE23254-USD
1200,2024-05-15 14:00:00+00:00,1.6259148120880127,1.675909399986267,1.6259148120880127,1.671205997467041,1.671205997467041,1492544,CORE23254-USD
1201,2024-05-15 15:00:00+00:00,1.6646586656570435,1.686145544052124,1.6553452014923096,1.6842401027679443,1.6842401027679443,1811472,CORE23254-USD
1202,2024-05-15 16:00:00+00:00,1.6635090112686157,1.6895627975463867,1.6273016929626465,1.6370147466659546,1.6370147466659546,2784960,CORE23254-USD
1203,2024-05-15 17:00:00+00:00,1.635416030883789,1.660403847694397,1.6348259449005127,1.660403847694397,1.660403847694397,985416,CORE23254-USD
1204,2024-05-15 18:00:00+00:00,1.656169056892395,1.6863683462142944,1.656169056892395,1.671380877494812,1.671380877494812,1694672,CORE23254-USD
1205,2024-05-15 19:00:00+00:00,1.672444224357605,1.6759793758392334,1.6640514135360718,1.6759793758392334,1.6759793758392334,0,CORE23254-USD
1206,2024-05-15 20:00:00+00:00,1.6774877309799194,1.6918768882751465,1.674139142036438,1.6879935264587402,1.6879935264587402,433816,CORE23254-USD
1207,2024-05-15 21:00:00+00:00,1.6894526481628418,1.6911180019378662,1.673135757446289,1.673135757446289,1.673135757446289,0,CORE23254-USD
1208,2024-05-15 22:00:00+00:00,1.6734548807144165,1.6795499324798584,1.6660771369934082,1.6709790229797363,1.6709790229797363,255216,CORE23254-USD
1209,2024-05-15 23:00:00+00:00,1.6703993082046509,1.6831520795822144,1.6676714420318604,1.6789332628250122,1.6789332628250122,462120,CORE23254-USD
1210,2024-05-16 00:00:00+00:00,1.6795029640197754,1.742765188217163,1.6795029640197754,1.742765188217163,1.742765188217163,5496208,CORE23254-USD
1211,2024-05-16 01:00:00+00:00,1.7311142683029175,1.85891854763031,1.7311142683029175,1.8301067352294922,1.8301067352294922,14380624,CORE23254-USD
1212,2024-05-16 02:00:00+00:00,1.827525019645691,1.8363754749298096,1.785004734992981,1.7860784530639648,1.7860784530639648,9172536,CORE23254-USD
1213,2024-05-16 03:00:00+00:00,1.7898423671722412,1.7899187803268433,1.7696596384048462,1.786131739616394,1.786131739616394,3027072,CORE23254-USD
1214,2024-05-16 04:00:00+00:00,1.7901564836502075,1.8161842823028564,1.7872806787490845,1.8138800859451294,1.8138800859451294,3602552,CORE23254-USD
1215,2024-05-16 05:00:00+00:00,1.8146878480911255,1.856717586517334,1.7978010177612305,1.856717586517334,1.856717586517334,5882136,CORE23254-USD
1216,2024-05-16 06:00:00+00:00,1.8394520282745361,1.8477933406829834,1.809649109840393,1.8219630718231201,1.8219630718231201,4266992,CORE23254-USD
1217,2024-05-16 07:00:00+00:00,1.8176467418670654,1.8518025875091553,1.8176467418670654,1.842786431312561,1.842786431312561,5070832,CORE23254-USD
1218,2024-05-16 08:00:00+00:00,1.8445760011672974,1.8484220504760742,1.8193808794021606,1.8264796733856201,1.8264796733856201,2029648,CORE23254-USD
1219,2024-05-16 09:00:00+00:00,1.820466160774231,1.8465412855148315,1.8185217380523682,1.8194421529769897,1.8194421529769897,248448,CORE23254-USD
1220,2024-05-16 10:00:00+00:00,1.8216921091079712,1.8251842260360718,1.7955141067504883,1.7967946529388428,1.7967946529388428,497312,CORE23254-USD
1221,2024-05-16 11:00:00+00:00,1.796754240989685,1.8426047563552856,1.7921229600906372,1.8383723497390747,1.8383723497390747,869856,CORE23254-USD
1222,2024-05-16 12:00:00+00:00,1.8413289785385132,1.843799352645874,1.818359136581421,1.843799352645874,1.843799352645874,0,CORE23254-USD
1223,2024-05-16 13:00:00+00:00,1.8288811445236206,1.867119312286377,1.8136814832687378,1.8539059162139893,1.8539059162139893,3605936,CORE23254-USD
1224,2024-05-16 14:00:00+00:00,1.8547745943069458,1.8583569526672363,1.7790782451629639,1.7790782451629639,1.7790782451629639,1970192,CORE23254-USD
1225,2024-05-16 15:00:00+00:00,1.7697851657867432,1.852046251296997,1.7697851657867432,1.852046251296997,1.852046251296997,6415296,CORE23254-USD
1226,2024-05-16 16:00:00+00:00,1.8789998292922974,1.9368962049484253,1.822524905204773,1.8284822702407837,1.8284822702407837,11726528,CORE23254-USD
1227,2024-05-16 17:00:00+00:00,1.8359791040420532,1.8544979095458984,1.8359791040420532,1.8480772972106934,1.8480772972106934,3629664,CORE23254-USD
1228,2024-05-16 18:00:00+00:00,1.8457759618759155,1.8848762512207031,1.8424763679504395,1.8621591329574585,1.8621591329574585,3302720,CORE23254-USD
1229,2024-05-16 19:00:00+00:00,1.8571397066116333,1.8775861263275146,1.8571397066116333,1.8750691413879395,1.8750691413879395,1889248,CORE23254-USD
1230,2024-05-16 20:00:00+00:00,1.8726102113723755,1.8831079006195068,1.8607920408248901,1.8826624155044556,1.8826624155044556,1038432,CORE23254-USD
1231,2024-05-16 21:00:00+00:00,1.8850524425506592,1.9326659440994263,1.8850524425506592,1.9326659440994263,1.9326659440994263,4217344,CORE23254-USD
1232,2024-05-16 22:00:00+00:00,1.9311838150024414,1.9400453567504883,1.9134917259216309,1.9314597845077515,1.9314597845077515,2299504,CORE23254-USD
1233,2024-05-16 23:00:00+00:00,1.9177848100662231,1.9262598752975464,1.9052428007125854,1.910836100578308,1.910836100578308,1397280,CORE23254-USD
1234,2024-05-17 00:00:00+00:00,1.9118772745132446,1.9118772745132446,1.877974033355713,1.877974033355713,1.877974033355713,0,CORE23254-USD
1235,2024-05-17 01:00:00+00:00,1.8805720806121826,1.8805720806121826,1.85365629196167,1.87099289894104,1.87099289894104,0,CORE23254-USD
1236,2024-05-17 02:00:00+00:00,1.8688476085662842,1.8918412923812866,1.8598164319992065,1.8918412923812866,1.8918412923812866,0,CORE23254-USD
1237,2024-05-17 03:00:00+00:00,1.8975874185562134,1.8975874185562134,1.8690335750579834,1.8694719076156616,1.8694719076156616,0,CORE23254-USD
1238,2024-05-17 04:00:00+00:00,1.8681931495666504,1.8681931495666504,1.8377538919448853,1.8377538919448853,1.8377538919448853,0,CORE23254-USD
1239,2024-05-17 05:00:00+00:00,1.8351422548294067,1.8404943943023682,1.8175239562988281,1.8175239562988281,1.8175239562988281,0,CORE23254-USD
1240,2024-05-17 06:00:00+00:00,1.8206932544708252,1.8334780931472778,1.8158546686172485,1.8334780931472778,1.8334780931472778,0,CORE23254-USD
1241,2024-05-17 07:00:00+00:00,1.8339802026748657,1.8550705909729004,1.8339802026748657,1.8386003971099854,1.8386003971099854,0,CORE23254-USD
1242,2024-05-17 08:00:00+00:00,1.8466287851333618,1.8466287851333618,1.8255287408828735,1.8255287408828735,1.8255287408828735,0,CORE23254-USD
1243,2024-05-17 09:00:00+00:00,1.8262871503829956,1.8340274095535278,1.8256199359893799,1.8280328512191772,1.8280328512191772,0,CORE23254-USD
1244,2024-05-17 10:00:00+00:00,1.8273048400878906,1.853275179862976,1.8273048400878906,1.853275179862976,1.853275179862976,0,CORE23254-USD
1245,2024-05-17 11:00:00+00:00,1.8489735126495361,1.8489735126495361,1.832381010055542,1.836541771888733,1.836541771888733,0,CORE23254-USD
1246,2024-05-17 12:00:00+00:00,1.8353791236877441,1.8495088815689087,1.8306381702423096,1.8495088815689087,1.8495088815689087,0,CORE23254-USD
1247,2024-05-17 13:00:00+00:00,1.8423259258270264,1.8423259258270264,1.831313967704773,1.8416885137557983,1.8416885137557983,0,CORE23254-USD
1248,2024-05-17 14:00:00+00:00,1.8387430906295776,1.8499884605407715,1.832972764968872,1.844451904296875,1.844451904296875,0,CORE23254-USD
1249,2024-05-17 15:00:00+00:00,1.848141074180603,1.884259581565857,1.841251015663147,1.871702790260315,1.871702790260315,0,CORE23254-USD
1250,2024-05-17 16:00:00+00:00,1.8671566247940063,1.8671566247940063,1.839045763015747,1.839045763015747,1.839045763015747,0,CORE23254-USD
1251,2024-05-17 17:00:00+00:00,1.8369983434677124,1.8496228456497192,1.8369983434677124,1.8496228456497192,1.8496228456497192,0,CORE23254-USD
1252,2024-05-17 18:00:00+00:00,1.8510804176330566,1.8543826341629028,1.8307569026947021,1.848605990409851,1.848605990409851,0,CORE23254-USD
1253,2024-05-17 19:00:00+00:00,1.8465667963027954,1.8465667963027954,1.8272126913070679,1.832595705986023,1.832595705986023,0,CORE23254-USD
1254,2024-05-17 20:00:00+00:00,1.8354450464248657,1.8430832624435425,1.8335269689559937,1.8430832624435425,1.8430832624435425,0,CORE23254-USD
1255,2024-05-17 21:00:00+00:00,1.8418629169464111,1.8597168922424316,1.8396357297897339,1.8535789251327515,1.8535789251327515,0,CORE23254-USD
1256,2024-05-17 22:00:00+00:00,1.8548104763031006,1.88118314743042,1.8548104763031006,1.8809610605239868,1.8809610605239868,0,CORE23254-USD
1257,2024-05-17 23:00:00+00:00,1.874022126197815,1.874022126197815,1.848047137260437,1.8501601219177246,1.8501601219177246,0,CORE23254-USD
1258,2024-05-18 00:00:00+00:00,1.8504515886306763,1.8848854303359985,1.8504515886306763,1.8702669143676758,1.8702669143676758,46528,CORE23254-USD
1259,2024-05-18 01:00:00+00:00,1.8726019859313965,1.8726019859313965,1.848307728767395,1.8647698163986206,1.8647698163986206,0,CORE23254-USD
1260,2024-05-18 02:00:00+00:00,1.8578845262527466,1.8777832984924316,1.8578845262527466,1.8706389665603638,1.8706389665603638,64608,CORE23254-USD
1261,2024-05-18 03:00:00+00:00,1.868526816368103,1.8779349327087402,1.868526816368103,1.8735458850860596,1.8735458850860596,0,CORE23254-USD
1262,2024-05-18 04:00:00+00:00,1.8753952980041504,1.8753952980041504,1.8548893928527832,1.8598906993865967,1.8598906993865967,0,CORE23254-USD
1263,2024-05-18 05:00:00+00:00,1.85655677318573,1.85655677318573,1.847685694694519,1.8564238548278809,1.8564238548278809,0,CORE23254-USD
1264,2024-05-18 06:00:00+00:00,1.8548510074615479,1.857033610343933,1.8486484289169312,1.8569856882095337,1.8569856882095337,0,CORE23254-USD
1265,2024-05-18 07:00:00+00:00,1.8561222553253174,1.8692536354064941,1.8561222553253174,1.8616584539413452,1.8616584539413452,0,CORE23254-USD
1266,2024-05-18 08:00:00+00:00,1.8623344898223877,1.87837815284729,1.8623344898223877,1.8768759965896606,1.8768759965896606,0,CORE23254-USD
1267,2024-05-18 09:00:00+00:00,1.8721407651901245,1.8924908638000488,1.8721407651901245,1.8924908638000488,1.8924908638000488,359792,CORE23254-USD
1268,2024-05-18 10:00:00+00:00,1.883705973625183,1.8860933780670166,1.8755295276641846,1.8792445659637451,1.8792445659637451,264352,CORE23254-USD
1269,2024-05-18 11:00:00+00:00,1.8833333253860474,1.8962562084197998,1.8833333253860474,1.8898307085037231,1.8898307085037231,345016,CORE23254-USD
1270,2024-05-18 12:00:00+00:00,1.890615463256836,1.8929226398468018,1.876084327697754,1.8871194124221802,1.8871194124221802,0,CORE23254-USD
1271,2024-05-18 13:00:00+00:00,1.8882826566696167,1.8882826566696167,1.8533848524093628,1.8533848524093628,1.8533848524093628,0,CORE23254-USD
1272,2024-05-18 14:00:00+00:00,1.8438729047775269,1.850748062133789,1.827499270439148,1.8312171697616577,1.8312171697616577,1453608,CORE23254-USD
1273,2024-05-18 15:00:00+00:00,1.8334652185440063,1.8711634874343872,1.8302451372146606,1.8711634874343872,1.8711634874343872,0,CORE23254-USD
1274,2024-05-18 16:00:00+00:00,1.8770346641540527,1.9312024116516113,1.8662781715393066,1.8887499570846558,1.8887499570846558,5355264,CORE23254-USD
1275,2024-05-18 17:00:00+00:00,1.8786066770553589,1.9057245254516602,1.8783429861068726,1.8835235834121704,1.8835235834121704,2010480,CORE23254-USD
1276,2024-05-18 18:00:00+00:00,1.886334776878357,1.8963223695755005,1.8833900690078735,1.8919123411178589,1.8919123411178589,437104,CORE23254-USD
1277,2024-05-18 19:00:00+00:00,1.8823673725128174,1.8961390256881714,1.8823673725128174,1.8854761123657227,1.8854761123657227,0,CORE23254-USD
1278,2024-05-18 20:00:00+00:00,1.8781850337982178,1.8845878839492798,1.8760888576507568,1.881266474723816,1.881266474723816,44312,CORE23254-USD
1279,2024-05-18 21:00:00+00:00,1.8751022815704346,1.8751022815704346,1.85410737991333,1.8603156805038452,1.8603156805038452,0,CORE23254-USD
1280,2024-05-18 22:00:00+00:00,1.8618950843811035,1.8701610565185547,1.8618950843811035,1.8660454750061035,1.8660454750061035,0,CORE23254-USD
1281,2024-05-18 23:00:00+00:00,1.866502285003662,1.866502285003662,1.854025959968567,1.854025959968567,1.854025959968567,0,CORE23254-USD
1282,2024-05-19 00:00:00+00:00,1.856570839881897,1.856570839881897,1.8492034673690796,1.8521497249603271,1.8521497249603271,0,CORE23254-USD
1283,2024-05-19 01:00:00+00:00,1.8517844676971436,1.8658103942871094,1.8517844676971436,1.8559210300445557,1.8559210300445557,0,CORE23254-USD
1284,2024-05-19 02:00:00+00:00,1.8589187860488892,1.8674616813659668,1.8589187860488892,1.8663543462753296,1.8663543462753296,0,CORE23254-USD
1285,2024-05-19 03:00:00+00:00,1.8653602600097656,1.8653602600097656,1.8569484949111938,1.8635936975479126,1.8635936975479126,0,CORE23254-USD
1286,2024-05-19 04:00:00+00:00,1.8633664846420288,1.8633664846420288,1.8514710664749146,1.8562062978744507,1.8562062978744507,0,CORE23254-USD
1287,2024-05-19 05:00:00+00:00,1.8559446334838867,1.8605560064315796,1.8528703451156616,1.8528703451156616,1.8528703451156616,0,CORE23254-USD
1288,2024-05-19 06:00:00+00:00,1.852350115776062,1.8527028560638428,1.8364167213439941,1.8433685302734375,1.8433685302734375,0,CORE23254-USD
1289,2024-05-19 07:00:00+00:00,1.8454277515411377,1.8516654968261719,1.8407446146011353,1.845870018005371,1.845870018005371,0,CORE23254-USD
1290,2024-05-19 08:00:00+00:00,1.847174882888794,1.8481475114822388,1.8352677822113037,1.8384538888931274,1.8384538888931274,0,CORE23254-USD
1291,2024-05-19 09:00:00+00:00,1.8404287099838257,1.8423428535461426,1.8329205513000488,1.8338627815246582,1.8338627815246582,0,CORE23254-USD
1292,2024-05-19 10:00:00+00:00,1.8360675573349,1.8515127897262573,1.8360644578933716,1.8451658487319946,1.8451658487319946,0,CORE23254-USD
1293,2024-05-19 11:00:00+00:00,1.8441706895828247,1.8441706895828247,1.8301526308059692,1.841052532196045,1.841052532196045,0,CORE23254-USD
1294,2024-05-19 12:00:00+00:00,1.8424826860427856,1.8424826860427856,1.8145167827606201,1.8145167827606201,1.8145167827606201,0,CORE23254-USD
1295,2024-05-19 13:00:00+00:00,1.8174182176589966,1.8197869062423706,1.7976329326629639,1.8197869062423706,1.8197869062423706,127236,CORE23254-USD
1296,2024-05-19 14:00:00+00:00,1.8130735158920288,1.8130735158920288,1.7957459688186646,1.8055391311645508,1.8055391311645508,0,CORE23254-USD
1297,2024-05-19 15:00:00+00:00,1.808889389038086,1.8101063966751099,1.7994170188903809,1.8082176446914673,1.8082176446914673,0,CORE23254-USD
1298,2024-05-19 16:00:00+00:00,1.8131927251815796,1.8209484815597534,1.7804158926010132,1.7804158926010132,1.7804158926010132,0,CORE23254-USD
1299,2024-05-19 17:00:00+00:00,1.7824562788009644,1.792325496673584,1.7824562788009644,1.792325496673584,1.792325496673584,0,CORE23254-USD
1300,2024-05-19 18:00:00+00:00,1.7921721935272217,1.7948850393295288,1.784713864326477,1.7866734266281128,1.7866734266281128,0,CORE23254-USD
1301,2024-05-19 19:00:00+00:00,1.7855135202407837,1.804376482963562,1.78537118434906,1.7902953624725342,1.7902953624725342,148960,CORE23254-USD
1302,2024-05-19 20:00:00+00:00,1.790664553642273,1.7914807796478271,1.7777482271194458,1.7785401344299316,1.7785401344299316,0,CORE23254-USD
1303,2024-05-19 21:00:00+00:00,1.7740925550460815,1.7761297225952148,1.7594369649887085,1.7699289321899414,1.7699289321899414,347828,CORE23254-USD
1304,2024-05-19 22:00:00+00:00,1.769349217414856,1.7881789207458496,1.769349217414856,1.7768809795379639,1.7768809795379639,170036,CORE23254-USD
1305,2024-05-19 23:00:00+00:00,1.7759678363800049,1.7759678363800049,1.7630728483200073,1.7639020681381226,1.7639020681381226,1868,CORE23254-USD
1306,2024-05-20 00:00:00+00:00,1.7643122673034668,1.766971468925476,1.7439476251602173,1.7652170658111572,1.7652170658111572,971244,CORE23254-USD
1307,2024-05-20 01:00:00+00:00,1.7631338834762573,1.7631869316101074,1.7404576539993286,1.7540780305862427,1.7540780305862427,1338880,CORE23254-USD
1308,2024-05-20 02:00:00+00:00,1.7541961669921875,1.7580088376998901,1.7475314140319824,1.7518510818481445,1.7518510818481445,560324,CORE23254-USD
1309,2024-05-20 03:00:00+00:00,1.7544456720352173,1.7606573104858398,1.7544456720352173,1.754476547241211,1.754476547241211,223080,CORE23254-USD
1310,2024-05-20 04:00:00+00:00,1.756492257118225,1.7895759344100952,1.756492257118225,1.7811899185180664,1.7811899185180664,1203380,CORE23254-USD
1311,2024-05-20 05:00:00+00:00,1.782663345336914,1.791640281677246,1.782663345336914,1.791640281677246,1.791640281677246,1843792,CORE23254-USD
1312,2024-05-20 06:00:00+00:00,1.7909760475158691,1.7909760475158691,1.763735294342041,1.763735294342041,1.763735294342041,94104,CORE23254-USD
1313,2024-05-20 07:00:00+00:00,1.7607016563415527,1.7811259031295776,1.7607016563415527,1.7751532793045044,1.7751532793045044,956556,CORE23254-USD
1314,2024-05-20 08:00:00+00:00,1.7756140232086182,1.7878273725509644,1.7749512195587158,1.7878273725509644,1.7878273725509644,90772,CORE23254-USD
1315,2024-05-20 09:00:00+00:00,1.7843002080917358,1.7871179580688477,1.7778044939041138,1.7780117988586426,1.7780117988586426,0,CORE23254-USD
1316,2024-05-20 10:00:00+00:00,1.775024652481079,1.7840527296066284,1.775024652481079,1.7839938402175903,1.7839938402175903,375476,CORE23254-USD
1317,2024-05-20 11:00:00+00:00,1.7821029424667358,1.7881879806518555,1.7814980745315552,1.7843540906906128,1.7843540906906128,0,CORE23254-USD
1318,2024-05-20 12:00:00+00:00,1.7835674285888672,1.7853121757507324,1.7739940881729126,1.7757556438446045,1.7757556438446045,0,CORE23254-USD
1319,2024-05-20 13:00:00+00:00,1.7765116691589355,1.7822166681289673,1.7676162719726562,1.772613525390625,1.772613525390625,0,CORE23254-USD
1320,2024-05-20 14:00:00+00:00,1.774137258529663,1.774137258529663,1.7557357549667358,1.7574046850204468,1.7574046850204468,0,CORE23254-USD
1321,2024-05-20 15:00:00+00:00,1.759227991104126,1.7802655696868896,1.758201241493225,1.7788370847702026,1.7788370847702026,812416,CORE23254-USD
1322,2024-05-20 16:00:00+00:00,1.778623342514038,1.782728910446167,1.7613251209259033,1.7812516689300537,1.7812516689300537,0,CORE23254-USD
1323,2024-05-20 17:00:00+00:00,1.7754191160202026,1.788607120513916,1.769930124282837,1.779041051864624,1.779041051864624,873080,CORE23254-USD
1324,2024-05-20 18:00:00+00:00,1.7843029499053955,1.7848169803619385,1.7684500217437744,1.7684500217437744,1.7684500217437744,380324,CORE23254-USD
1325,2024-05-20 19:00:00+00:00,1.7668205499649048,1.8111388683319092,1.7564111948013306,1.808891773223877,1.808891773223877,2322684,CORE23254-USD
1326,2024-05-20 20:00:00+00:00,1.8168293237686157,1.8292804956436157,1.7947590351104736,1.8206247091293335,1.8206247091293335,3067520,CORE23254-USD
1327,2024-05-20 21:00:00+00:00,1.8169066905975342,1.8406826257705688,1.8061027526855469,1.8406826257705688,1.8406826257705688,1168668,CORE23254-USD
1328,2024-05-20 22:00:00+00:00,1.8459395170211792,1.862781286239624,1.8385416269302368,1.8455716371536255,1.8455716371536255,3648228,CORE23254-USD
1329,2024-05-20 23:00:00+00:00,1.8442904949188232,1.8595715761184692,1.8353164196014404,1.8588987588882446,1.8588987588882446,3188336,CORE23254-USD
1330,2024-05-21 00:00:00+00:00,1.8580427169799805,1.8943805694580078,1.8580427169799805,1.8680723905563354,1.8680723905563354,2003864,CORE23254-USD
1331,2024-05-21 01:00:00+00:00,1.8630009889602661,1.8630009889602661,1.833415150642395,1.8500041961669922,1.8500041961669922,1431704,CORE23254-USD
1332,2024-05-21 02:00:00+00:00,1.8483295440673828,1.8483295440673828,1.8374675512313843,1.8471107482910156,1.8471107482910156,1236536,CORE23254-USD
1333,2024-05-21 03:00:00+00:00,1.8447657823562622,1.8610377311706543,1.8443471193313599,1.8610377311706543,1.8610377311706543,1777712,CORE23254-USD
1334,2024-05-21 04:00:00+00:00,1.8635908365249634,1.8651015758514404,1.8455708026885986,1.8455708026885986,1.8455708026885986,512864,CORE23254-USD
1335,2024-05-21 05:00:00+00:00,1.8458240032196045,1.8564356565475464,1.8449597358703613,1.8548433780670166,1.8548433780670166,403832,CORE23254-USD
1336,2024-05-21 06:00:00+00:00,1.8530340194702148,1.8588401079177856,1.8496657609939575,1.853842854499817,1.853842854499817,144264,CORE23254-USD
1337,2024-05-21 07:00:00+00:00,1.8532265424728394,1.8548197746276855,1.8443480730056763,1.8509936332702637,1.8509936332702637,0,CORE23254-USD
1338,2024-05-21 08:00:00+00:00,1.8472434282302856,1.847861647605896,1.8426003456115723,1.8442405462265015,1.8442405462265015,310648,CORE23254-USD
1339,2024-05-21 09:00:00+00:00,1.8455383777618408,1.849800944328308,1.8455383777618408,1.8485740423202515,1.8485740423202515,657416,CORE23254-USD
1340,2024-05-21 10:00:00+00:00,1.8477404117584229,1.856062650680542,1.8472713232040405,1.851579189300537,1.851579189300537,496680,CORE23254-USD
1341,2024-05-21 11:00:00+00:00,1.8510535955429077,1.8637616634368896,1.8510535955429077,1.8521252870559692,1.8521252870559692,1301856,CORE23254-USD
1342,2024-05-21 12:00:00+00:00,1.8506308794021606,1.8506308794021606,1.8427480459213257,1.8458948135375977,1.8458948135375977,1947984,CORE23254-USD
1343,2024-05-21 13:00:00+00:00,1.8520722389221191,1.8728572130203247,1.8483246564865112,1.8521209955215454,1.8521209955215454,1277688,CORE23254-USD
1344,2024-05-21 14:00:00+00:00,1.8513721227645874,1.8587557077407837,1.8454627990722656,1.8463822603225708,1.8463822603225708,1262696,CORE23254-USD
1345,2024-05-21 15:00:00+00:00,1.8459928035736084,1.8535982370376587,1.8284250497817993,1.8284250497817993,1.8284250497817993,604696,CORE23254-USD
1346,2024-05-21 16:00:00+00:00,1.8291977643966675,1.8416359424591064,1.8218095302581787,1.8333543539047241,1.8333543539047241,1451968,CORE23254-USD
1347,2024-05-21 17:00:00+00:00,1.8312658071517944,1.8312658071517944,1.8175129890441895,1.820781946182251,1.820781946182251,0,CORE23254-USD
1348,2024-05-21 18:00:00+00:00,1.8255842924118042,1.8299663066864014,1.809590220451355,1.8116854429244995,1.8116854429244995,69992,CORE23254-USD
1349,2024-05-21 19:00:00+00:00,1.81190824508667,1.81190824508667,1.7832914590835571,1.788583755493164,1.788583755493164,0,CORE23254-USD
1350,2024-05-21 20:00:00+00:00,1.7856124639511108,1.8036389350891113,1.7856124639511108,1.7992476224899292,1.7992476224899292,0,CORE23254-USD
1351,2024-05-21 21:00:00+00:00,1.796724557876587,1.7972829341888428,1.7798349857330322,1.7873508930206299,1.7873508930206299,0,CORE23254-USD
1352,2024-05-21 22:00:00+00:00,1.7919496297836304,1.807050347328186,1.7919496297836304,1.807050347328186,1.807050347328186,0,CORE23254-USD
1353,2024-05-21 23:00:00+00:00,1.8107284307479858,1.8117791414260864,1.8020707368850708,1.8076878786087036,1.8076878786087036,0,CORE23254-USD
1354,2024-05-22 00:00:00+00:00,1.8087857961654663,1.8238166570663452,1.8087857961654663,1.8104078769683838,1.8104078769683838,0,CORE23254-USD
1355,2024-05-22 01:00:00+00:00,1.8088185787200928,1.8229525089263916,1.8088185787200928,1.82179856300354,1.82179856300354,0,CORE23254-USD
1356,2024-05-22 02:00:00+00:00,1.8210078477859497,1.8219867944717407,1.8098506927490234,1.8122143745422363,1.8122143745422363,0,CORE23254-USD
1357,2024-05-22 03:00:00+00:00,1.8065314292907715,1.8109984397888184,1.8015942573547363,1.8109984397888184,1.8109984397888184,0,CORE23254-USD
1358,2024-05-22 04:00:00+00:00,1.8123756647109985,1.8139877319335938,1.7821335792541504,1.792601466178894,1.792601466178894,0,CORE23254-USD
1359,2024-05-22 05:00:00+00:00,1.7926170825958252,1.7990089654922485,1.786613941192627,1.795169711112976,1.795169711112976,0,CORE23254-USD
1360,2024-05-22 06:00:00+00:00,1.7946666479110718,1.8074787855148315,1.7946666479110718,1.8032118082046509,1.8032118082046509,0,CORE23254-USD
1361,2024-05-22 07:00:00+00:00,1.803795337677002,1.803795337677002,1.7917606830596924,1.7978814840316772,1.7978814840316772,0,CORE23254-USD
1362,2024-05-22 08:00:00+00:00,1.79641854763031,1.801911473274231,1.7907747030258179,1.800395131111145,1.800395131111145,0,CORE23254-USD
1363,2024-05-22 09:00:00+00:00,1.79898202419281,1.79898202419281,1.7888957262039185,1.7905375957489014,1.7905375957489014,0,CORE23254-USD
1364,2024-05-22 10:00:00+00:00,1.7864607572555542,1.7927992343902588,1.7848803997039795,1.7857208251953125,1.7857208251953125,0,CORE23254-USD
1365,2024-05-22 11:00:00+00:00,1.7808797359466553,1.7815617322921753,1.7589056491851807,1.7589056491851807,1.7589056491851807,0,CORE23254-USD
1366,2024-05-22 12:00:00+00:00,1.7577264308929443,1.7639061212539673,1.7117362022399902,1.7117362022399902,1.7117362022399902,365992,CORE23254-USD
1367,2024-05-22 13:00:00+00:00,1.7152156829833984,1.7222810983657837,1.7127816677093506,1.720394253730774,1.720394253730774,571604,CORE23254-USD
1368,2024-05-22 14:00:00+00:00,1.7259924411773682,1.7403581142425537,1.719417691230774,1.7403581142425537,1.7403581142425537,0,CORE23254-USD
1369,2024-05-22 15:00:00+00:00,1.7368258237838745,1.7565470933914185,1.7297056913375854,1.7521642446517944,1.7521642446517944,0,CORE23254-USD
1370,2024-05-22 16:00:00+00:00,1.7497035264968872,1.7497035264968872,1.7208353281021118,1.7262928485870361,1.7262928485870361,0,CORE23254-USD
1371,2024-05-22 17:00:00+00:00,1.7266075611114502,1.729348063468933,1.71510648727417,1.7163926362991333,1.7163926362991333,0,CORE23254-USD
1372,2024-05-22 18:00:00+00:00,1.7181506156921387,1.7181506156921387,1.7084964513778687,1.7154922485351562,1.7154922485351562,220432,CORE23254-USD
1373,2024-05-22 19:00:00+00:00,1.7113145589828491,1.7167407274246216,1.7079588174819946,1.7097749710083008,1.7097749710083008,0,CORE23254-USD
1374,2024-05-22 20:00:00+00:00,1.7113301753997803,1.7139827013015747,1.7019349336624146,1.70287024974823,1.70287024974823,561568,CORE23254-USD
1375,2024-05-22 21:00:00+00:00,1.706912875175476,1.7193400859832764,1.7006334066390991,1.7193400859832764,1.7193400859832764,65572,CORE23254-USD
1376,2024-05-22 22:00:00+00:00,1.7183926105499268,1.7183926105499268,1.702778697013855,1.702778697013855,1.702778697013855,0,CORE23254-USD
1377,2024-05-22 23:00:00+00:00,1.703771710395813,1.703771710395813,1.682089924812317,1.6838493347167969,1.6838493347167969,413240,CORE23254-USD
1378,2024-05-23 00:00:00+00:00,1.6846802234649658,1.6890770196914673,1.6806857585906982,1.6856991052627563,1.6856991052627563,0,CORE23254-USD
1379,2024-05-23 01:00:00+00:00,1.6854130029678345,1.6854130029678345,1.6715714931488037,1.6840463876724243,1.6840463876724243,584776,CORE23254-USD
1380,2024-05-23 02:00:00+00:00,1.685050368309021,1.688417911529541,1.6832802295684814,1.6875134706497192,1.6875134706497192,0,CORE23254-USD
1381,2024-05-23 03:00:00+00:00,1.6911119222640991,1.6919900178909302,1.6873310804367065,1.6919900178909302,1.6919900178909302,58512,CORE23254-USD
1382,2024-05-23 04:00:00+00:00,1.693425178527832,1.6943492889404297,1.686133861541748,1.693209171295166,1.693209171295166,0,CORE23254-USD
1383,2024-05-23 05:00:00+00:00,1.6918692588806152,1.6923468112945557,1.6786346435546875,1.6786346435546875,1.6786346435546875,0,CORE23254-USD
1384,2024-05-23 06:00:00+00:00,1.6824591159820557,1.6894358396530151,1.674802541732788,1.6894358396530151,1.6894358396530151,396948,CORE23254-USD
1385,2024-05-23 07:00:00+00:00,1.6902742385864258,1.6932189464569092,1.6865314245224,1.6905410289764404,1.6905410289764404,381128,CORE23254-USD
1386,2024-05-23 08:00:00+00:00,1.6898962259292603,1.691490650177002,1.6774678230285645,1.6790187358856201,1.6790187358856201,68892,CORE23254-USD
1387,2024-05-23 09:00:00+00:00,1.68181574344635,1.68181574344635,1.6709932088851929,1.6735278367996216,1.6735278367996216,294312,CORE23254-USD
1388,2024-05-23 10:00:00+00:00,1.6664999723434448,1.6799790859222412,1.6664999723434448,1.674883246421814,1.674883246421814,364284,CORE23254-USD
1389,2024-05-23 11:00:00+00:00,1.6726819276809692,1.6899324655532837,1.6726819276809692,1.6899324655532837,1.6899324655532837,0,CORE23254-USD
1390,2024-05-23 12:00:00+00:00,1.6887433528900146,1.6920335292816162,1.6798481941223145,1.6798481941223145,1.6798481941223145,0,CORE23254-USD
1391,2024-05-23 13:00:00+00:00,1.6483403444290161,1.6483403444290161,1.6084036827087402,1.6084036827087402,1.6084036827087402,3353336,CORE23254-USD
1392,2024-05-23 14:00:00+00:00,1.6155978441238403,1.6265774965286255,1.6071391105651855,1.6071391105651855,1.6071391105651855,988220,CORE23254-USD
1393,2024-05-23 15:00:00+00:00,1.606568455696106,1.6199872493743896,1.6045407056808472,1.614335298538208,1.614335298538208,0,CORE23254-USD
1394,2024-05-23 16:00:00+00:00,1.6210259199142456,1.6210259199142456,1.5933594703674316,1.5933594703674316,1.5933594703674316,72424,CORE23254-USD
1395,2024-05-23 17:00:00+00:00,1.5981106758117676,1.6000454425811768,1.5934267044067383,1.5954216718673706,1.5954216718673706,0,CORE23254-USD
1396,2024-05-23 18:00:00+00:00,1.5941734313964844,1.5941734313964844,1.566407322883606,1.5816563367843628,1.5816563367843628,1041096,CORE23254-USD
1397,2024-05-23 19:00:00+00:00,1.580988883972168,1.580988883972168,1.573967456817627,1.5748217105865479,1.5748217105865479,655656,CORE23254-USD
1398,2024-05-23 20:00:00+00:00,1.575376033782959,1.5758707523345947,1.5351085662841797,1.5758707523345947,1.5758707523345947,3245408,CORE23254-USD
1399,2024-05-23 21:00:00+00:00,1.5748437643051147,1.6009573936462402,1.5748437643051147,1.6006989479064941,1.6006989479064941,2927416,CORE23254-USD
1400,2024-05-23 22:00:00+00:00,1.607144832611084,1.607144832611084,1.5925955772399902,1.600631594657898,1.600631594657898,1391432,CORE23254-USD
1401,2024-05-23 23:00:00+00:00,1.6041446924209595,1.6167559623718262,1.602126121520996,1.6135368347167969,1.6135368347167969,0,CORE23254-USD
1402,2024-05-24 00:00:00+00:00,1.614664912223816,1.6683650016784668,1.614664912223816,1.6683650016784668,1.6683650016784668,2448480,CORE23254-USD
1403,2024-05-24 01:00:00+00:00,1.662347674369812,1.662347674369812,1.643675684928894,1.6608036756515503,1.6608036756515503,1146848,CORE23254-USD
1404,2024-05-24 02:00:00+00:00,1.6542832851409912,1.657629370689392,1.6416484117507935,1.6530224084854126,1.6530224084854126,957616,CORE23254-USD
1405,2024-05-24 03:00:00+00:00,1.6500499248504639,1.6544382572174072,1.6454505920410156,1.6483104228973389,1.6483104228973389,370104,CORE23254-USD
1406,2024-05-24 04:00:00+00:00,1.6513197422027588,1.6529579162597656,1.634884238243103,1.635241150856018,1.635241150856018,461800,CORE23254-USD
1407,2024-05-24 05:00:00+00:00,1.6320557594299316,1.6320557594299316,1.6062817573547363,1.619374394416809,1.619374394416809,1955928,CORE23254-USD
1408,2024-05-24 06:00:00+00:00,1.6143102645874023,1.631116271018982,1.6020991802215576,1.6113735437393188,1.6113735437393188,1296856,CORE23254-USD
1409,2024-05-24 07:00:00+00:00,1.6030058860778809,1.6524296998977661,1.5989627838134766,1.6419322490692139,1.6419322490692139,2846888,CORE23254-USD
1410,2024-05-24 08:00:00+00:00,1.644549012184143,1.6687941551208496,1.644549012184143,1.6687941551208496,1.6687941551208496,2710192,CORE23254-USD
1411,2024-05-24 09:00:00+00:00,1.6637870073318481,1.6637870073318481,1.640429973602295,1.6419655084609985,1.6419655084609985,1077064,CORE23254-USD
1412,2024-05-24 10:00:00+00:00,1.6444977521896362,1.6618189811706543,1.6407577991485596,1.656599760055542,1.656599760055542,1116536,CORE23254-USD
1413,2024-05-24 11:00:00+00:00,1.6534031629562378,1.662725806236267,1.6500890254974365,1.6586402654647827,1.6586402654647827,426160,CORE23254-USD
1414,2024-05-24 12:00:00+00:00,1.6563787460327148,1.6563787460327148,1.6356903314590454,1.6356903314590454,1.6356903314590454,0,CORE23254-USD
1415,2024-05-24 13:00:00+00:00,1.640123963356018,1.6556236743927002,1.640123963356018,1.640437364578247,1.640437364578247,0,CORE23254-USD
1416,2024-05-24 14:00:00+00:00,1.6429160833358765,1.655562400817871,1.6397370100021362,1.6528559923171997,1.6528559923171997,0,CORE23254-USD
1417,2024-05-24 15:00:00+00:00,1.6531665325164795,1.658854603767395,1.6435048580169678,1.644356369972229,1.644356369972229,0,CORE23254-USD
1418,2024-05-24 16:00:00+00:00,1.6446367502212524,1.6446367502212524,1.621867299079895,1.6303117275238037,1.6303117275238037,0,CORE23254-USD
1419,2024-05-24 17:00:00+00:00,1.6264890432357788,1.6657565832138062,1.6235318183898926,1.6657565832138062,1.6657565832138062,2359896,CORE23254-USD
1420,2024-05-24 18:00:00+00:00,1.6940497159957886,1.723711609840393,1.673278570175171,1.723711609840393,1.723711609840393,10624896,CORE23254-USD
1421,2024-05-24 19:00:00+00:00,1.719195008277893,1.8008025884628296,1.719195008277893,1.8008025884628296,1.8008025884628296,10335688,CORE23254-USD
1422,2024-05-24 20:00:00+00:00,1.8532330989837646,2.0290324687957764,1.8371027708053589,1.9749236106872559,1.9749236106872559,19937456,CORE23254-USD
1423,2024-05-24 21:00:00+00:00,1.9628475904464722,1.9721448421478271,1.9180279970169067,1.9721448421478271,1.9721448421478271,10770976,CORE23254-USD
1424,2024-05-24 22:00:00+00:00,1.9529787302017212,1.9529787302017212,1.9056695699691772,1.9056695699691772,1.9056695699691772,3191184,CORE23254-USD
1425,2024-05-24 23:00:00+00:00,1.9070870876312256,1.9083130359649658,1.8662142753601074,1.8803550004959106,1.8803550004959106,3397792,CORE23254-USD
1426,2024-05-25 00:00:00+00:00,1.8812438249588013,1.8848190307617188,1.8486087322235107,1.8606375455856323,1.8606375455856323,860128,CORE23254-USD
1427,2024-05-25 01:00:00+00:00,1.8623480796813965,1.9450294971466064,1.8623480796813965,1.925571322441101,1.925571322441101,6655024,CORE23254-USD
1428,2024-05-25 02:00:00+00:00,1.9215277433395386,1.9470261335372925,1.9215277433395386,1.935864806175232,1.935864806175232,4012176,CORE23254-USD
1429,2024-05-25 03:00:00+00:00,1.9352298974990845,1.9501490592956543,1.923219919204712,1.9501490592956543,1.9501490592956543,2590272,CORE23254-USD
1430,2024-05-25 04:00:00+00:00,1.965850591659546,2.0249154567718506,1.9536837339401245,2.0249154567718506,2.0249154567718506,7502624,CORE23254-USD
1431,2024-05-25 05:00:00+00:00,2.0475857257843018,2.0475857257843018,1.991469383239746,2.0218682289123535,2.0218682289123535,7172288,CORE23254-USD
1432,2024-05-25 06:00:00+00:00,2.0125467777252197,2.0138654708862305,1.9863810539245605,1.9867680072784424,1.9867680072784424,2645072,CORE23254-USD
1433,2024-05-25 07:00:00+00:00,1.9989423751831055,2.0108072757720947,1.9863824844360352,2.008209228515625,2.008209228515625,638624,CORE23254-USD
1434,2024-05-25 08:00:00+00:00,2.0076770782470703,2.0517568588256836,1.9985613822937012,2.0517568588256836,2.0517568588256836,4562800,CORE23254-USD
1435,2024-05-25 09:00:00+00:00,2.0293426513671875,2.047982931137085,2.007657527923584,2.0113329887390137,2.0113329887390137,2627104,CORE23254-USD
1436,2024-05-25 10:00:00+00:00,2.010040521621704,2.0436737537384033,1.9945452213287354,2.0436737537384033,2.0436737537384033,3784416,CORE23254-USD
1437,2024-05-25 11:00:00+00:00,2.042386054992676,2.1939969062805176,2.042386054992676,2.1919353008270264,2.1919353008270264,21685792,CORE23254-USD
1438,2024-05-25 12:00:00+00:00,2.2250900268554688,2.285139560699463,2.1651530265808105,2.285139560699463,2.285139560699463,22510688,CORE23254-USD
1439,2024-05-25 13:00:00+00:00,2.2952380180358887,2.3444254398345947,2.2042489051818848,2.2042489051818848,2.2042489051818848,24997776,CORE23254-USD
1440,2024-05-25 14:00:00+00:00,2.2091171741485596,2.2091171741485596,2.175276756286621,2.2010338306427,2.2010338306427,17622656,CORE23254-USD
1441,2024-05-25 15:00:00+00:00,2.2355194091796875,2.445281505584717,2.2355194091796875,2.445281505584717,2.445281505584717,31721152,CORE23254-USD
1442,2024-05-25 16:00:00+00:00,2.485496759414673,2.522738218307495,2.3547427654266357,2.4029579162597656,2.4029579162597656,48927520,CORE23254-USD
1443,2024-05-25 17:00:00+00:00,2.40189266204834,2.430572032928467,2.2976901531219482,2.3048272132873535,2.3048272132873535,13889024,CORE23254-USD
1444,2024-05-25 18:00:00+00:00,2.2940309047698975,2.2999656200408936,2.2765283584594727,2.285399913787842,2.285399913787842,0,CORE23254-USD
1445,2024-05-25 19:00:00+00:00,2.2900588512420654,2.330641984939575,2.2827162742614746,2.330641984939575,2.330641984939575,0,CORE23254-USD
1446,2024-05-25 20:00:00+00:00,2.326312780380249,2.330885648727417,2.3017399311065674,2.3233962059020996,2.3233962059020996,0,CORE23254-USD
1447,2024-05-25 21:00:00+00:00,2.3203282356262207,2.3973798751831055,2.3203282356262207,2.377967357635498,2.377967357635498,0,CORE23254-USD
1448,2024-05-25 22:00:00+00:00,2.3819897174835205,2.3922059535980225,2.351004123687744,2.3554394245147705,2.3554394245147705,0,CORE23254-USD
1449,2024-05-25 23:00:00+00:00,2.3565847873687744,2.3761513233184814,2.3333399295806885,2.355412721633911,2.355412721633911,755264,CORE23254-USD
1450,2024-05-26 00:00:00+00:00,2.34683895111084,2.357581615447998,2.2470202445983887,2.2490577697753906,2.2490577697753906,4102624,CORE23254-USD
1451,2024-05-26 01:00:00+00:00,2.2488958835601807,2.2656445503234863,2.2212631702423096,2.2326416969299316,2.2326416969299316,0,CORE23254-USD
1452,2024-05-26 02:00:00+00:00,2.2482218742370605,2.2752726078033447,2.2211015224456787,2.233114004135132,2.233114004135132,1425152,CORE23254-USD
1453,2024-05-26 03:00:00+00:00,2.221397638320923,2.2346599102020264,2.1899423599243164,2.231285572052002,2.231285572052002,2350112,CORE23254-USD
1454,2024-05-26 04:00:00+00:00,2.2233078479766846,2.2400400638580322,2.2233078479766846,2.2304494380950928,2.2304494380950928,0,CORE23254-USD
1455,2024-05-26 05:00:00+00:00,2.2319490909576416,2.2319490909576416,2.1896979808807373,2.2128102779388428,2.2128102779388428,0,CORE23254-USD
1456,2024-05-26 06:00:00+00:00,2.215963125228882,2.215963125228882,2.187845468521118,2.187845468521118,2.187845468521118,0,CORE23254-USD
1457,2024-05-26 07:00:00+00:00,2.1922528743743896,2.210172176361084,2.185614824295044,2.1961095333099365,2.1961095333099365,1595072,CORE23254-USD
1458,2024-05-26 08:00:00+00:00,2.19728946685791,2.201918840408325,2.1864922046661377,2.1942148208618164,2.1942148208618164,0,CORE23254-USD
1459,2024-05-26 09:00:00+00:00,2.1997759342193604,2.245579481124878,2.1952755451202393,2.239272117614746,2.239272117614746,180352,CORE23254-USD
1460,2024-05-26 10:00:00+00:00,2.236309289932251,2.236309289932251,2.2087414264678955,2.229034423828125,2.229034423828125,0,CORE23254-USD
1461,2024-05-26 11:00:00+00:00,2.237567663192749,2.246903896331787,2.2256855964660645,2.2256855964660645,2.2256855964660645,0,CORE23254-USD
1462,2024-05-26 12:00:00+00:00,2.226790428161621,2.243313789367676,2.217179298400879,2.240046501159668,2.240046501159668,0,CORE23254-USD
1463,2024-05-26 13:00:00+00:00,2.236297607421875,2.240939140319824,2.1588516235351562,2.1588516235351562,2.1588516235351562,0,CORE23254-USD
1464,2024-05-26 14:00:00+00:00,2.151822090148926,2.16975998878479,2.130011796951294,2.16975998878479,2.16975998878479,0,CORE23254-USD
1465,2024-05-26 15:00:00+00:00,2.177398681640625,2.1854021549224854,2.158362627029419,2.172633409500122,2.172633409500122,0,CORE23254-USD
1466,2024-05-26 16:00:00+00:00,2.1994376182556152,2.1994376182556152,2.1306567192077637,2.1306567192077637,2.1306567192077637,0,CORE23254-USD
1467,2024-05-26 17:00:00+00:00,2.1189305782318115,2.153177499771118,2.1189305782318115,2.145045518875122,2.145045518875122,0,CORE23254-USD
1468,2024-05-26 18:00:00+00:00,2.1451220512390137,2.1451220512390137,2.1128644943237305,2.116952896118164,2.116952896118164,0,CORE23254-USD
1469,2024-05-26 19:00:00+00:00,2.123048782348633,2.125229835510254,2.091794013977051,2.091794013977051,2.091794013977051,0,CORE23254-USD
1470,2024-05-26 20:00:00+00:00,2.090987205505371,2.0970752239227295,2.0820415019989014,2.0820415019989014,2.0820415019989014,0,CORE23254-USD
1471,2024-05-26 21:00:00+00:00,2.0828092098236084,2.0924508571624756,2.0744078159332275,2.0924508571624756,2.0924508571624756,0,CORE23254-USD
1472,2024-05-26 22:00:00+00:00,2.0971598625183105,2.0986745357513428,2.0740480422973633,2.074514150619507,2.074514150619507,0,CORE23254-USD
1473,2024-05-26 23:00:00+00:00,2.070899724960327,2.070899724960327,2.036771059036255,2.04011869430542,2.04011869430542,0,CORE23254-USD
1474,2024-05-27 00:00:00+00:00,2.034470558166504,2.0521128177642822,2.0082857608795166,2.039844274520874,2.039844274520874,0,CORE23254-USD
1475,2024-05-27 01:00:00+00:00,2.0490190982818604,2.0866217613220215,2.0490190982818604,2.075133800506592,2.075133800506592,0,CORE23254-USD
1476,2024-05-27 02:00:00+00:00,2.076631546020508,2.0820326805114746,2.0674378871917725,2.0674378871917725,2.0674378871917725,0,CORE23254-USD
1477,2024-05-27 03:00:00+00:00,2.067120313644409,2.0808591842651367,2.058408260345459,2.0808591842651367,2.0808591842651367,0,CORE23254-USD
1478,2024-05-27 04:00:00+00:00,2.0820553302764893,2.0854849815368652,2.0675525665283203,2.0675525665283203,2.0675525665283203,0,CORE23254-USD
1479,2024-05-27 05:00:00+00:00,2.0539636611938477,2.0600123405456543,2.0353758335113525,2.0600123405456543,2.0600123405456543,0,CORE23254-USD
1480,2024-05-27 06:00:00+00:00,2.0516512393951416,2.0516512393951416,2.0307085514068604,2.0482115745544434,2.0482115745544434,0,CORE23254-USD
1481,2024-05-27 07:00:00+00:00,2.046830415725708,2.0503880977630615,2.0308542251586914,2.043551445007324,2.043551445007324,0,CORE23254-USD
1482,2024-05-27 08:00:00+00:00,2.0463974475860596,2.0770158767700195,2.0392959117889404,2.056654691696167,2.056654691696167,0,CORE23254-USD
1483,2024-05-27 09:00:00+00:00,2.0578083992004395,2.060551643371582,2.038496732711792,2.0429673194885254,2.0429673194885254,0,CORE23254-USD
1484,2024-05-27 10:00:00+00:00,2.0354163646698,2.047055959701538,2.0315120220184326,2.047055959701538,2.047055959701538,0,CORE23254-USD
1485,2024-05-27 11:00:00+00:00,2.0433645248413086,2.046344518661499,2.028724431991577,2.0353386402130127,2.0353386402130127,0,CORE23254-USD
1486,2024-05-27 12:00:00+00:00,2.040226459503174,2.040226459503174,2.025822877883911,2.0330235958099365,2.0330235958099365,0,CORE23254-USD
1487,2024-05-27 13:00:00+00:00,2.034456968307495,2.055692672729492,2.034456968307495,2.0427441596984863,2.0427441596984863,0,CORE23254-USD
1488,2024-05-27 14:00:00+00:00,2.0431177616119385,2.050046682357788,2.02325701713562,2.034865379333496,2.034865379333496,0,CORE23254-USD
1489,2024-05-27 15:00:00+00:00,2.0449442863464355,2.1215004920959473,2.0449442863464355,2.1215004920959473,2.1215004920959473,5236504,CORE23254-USD
1490,2024-05-27 16:00:00+00:00,2.1158130168914795,2.341125726699829,2.1158130168914795,2.2896764278411865,2.2896764278411865,33453728,CORE23254-USD
1491,2024-05-27 17:00:00+00:00,2.268709659576416,2.268709659576416,2.207038402557373,2.222595453262329,2.222595453262329,11228144,CORE23254-USD
1492,2024-05-27 18:00:00+00:00,2.238830804824829,2.2813448905944824,2.222869634628296,2.2813448905944824,2.2813448905944824,4133792,CORE23254-USD
1493,2024-05-27 19:00:00+00:00,2.281829833984375,2.281829833984375,2.1957924365997314,2.1957924365997314,2.1957924365997314,1107456,CORE23254-USD
1494,2024-05-27 20:00:00+00:00,2.202152729034424,2.2225093841552734,2.1920037269592285,2.193385601043701,2.193385601043701,1301952,CORE23254-USD
1495,2024-05-27 21:00:00+00:00,2.1939339637756348,2.2135226726531982,2.1690056324005127,2.2135226726531982,2.2135226726531982,1067920,CORE23254-USD
1496,2024-05-27 22:00:00+00:00,2.2094931602478027,2.258287191390991,2.2094931602478027,2.217874526977539,2.217874526977539,2098560,CORE23254-USD
1497,2024-05-27 23:00:00+00:00,2.2136764526367188,2.2136764526367188,2.190521717071533,2.199695110321045,2.199695110321045,185712,CORE23254-USD
1498,2024-05-28 00:00:00+00:00,2.1902523040771484,2.1902523040771484,2.100733995437622,2.137295722961426,2.137295722961426,803488,CORE23254-USD
1499,2024-05-28 01:00:00+00:00,2.140629768371582,2.158012866973877,2.1260433197021484,2.1263537406921387,2.1263537406921387,103920,CORE23254-USD
1500,2024-05-28 02:00:00+00:00,2.1382064819335938,2.141957998275757,2.1023736000061035,2.1364665031433105,2.1364665031433105,2131200,CORE23254-USD
1501,2024-05-28 03:00:00+00:00,2.134161949157715,2.134161949157715,2.1069023609161377,2.127617120742798,2.127617120742798,952448,CORE23254-USD
1502,2024-05-28 04:00:00+00:00,2.1192877292633057,2.1270394325256348,2.0659565925598145,2.0659565925598145,2.0659565925598145,1838432,CORE23254-USD
1503,2024-05-28 05:00:00+00:00,2.052332878112793,2.086857557296753,2.052332878112793,2.0748605728149414,2.0748605728149414,1213360,CORE23254-USD
1504,2024-05-28 06:00:00+00:00,2.0763866901397705,2.0763866901397705,2.0622482299804688,2.0692055225372314,2.0692055225372314,0,CORE23254-USD
1505,2024-05-28 07:00:00+00:00,2.0649402141571045,2.0653278827667236,2.0544540882110596,2.0544540882110596,2.0544540882110596,8880,CORE23254-USD
1506,2024-05-28 08:00:00+00:00,2.055172920227051,2.072650194168091,2.055172920227051,2.0645370483398438,2.0645370483398438,468448,CORE23254-USD
1507,2024-05-28 09:00:00+00:00,2.063502073287964,2.134676694869995,2.063502073287964,2.134676694869995,2.134676694869995,4205472,CORE23254-USD
1508,2024-05-28 10:00:00+00:00,2.132030725479126,2.147841691970825,2.120130777359009,2.1280829906463623,2.1280829906463623,3860944,CORE23254-USD
1509,2024-05-28 11:00:00+00:00,2.132982015609741,2.1401560306549072,2.1114907264709473,2.118231773376465,2.118231773376465,931440,CORE23254-USD
1510,2024-05-28 12:00:00+00:00,2.119051218032837,2.119051218032837,2.087686061859131,2.0958800315856934,2.0958800315856934,464272,CORE23254-USD
1511,2024-05-28 13:00:00+00:00,2.0781919956207275,2.0781919956207275,2.055569887161255,2.055569887161255,2.055569887161255,153792,CORE23254-USD
1512,2024-05-28 14:00:00+00:00,2.054987907409668,2.0836007595062256,2.051161050796509,2.0622177124023438,2.0622177124023438,1489120,CORE23254-USD
1513,2024-05-28 15:00:00+00:00,2.0727851390838623,2.1249606609344482,2.0654330253601074,2.0988407135009766,2.0988407135009766,0,CORE23254-USD
1514,2024-05-28 16:00:00+00:00,2.1143362522125244,2.1143362522125244,2.059448719024658,2.069679021835327,2.069679021835327,0,CORE23254-USD
1515,2024-05-28 17:00:00+00:00,2.0751447677612305,2.083080530166626,2.070693254470825,2.083080530166626,2.083080530166626,0,CORE23254-USD
1516,2024-05-28 18:00:00+00:00,2.0887069702148438,2.1029956340789795,2.068969488143921,2.093405246734619,2.093405246734619,0,CORE23254-USD
1517,2024-05-28 19:00:00+00:00,2.1078975200653076,2.1078975200653076,2.094752788543701,2.10099458694458,2.10099458694458,0,CORE23254-USD
1518,2024-05-28 20:00:00+00:00,2.1010284423828125,2.1245813369750977,2.0999302864074707,2.1202595233917236,2.1202595233917236,0,CORE23254-USD
1519,2024-05-28 21:00:00+00:00,2.121906280517578,2.121906280517578,2.0914852619171143,2.092259407043457,2.092259407043457,0,CORE23254-USD
1520,2024-05-28 22:00:00+00:00,2.092698574066162,2.0951170921325684,2.087181806564331,2.0911734104156494,2.0911734104156494,0,CORE23254-USD
1521,2024-05-28 23:00:00+00:00,2.0817713737487793,2.0934157371520996,2.074692487716675,2.0821242332458496,2.0821242332458496,0,CORE23254-USD
1522,2024-05-29 00:00:00+00:00,2.0841481685638428,2.094573974609375,2.070117473602295,2.070117473602295,2.070117473602295,0,CORE23254-USD
1523,2024-05-29 01:00:00+00:00,2.0705158710479736,2.08194899559021,2.062088966369629,2.081737995147705,2.081737995147705,0,CORE23254-USD
1524,2024-05-29 02:00:00+00:00,2.0823686122894287,2.083578109741211,2.0650978088378906,2.0827605724334717,2.0827605724334717,0,CORE23254-USD
1525,2024-05-29 03:00:00+00:00,2.0791029930114746,2.0875046253204346,2.0791029930114746,2.0849525928497314,2.0849525928497314,0,CORE23254-USD
1526,2024-05-29 04:00:00+00:00,2.0829763412475586,2.096684455871582,2.0747365951538086,2.0747365951538086,2.0747365951538086,0,CORE23254-USD
1527,2024-05-29 05:00:00+00:00,2.0820231437683105,2.08552622795105,2.072730541229248,2.072730541229248,2.072730541229248,0,CORE23254-USD
1528,2024-05-29 06:00:00+00:00,2.070493459701538,2.0771050453186035,2.0459132194519043,2.0459132194519043,2.0459132194519043,0,CORE23254-USD
1529,2024-05-29 07:00:00+00:00,2.0449299812316895,2.050089120864868,2.039276599884033,2.0442206859588623,2.0442206859588623,0,CORE23254-USD
1530,2024-05-29 08:00:00+00:00,2.049027919769287,2.049027919769287,2.0129499435424805,2.0347793102264404,2.0347793102264404,0,CORE23254-USD
1531,2024-05-29 09:00:00+00:00,2.0653622150421143,2.069666624069214,2.049967050552368,2.0580084323883057,2.0580084323883057,0,CORE23254-USD
1532,2024-05-29 10:00:00+00:00,2.065506935119629,2.0710275173187256,2.0536913871765137,2.057133436203003,2.057133436203003,0,CORE23254-USD
1533,2024-05-29 11:00:00+00:00,2.0541982650756836,2.0541982650756836,2.0213799476623535,2.0213799476623535,2.0213799476623535,0,CORE23254-USD
1534,2024-05-29 12:00:00+00:00,2.0217761993408203,2.0359957218170166,2.0217761993408203,2.0306670665740967,2.0306670665740967,0,CORE23254-USD
1535,2024-05-29 13:00:00+00:00,2.029653787612915,2.0439395904541016,2.0270049571990967,2.0356199741363525,2.0356199741363525,0,CORE23254-USD
1536,2024-05-29 14:00:00+00:00,2.0364301204681396,2.040651559829712,2.0214099884033203,2.0295889377593994,2.0295889377593994,0,CORE23254-USD
1537,2024-05-29 15:00:00+00:00,2.0283443927764893,2.056333303451538,2.0283443927764893,2.055982828140259,2.055982828140259,0,CORE23254-USD
1538,2024-05-29 16:00:00+00:00,2.0564184188842773,2.0564184188842773,2.027503728866577,2.0502190589904785,2.0502190589904785,0,CORE23254-USD
1539,2024-05-29 17:00:00+00:00,2.0528807640075684,2.059082508087158,2.0316689014434814,2.0419671535491943,2.0419671535491943,0,CORE23254-USD
1540,2024-05-29 18:00:00+00:00,2.0410101413726807,2.0410101413726807,2.022022247314453,2.0338752269744873,2.0338752269744873,0,CORE23254-USD
1541,2024-05-29 19:00:00+00:00,2.0377349853515625,2.0377349853515625,2.012612819671631,2.012612819671631,2.012612819671631,0,CORE23254-USD
1542,2024-05-29 20:00:00+00:00,2.0191290378570557,2.033298969268799,2.013533353805542,2.0331289768218994,2.0331289768218994,0,CORE23254-USD
1543,2024-05-29 21:00:00+00:00,2.031708240509033,2.031708240509033,2.0147740840911865,2.024101972579956,2.024101972579956,0,CORE23254-USD
1544,2024-05-29 22:00:00+00:00,2.0246026515960693,2.0258824825286865,2.0145583152770996,2.0203208923339844,2.0203208923339844,0,CORE23254-USD
1545,2024-05-29 23:00:00+00:00,2.023056745529175,2.0273172855377197,2.012547731399536,2.017909526824951,2.017909526824951,0,CORE23254-USD
1546,2024-05-30 00:00:00+00:00,2.0211849212646484,2.0472638607025146,2.0211849212646484,2.043956756591797,2.043956756591797,2235192,CORE23254-USD
1547,2024-05-30 01:00:00+00:00,2.044949769973755,2.0804684162139893,2.044949769973755,2.048980474472046,2.048980474472046,1891232,CORE23254-USD
1548,2024-05-30 02:00:00+00:00,2.0516202449798584,2.0718612670898438,2.0490057468414307,2.0525851249694824,2.0525851249694824,828232,CORE23254-USD
1549,2024-05-30 03:00:00+00:00,2.0575313568115234,2.0575313568115234,2.049757719039917,2.0544283390045166,2.0544283390045166,0,CORE23254-USD
1550,2024-05-30 04:00:00+00:00,2.05876088142395,2.0642106533050537,2.0451693534851074,2.0451693534851074,2.0451693534851074,0,CORE23254-USD
1551,2024-05-30 05:00:00+00:00,2.041867971420288,2.041867971420288,2.0298519134521484,2.039396047592163,2.039396047592163,340568,CORE23254-USD
1552,2024-05-30 06:00:00+00:00,2.0327022075653076,2.0327022075653076,1.9603980779647827,1.9603980779647827,1.9603980779647827,2217280,CORE23254-USD
1553,2024-05-30 07:00:00+00:00,1.9656991958618164,1.9690383672714233,1.9307416677474976,1.9307416677474976,1.9307416677474976,1292008,CORE23254-USD
1554,2024-05-30 08:00:00+00:00,1.9364559650421143,1.9450801610946655,1.9140617847442627,1.9450801610946655,1.9450801610946655,1415136,CORE23254-USD
1555,2024-05-30 09:00:00+00:00,1.9419418573379517,1.9463882446289062,1.9328418970108032,1.9463882446289062,1.9463882446289062,0,CORE23254-USD
1556,2024-05-30 10:00:00+00:00,1.9470330476760864,1.9487792253494263,1.934451937675476,1.946779727935791,1.946779727935791,295088,CORE23254-USD
1557,2024-05-30 11:00:00+00:00,1.9449734687805176,1.9534729719161987,1.9429738521575928,1.9429738521575928,1.9429738521575928,0,CORE23254-USD
1558,2024-05-30 12:00:00+00:00,1.9422619342803955,1.964400291442871,1.9422619342803955,1.95509934425354,1.95509934425354,348736,CORE23254-USD
1559,2024-05-30 13:00:00+00:00,1.961240291595459,1.9982019662857056,1.961240291595459,1.9960196018218994,1.9960196018218994,1662624,CORE23254-USD
1560,2024-05-30 14:00:00+00:00,1.9930779933929443,1.999376893043518,1.9739153385162354,1.9739153385162354,1.9739153385162354,0,CORE23254-USD
1561,2024-05-30 15:00:00+00:00,1.9780572652816772,1.9780572652816772,1.9644395112991333,1.967326045036316,1.967326045036316,0,CORE23254-USD
1562,2024-05-30 16:00:00+00:00,1.966428279876709,1.966428279876709,1.9561094045639038,1.9565973281860352,1.9565973281860352,0,CORE23254-USD
1563,2024-05-30 17:00:00+00:00,1.958479642868042,1.9837543964385986,1.9528827667236328,1.9771965742111206,1.9771965742111206,479504,CORE23254-USD
1564,2024-05-30 18:00:00+00:00,1.98082435131073,1.98082435131073,1.9601893424987793,1.9651448726654053,1.9651448726654053,0,CORE23254-USD
1565,2024-05-30 19:00:00+00:00,1.963628888130188,1.964379906654358,1.942095160484314,1.942095160484314,1.942095160484314,74256,CORE23254-USD
1566,2024-05-30 20:00:00+00:00,1.9364570379257202,1.9364570379257202,1.9044899940490723,1.9044899940490723,1.9044899940490723,1024088,CORE23254-USD
1567,2024-05-30 21:00:00+00:00,1.9044371843338013,1.9150056838989258,1.8900299072265625,1.9150056838989258,1.9150056838989258,1051816,CORE23254-USD
1568,2024-05-30 22:00:00+00:00,1.9113107919692993,1.9192577600479126,1.9057928323745728,1.9192577600479126,1.9192577600479126,0,CORE23254-USD
1569,2024-05-30 23:00:00+00:00,1.9212692975997925,1.9229038953781128,1.9141300916671753,1.9195857048034668,1.9195857048034668,0,CORE23254-USD
1570,2024-05-31 00:00:00+00:00,1.915866732597351,1.9218910932540894,1.9006922245025635,1.916303277015686,1.916303277015686,0,CORE23254-USD
1571,2024-05-31 01:00:00+00:00,1.924720287322998,1.9329231977462769,1.920885443687439,1.920885443687439,1.920885443687439,0,CORE23254-USD
1572,2024-05-31 02:00:00+00:00,1.9222002029418945,1.9321858882904053,1.9222002029418945,1.9321858882904053,1.9321858882904053,0,CORE23254-USD
1573,2024-05-31 03:00:00+00:00,1.9297300577163696,1.9452743530273438,1.9297300577163696,1.9412034749984741,1.9412034749984741,329216,CORE23254-USD
1574,2024-05-31 04:00:00+00:00,1.942113995552063,1.9462350606918335,1.9361284971237183,1.9361284971237183,1.9361284971237183,0,CORE23254-USD
1575,2024-05-31 05:00:00+00:00,1.9312958717346191,1.9317471981048584,1.9106974601745605,1.9248112440109253,1.9248112440109253,0,CORE23254-USD
1576,2024-05-31 06:00:00+00:00,1.9244118928909302,1.9352226257324219,1.920448899269104,1.9234325885772705,1.9234325885772705,0,CORE23254-USD
1577,2024-05-31 07:00:00+00:00,1.9269678592681885,1.9378124475479126,1.9269678592681885,1.9326890707015991,1.9326890707015991,0,CORE23254-USD
1578,2024-05-31 08:00:00+00:00,1.9318941831588745,1.9390379190444946,1.9280943870544434,1.9280943870544434,1.9280943870544434,0,CORE23254-USD
1579,2024-05-31 09:00:00+00:00,1.9299137592315674,1.931320071220398,1.9144656658172607,1.930770754814148,1.930770754814148,0,CORE23254-USD
1580,2024-05-31 10:00:00+00:00,1.9316964149475098,1.9438875913619995,1.9305616617202759,1.9305616617202759,1.9305616617202759,0,CORE23254-USD
1581,2024-05-31 11:00:00+00:00,1.9305226802825928,1.9441026449203491,1.9305226802825928,1.9352976083755493,1.9352976083755493,97732,CORE23254-USD
1582,2024-05-31 12:00:00+00:00,1.9350652694702148,1.9573997259140015,1.9326659440994263,1.9573997259140015,1.9573997259140015,0,CORE23254-USD
1583,2024-05-31 13:00:00+00:00,1.9593597650527954,1.9620673656463623,1.923001766204834,1.923001766204834,1.923001766204834,0,CORE23254-USD
1584,2024-05-31 14:00:00+00:00,1.9045462608337402,1.9333360195159912,1.9045462608337402,1.930534839630127,1.930534839630127,993744,CORE23254-USD
1585,2024-05-31 15:00:00+00:00,1.9309444427490234,1.9309444427490234,1.9068784713745117,1.9096922874450684,1.9096922874450684,0,CORE23254-USD
1586,2024-05-31 16:00:00+00:00,1.9567084312438965,2.0247015953063965,1.9567084312438965,2.015204429626465,2.015204429626465,10333036,CORE23254-USD
1587,2024-05-31 17:00:00+00:00,1.994078278541565,1.994078278541565,1.9625754356384277,1.9668903350830078,1.9668903350830078,3980744,CORE23254-USD
1588,2024-05-31 18:00:00+00:00,1.959149956703186,1.9619741439819336,1.94121253490448,1.94121253490448,1.94121253490448,392032,CORE23254-USD
1589,2024-05-31 19:00:00+00:00,1.949173092842102,1.961924433708191,1.9408183097839355,1.961924433708191,1.961924433708191,419872,CORE23254-USD
1590,2024-05-31 20:00:00+00:00,1.9574581384658813,1.9627859592437744,1.9508016109466553,1.9577292203903198,1.9577292203903198,0,CORE23254-USD
1591,2024-05-31 21:00:00+00:00,1.957582712173462,1.9615228176116943,1.9537774324417114,1.9610252380371094,1.9610252380371094,0,CORE23254-USD
1592,2024-05-31 22:00:00+00:00,1.9542938470840454,1.9619511365890503,1.9539657831192017,1.9568053483963013,1.9568053483963013,0,CORE23254-USD
1593,2024-05-31 23:00:00+00:00,1.9552394151687622,1.9552394151687622,1.9319785833358765,1.9342812299728394,1.9342812299728394,602232,CORE23254-USD
1594,2024-06-01 00:00:00+00:00,1.9328399896621704,1.9352339506149292,1.9223941564559937,1.9249920845031738,1.9249920845031738,0,CORE23254-USD
1595,2024-06-01 01:00:00+00:00,1.9230622053146362,1.9426677227020264,1.9230622053146362,1.9426677227020264,1.9426677227020264,400400,CORE23254-USD
1596,2024-06-01 02:00:00+00:00,1.942323923110962,1.9563796520233154,1.942323923110962,1.9563796520233154,1.9563796520233154,667240,CORE23254-USD
1597,2024-06-01 03:00:00+00:00,1.9579004049301147,1.9579004049301147,1.944776177406311,1.9525964260101318,1.9525964260101318,0,CORE23254-USD
1598,2024-06-01 04:00:00+00:00,1.95127272605896,1.95127272605896,1.9409490823745728,1.9458634853363037,1.9458634853363037,0,CORE23254-USD
1599,2024-06-01 05:00:00+00:00,1.9433287382125854,1.9459774494171143,1.9404659271240234,1.9404659271240234,1.9404659271240234,0,CORE23254-USD
1600,2024-06-01 06:00:00+00:00,1.9418165683746338,1.9418165683746338,1.9348561763763428,1.9348561763763428,1.9348561763763428,0,CORE23254-USD
1601,2024-06-01 07:00:00+00:00,1.9353268146514893,1.9445083141326904,1.9353268146514893,1.943090796470642,1.943090796470642,0,CORE23254-USD
1602,2024-06-01 08:00:00+00:00,1.940600872039795,1.953650712966919,1.9401347637176514,1.9472624063491821,1.9472624063491821,355696,CORE23254-USD
1603,2024-06-01 09:00:00+00:00,1.950139045715332,1.951908826828003,1.9367855787277222,1.9412362575531006,1.9412362575531006,0,CORE23254-USD
1604,2024-06-01 10:00:00+00:00,1.9420456886291504,1.9465646743774414,1.9412411451339722,1.9432743787765503,1.9432743787765503,0,CORE23254-USD
1605,2024-06-01 11:00:00+00:00,1.944451928138733,1.9607356786727905,1.944451928138733,1.9588171243667603,1.9588171243667603,510200,CORE23254-USD
1606,2024-06-01 12:00:00+00:00,1.9629712104797363,1.9874387979507446,1.9629712104797363,1.9643272161483765,1.9643272161483765,1228872,CORE23254-USD
1607,2024-06-01 13:00:00+00:00,1.9655025005340576,1.9755045175552368,1.953118920326233,1.9542503356933594,1.9542503356933594,0,CORE23254-USD
1608,2024-06-01 14:00:00+00:00,1.9516313076019287,1.9708402156829834,1.9516313076019287,1.9660744667053223,1.9660744667053223,0,CORE23254-USD
1609,2024-06-01 15:00:00+00:00,1.9674288034439087,1.9864075183868408,1.9674288034439087,1.9864075183868408,1.9864075183868408,0,CORE23254-USD
1610,2024-06-01 16:00:00+00:00,2.0128650665283203,2.0207347869873047,1.9453725814819336,1.9558591842651367,1.9558591842651367,0,CORE23254-USD
1611,2024-06-01 17:00:00+00:00,1.952630639076233,1.9529545307159424,1.9397337436676025,1.9447376728057861,1.9447376728057861,0,CORE23254-USD
1612,2024-06-01 18:00:00+00:00,1.947766900062561,1.9583786725997925,1.945860743522644,1.9583786725997925,1.9583786725997925,0,CORE23254-USD
1613,2024-06-01 19:00:00+00:00,1.959284782409668,1.959284782409668,1.9453349113464355,1.9474985599517822,1.9474985599517822,0,CORE23254-USD
1614,2024-06-01 20:00:00+00:00,1.94597589969635,1.9716078042984009,1.94597589969635,1.964931845664978,1.964931845664978,0,CORE23254-USD
1615,2024-06-01 21:00:00+00:00,1.9649243354797363,1.973996639251709,1.9627043008804321,1.9627043008804321,1.9627043008804321,0,CORE23254-USD
1616,2024-06-01 22:00:00+00:00,1.9673455953598022,1.9717097282409668,1.9636551141738892,1.966814398765564,1.966814398765564,0,CORE23254-USD
1617,2024-06-01 23:00:00+00:00,1.962834119796753,1.962834119796753,1.9495429992675781,1.9544163942337036,1.9544163942337036,0,CORE23254-USD
1618,2024-06-02 00:00:00+00:00,1.9591675996780396,1.963221549987793,1.9519550800323486,1.963221549987793,1.963221549987793,0,CORE23254-USD
1619,2024-06-02 01:00:00+00:00,1.9658173322677612,1.9658173322677612,1.9518308639526367,1.9518308639526367,1.9518308639526367,0,CORE23254-USD
1620,2024-06-02 02:00:00+00:00,1.9539594650268555,1.9576879739761353,1.9523907899856567,1.955939531326294,1.955939531326294,0,CORE23254-USD
1621,2024-06-02 03:00:00+00:00,1.9556324481964111,1.962939977645874,1.9556324481964111,1.961139440536499,1.961139440536499,0,CORE23254-USD
1622,2024-06-02 04:00:00+00:00,1.9602106809616089,1.9620527029037476,1.9569958448410034,1.9620527029037476,1.9620527029037476,165684,CORE23254-USD
1623,2024-06-02 05:00:00+00:00,1.9639506340026855,1.9645764827728271,1.9515247344970703,1.9538313150405884,1.9538313150405884,305572,CORE23254-USD
1624,2024-06-02 06:00:00+00:00,1.9511700868606567,1.953403353691101,1.9439142942428589,1.953403353691101,1.953403353691101,670372,CORE23254-USD
1625,2024-06-02 07:00:00+00:00,1.9551457166671753,1.9553366899490356,1.9459071159362793,1.95094895362854,1.95094895362854,300916,CORE23254-USD
1626,2024-06-02 08:00:00+00:00,1.947054147720337,1.9595872163772583,1.947054147720337,1.956099510192871,1.956099510192871,0,CORE23254-USD
1627,2024-06-02 09:00:00+00:00,1.9549458026885986,1.9575908184051514,1.927092432975769,1.9340840578079224,1.9340840578079224,554432,CORE23254-USD
1628,2024-06-02 10:00:00+00:00,1.9318548440933228,1.9358614683151245,1.9272825717926025,1.9325088262557983,1.9325088262557983,295584,CORE23254-USD
1629,2024-06-02 11:00:00+00:00,1.9302561283111572,1.9454900026321411,1.9271026849746704,1.9433255195617676,1.9433255195617676,0,CORE23254-USD
1630,2024-06-02 12:00:00+00:00,1.9448798894882202,1.947991967201233,1.938189148902893,1.938189148902893,1.938189148902893,0,CORE23254-USD
1631,2024-06-02 13:00:00+00:00,1.9348528385162354,1.938385009765625,1.9318825006484985,1.938385009765625,1.938385009765625,0,CORE23254-USD
1632,2024-06-02 14:00:00+00:00,1.9353103637695312,1.9368280172348022,1.9278218746185303,1.9368280172348022,1.9368280172348022,8920,CORE23254-USD
1633,2024-06-02 15:00:00+00:00,1.937483549118042,1.9455629587173462,1.9317563772201538,1.9447768926620483,1.9447768926620483,0,CORE23254-USD
1634,2024-06-02 16:00:00+00:00,1.9429811239242554,1.9429811239242554,1.9053255319595337,1.908461332321167,1.908461332321167,0,CORE23254-USD
1635,2024-06-02 17:00:00+00:00,1.9032021760940552,1.9032021760940552,1.852713942527771,1.852713942527771,1.852713942527771,750384,CORE23254-USD
1636,2024-06-02 18:00:00+00:00,1.8378114700317383,1.8556593656539917,1.8350417613983154,1.8492680788040161,1.8492680788040161,2887716,CORE23254-USD
1637,2024-06-02 19:00:00+00:00,1.851409673690796,1.851409673690796,1.8331388235092163,1.8435355424880981,1.8435355424880981,872060,CORE23254-USD
1638,2024-06-02 20:00:00+00:00,1.8473718166351318,1.8515615463256836,1.8365964889526367,1.8515615463256836,1.8515615463256836,410060,CORE23254-USD
1639,2024-06-02 21:00:00+00:00,1.8502711057662964,1.8603954315185547,1.8481513261795044,1.8603954315185547,1.8603954315185547,719168,CORE23254-USD
1640,2024-06-02 22:00:00+00:00,1.8590673208236694,1.871450424194336,1.8584867715835571,1.8654266595840454,1.8654266595840454,358224,CORE23254-USD
1641,2024-06-02 23:00:00+00:00,1.8669501543045044,1.8737012147903442,1.862295389175415,1.8661600351333618,1.8661600351333618,43588,CORE23254-USD
1642,2024-06-03 00:00:00+00:00,1.8619425296783447,1.865504264831543,1.8470858335494995,1.851469874382019,1.851469874382019,1119048,CORE23254-USD
1643,2024-06-03 01:00:00+00:00,1.8540016412734985,1.8821940422058105,1.8515777587890625,1.8800028562545776,1.8800028562545776,976420,CORE23254-USD
1644,2024-06-03 02:00:00+00:00,1.8769452571868896,1.8834245204925537,1.875458002090454,1.8822619915008545,1.8822619915008545,494856,CORE23254-USD
1645,2024-06-03 03:00:00+00:00,1.8794901371002197,1.881705641746521,1.8726240396499634,1.8793256282806396,1.8793256282806396,143616,CORE23254-USD
1646,2024-06-03 04:00:00+00:00,1.8791823387145996,1.8826974630355835,1.8601710796356201,1.8674813508987427,1.8674813508987427,449828,CORE23254-USD
1647,2024-06-03 05:00:00+00:00,1.8666529655456543,1.8780701160430908,1.8666529655456543,1.870901346206665,1.870901346206665,0,CORE23254-USD
1648,2024-06-03 06:00:00+00:00,1.8695194721221924,1.886842966079712,1.8691349029541016,1.8799141645431519,1.8799141645431519,170524,CORE23254-USD
1649,2024-06-03 07:00:00+00:00,1.8822940587997437,1.8930933475494385,1.8794232606887817,1.8930933475494385,1.8930933475494385,718648,CORE23254-USD
1650,2024-06-03 08:00:00+00:00,1.8881748914718628,1.9118270874023438,1.8881748914718628,1.9118270874023438,1.9118270874023438,749200,CORE23254-USD
1651,2024-06-03 09:00:00+00:00,1.9046255350112915,1.9046255350112915,1.8903552293777466,1.89566171169281,1.89566171169281,0,CORE23254-USD
1652,2024-06-03 10:00:00+00:00,1.8947563171386719,1.8969208002090454,1.881476640701294,1.881476640701294,1.881476640701294,0,CORE23254-USD
1653,2024-06-03 11:00:00+00:00,1.8810060024261475,1.8880010843276978,1.869541049003601,1.8759623765945435,1.8759623765945435,817128,CORE23254-USD
1654,2024-06-03 12:00:00+00:00,1.878058910369873,1.892371416091919,1.8730837106704712,1.892371416091919,1.892371416091919,800156,CORE23254-USD
1655,2024-06-03 13:00:00+00:00,1.891693353652954,1.8951547145843506,1.8850926160812378,1.8878952264785767,1.8878952264785767,477132,CORE23254-USD
1656,2024-06-03 14:00:00+00:00,1.8828870058059692,1.8828870058059692,1.8431724309921265,1.8431724309921265,1.8431724309921265,1310556,CORE23254-USD
1657,2024-06-03 15:00:00+00:00,1.8517249822616577,1.8776065111160278,1.8517249822616577,1.8776065111160278,1.8776065111160278,721808,CORE23254-USD
1658,2024-06-03 16:00:00+00:00,1.8715747594833374,1.8715747594833374,1.8508565425872803,1.8508565425872803,1.8508565425872803,0,CORE23254-USD
1659,2024-06-03 17:00:00+00:00,1.8503137826919556,1.8634051084518433,1.8503137826919556,1.8632452487945557,1.8632452487945557,0,CORE23254-USD
1660,2024-06-03 18:00:00+00:00,1.8654884099960327,1.8688020706176758,1.8614362478256226,1.8688020706176758,1.8688020706176758,0,CORE23254-USD
1661,2024-06-03 19:00:00+00:00,1.8675957918167114,1.8741828203201294,1.8650175333023071,1.8738515377044678,1.8738515377044678,0,CORE23254-USD
1662,2024-06-03 20:00:00+00:00,1.875133752822876,1.8820008039474487,1.862822413444519,1.862822413444519,1.862822413444519,95352,CORE23254-USD
1663,2024-06-03 21:00:00+00:00,1.8616859912872314,1.864725112915039,1.851395606994629,1.8573440313339233,1.8573440313339233,5132,CORE23254-USD
1664,2024-06-03 22:00:00+00:00,1.8574892282485962,1.8575258255004883,1.8509453535079956,1.8562393188476562,1.8562393188476562,0,CORE23254-USD
1665,2024-06-03 23:00:00+00:00,1.8548856973648071,1.8586522340774536,1.8398158550262451,1.8456487655639648,1.8456487655639648,0,CORE23254-USD
1666,2024-06-04 00:00:00+00:00,1.8466365337371826,1.8533319234848022,1.8349930047988892,1.8533319234848022,1.8533319234848022,0,CORE23254-USD
1667,2024-06-04 01:00:00+00:00,1.8519494533538818,1.8604131937026978,1.8500562906265259,1.8604131937026978,1.8604131937026978,0,CORE23254-USD
1668,2024-06-04 02:00:00+00:00,1.8577494621276855,1.8581557273864746,1.8512842655181885,1.854308009147644,1.854308009147644,0,CORE23254-USD
1669,2024-06-04 03:00:00+00:00,1.8602222204208374,1.8696032762527466,1.8602222204208374,1.8648655414581299,1.8648655414581299,0,CORE23254-USD
1670,2024-06-04 04:00:00+00:00,1.862550973892212,1.8632272481918335,1.8542027473449707,1.8548575639724731,1.8548575639724731,0,CORE23254-USD
1671,2024-06-04 05:00:00+00:00,1.8517955541610718,1.8618464469909668,1.8517955541610718,1.8617419004440308,1.8617419004440308,0,CORE23254-USD
1672,2024-06-04 06:00:00+00:00,1.8608038425445557,1.8679111003875732,1.8603953123092651,1.8640421628952026,1.8640421628952026,0,CORE23254-USD
1673,2024-06-04 07:00:00+00:00,1.861306071281433,1.86687171459198,1.8598383665084839,1.8659363985061646,1.8659363985061646,0,CORE23254-USD
1674,2024-06-04 08:00:00+00:00,1.8687680959701538,1.9187560081481934,1.8687680959701538,1.9101166725158691,1.9101166725158691,3058440,CORE23254-USD
1675,2024-06-04 09:00:00+00:00,1.9239401817321777,1.9319485425949097,1.9036468267440796,1.9319485425949097,1.9319485425949097,3454668,CORE23254-USD
1676,2024-06-04 10:00:00+00:00,1.939168930053711,1.9461413621902466,1.9298245906829834,1.9459998607635498,1.9459998607635498,2655988,CORE23254-USD
1677,2024-06-04 11:00:00+00:00,1.9481701850891113,1.9481701850891113,1.919420599937439,1.9312224388122559,1.9312224388122559,459968,CORE23254-USD
1678,2024-06-04 12:00:00+00:00,1.9353015422821045,1.9472171068191528,1.9317833185195923,1.938102126121521,1.938102126121521,797584,CORE23254-USD
1679,2024-06-04 13:00:00+00:00,1.9416683912277222,1.9448366165161133,1.9205145835876465,1.9205145835876465,1.9205145835876465,597932,CORE23254-USD
1680,2024-06-04 14:00:00+00:00,1.9219048023223877,1.99378502368927,1.9219048023223877,1.9930720329284668,1.9930720329284668,4998116,CORE23254-USD
1681,2024-06-04 15:00:00+00:00,1.9998384714126587,2.027282238006592,1.9879746437072754,1.9966914653778076,1.9966914653778076,6370084,CORE23254-USD
1682,2024-06-04 16:00:00+00:00,1.9825087785720825,2.0373098850250244,1.9704538583755493,2.0147788524627686,2.0147788524627686,5463656,CORE23254-USD
1683,2024-06-04 17:00:00+00:00,2.008084297180176,2.0204241275787354,1.9940820932388306,1.9962238073349,1.9962238073349,2629520,CORE23254-USD
1684,2024-06-04 18:00:00+00:00,1.987654209136963,2.013942241668701,1.9814589023590088,2.0114505290985107,2.0114505290985107,1881496,CORE23254-USD
1685,2024-06-04 19:00:00+00:00,2.0099005699157715,2.028881549835205,2.0091450214385986,2.0091450214385986,2.0091450214385986,1529632,CORE23254-USD
1686,2024-06-04 20:00:00+00:00,2.004936695098877,2.0054197311401367,2.0003855228424072,2.004892110824585,2.004892110824585,0,CORE23254-USD
1687,2024-06-04 21:00:00+00:00,2.0026369094848633,2.0026369094848633,1.9825167655944824,1.9896119832992554,1.9896119832992554,0,CORE23254-USD
1688,2024-06-04 22:00:00+00:00,1.984453558921814,1.995959758758545,1.979439377784729,1.995959758758545,1.995959758758545,541816,CORE23254-USD
1689,2024-06-04 23:00:00+00:00,1.9916783571243286,1.9916783571243286,1.9793487787246704,1.98733651638031,1.98733651638031,17864,CORE23254-USD
1690,2024-06-05 00:00:00+00:00,1.9908838272094727,2.0091958045959473,1.989508867263794,1.997788667678833,1.997788667678833,726704,CORE23254-USD
1691,2024-06-05 01:00:00+00:00,1.9983348846435547,2.030451536178589,1.9983348846435547,2.026883840560913,2.026883840560913,1958440,CORE23254-USD
1692,2024-06-05 02:00:00+00:00,2.0266125202178955,2.0360565185546875,2.0103790760040283,2.0141074657440186,2.0141074657440186,1548248,CORE23254-USD
1693,2024-06-05 03:00:00+00:00,2.017049551010132,2.036118984222412,2.016693592071533,2.0342447757720947,2.0342447757720947,1424464,CORE23254-USD
1694,2024-06-05 04:00:00+00:00,2.033398151397705,2.0366480350494385,2.024512529373169,2.024512529373169,2.024512529373169,2081608,CORE23254-USD
1695,2024-06-05 05:00:00+00:00,2.027268648147583,2.0627760887145996,2.02066707611084,2.0491342544555664,2.0491342544555664,3238936,CORE23254-USD
1696,2024-06-05 06:00:00+00:00,2.051217794418335,2.0923869609832764,2.0476176738739014,2.0923869609832764,2.0923869609832764,3955904,CORE23254-USD
1697,2024-06-05 07:00:00+00:00,2.090254545211792,2.1162822246551514,2.0900614261627197,2.0900614261627197,2.0900614261627197,4640304,CORE23254-USD
1698,2024-06-05 08:00:00+00:00,2.0774950981140137,2.0774950981140137,2.03703236579895,2.0382747650146484,2.0382747650146484,0,CORE23254-USD
1699,2024-06-05 09:00:00+00:00,2.0384979248046875,2.0406789779663086,2.0198662281036377,2.0257110595703125,2.0257110595703125,0,CORE23254-USD
1700,2024-06-05 10:00:00+00:00,2.0260093212127686,2.0260093212127686,1.989384651184082,2.007807493209839,2.007807493209839,325136,CORE23254-USD
1701,2024-06-05 11:00:00+00:00,2.0024547576904297,2.005223274230957,1.9931875467300415,2.0033628940582275,2.0033628940582275,0,CORE23254-USD
1702,2024-06-05 12:00:00+00:00,2.004983425140381,2.004983425140381,1.9794670343399048,1.9828875064849854,1.9828875064849854,7472,CORE23254-USD
1703,2024-06-05 13:00:00+00:00,1.9812781810760498,1.9812781810760498,1.94911789894104,1.958591103553772,1.958591103553772,1635976,CORE23254-USD
1704,2024-06-05 14:00:00+00:00,1.9627087116241455,1.9630564451217651,1.949495792388916,1.9524227380752563,1.9524227380752563,0,CORE23254-USD
1705,2024-06-05 15:00:00+00:00,1.9572300910949707,1.97604501247406,1.95071280002594,1.967108964920044,1.967108964920044,0,CORE23254-USD
1706,2024-06-05 16:00:00+00:00,1.9687525033950806,1.9687525033950806,1.9218963384628296,1.9249898195266724,1.9249898195266724,0,CORE23254-USD
1707,2024-06-05 17:00:00+00:00,1.9261839389801025,1.9342336654663086,1.9261839389801025,1.9340059757232666,1.9340059757232666,0,CORE23254-USD
1708,2024-06-05 18:00:00+00:00,1.9307115077972412,1.940193772315979,1.9307115077972412,1.9348540306091309,1.9348540306091309,0,CORE23254-USD
1709,2024-06-05 19:00:00+00:00,1.9313676357269287,1.931797742843628,1.925339698791504,1.931797742843628,1.931797742843628,0,CORE23254-USD
1710,2024-06-05 20:00:00+00:00,1.9317256212234497,1.9379286766052246,1.9310147762298584,1.9362326860427856,1.9362326860427856,0,CORE23254-USD
1711,2024-06-05 21:00:00+00:00,1.9351574182510376,1.9417017698287964,1.9351574182510376,1.9381259679794312,1.9381259679794312,0,CORE23254-USD
1712,2024-06-05 22:00:00+00:00,1.9362629652023315,1.9373332262039185,1.9248237609863281,1.9248237609863281,1.9248237609863281,0,CORE23254-USD
1713,2024-06-05 23:00:00+00:00,1.9253807067871094,1.9338873624801636,1.9242298603057861,1.9338873624801636,1.9338873624801636,302176,CORE23254-USD
1714,2024-06-06 00:00:00+00:00,1.933151125907898,1.9363685846328735,1.9278573989868164,1.9280683994293213,1.9280683994293213,0,CORE23254-USD
1715,2024-06-06 01:00:00+00:00,1.9270094633102417,1.9373300075531006,1.9245442152023315,1.9336718320846558,1.9336718320846558,0,CORE23254-USD
1716,2024-06-06 02:00:00+00:00,1.931828498840332,1.9347648620605469,1.9267759323120117,1.9347648620605469,1.9347648620605469,0,CORE23254-USD
1717,2024-06-06 03:00:00+00:00,1.9360684156417847,1.9549944400787354,1.9339916706085205,1.9549944400787354,1.9549944400787354,0,CORE23254-USD
1718,2024-06-06 04:00:00+00:00,1.9565093517303467,1.95801842212677,1.9522442817687988,1.9533147811889648,1.9533147811889648,0,CORE23254-USD
1719,2024-06-06 05:00:00+00:00,1.951188564300537,1.951188564300537,1.932479977607727,1.9331114292144775,1.9331114292144775,0,CORE23254-USD
1720,2024-06-06 06:00:00+00:00,1.9340866804122925,1.939302682876587,1.9256086349487305,1.930511713027954,1.930511713027954,0,CORE23254-USD
1721,2024-06-06 07:00:00+00:00,1.9308127164840698,1.9374446868896484,1.9278638362884521,1.9345685243606567,1.9345685243606567,0,CORE23254-USD
1722,2024-06-06 08:00:00+00:00,1.9323408603668213,1.9333148002624512,1.925545334815979,1.9271634817123413,1.9271634817123413,0,CORE23254-USD
1723,2024-06-06 09:00:00+00:00,1.9274216890335083,1.9351437091827393,1.925392985343933,1.9285492897033691,1.9285492897033691,0,CORE23254-USD
1724,2024-06-06 10:00:00+00:00,1.9288212060928345,1.9322335720062256,1.9260225296020508,1.9315954446792603,1.9315954446792603,0,CORE23254-USD
1725,2024-06-06 11:00:00+00:00,1.9327967166900635,1.9458305835723877,1.9326401948928833,1.9411908388137817,1.9411908388137817,0,CORE23254-USD
1726,2024-06-06 12:00:00+00:00,1.9391701221466064,1.9520143270492554,1.9353442192077637,1.9407413005828857,1.9407413005828857,0,CORE23254-USD
1727,2024-06-06 13:00:00+00:00,1.9389082193374634,1.9588714838027954,1.9353142976760864,1.9558513164520264,1.9558513164520264,0,CORE23254-USD
1728,2024-06-06 14:00:00+00:00,1.947845697402954,1.9563122987747192,1.9441794157028198,1.9563122987747192,1.9563122987747192,0,CORE23254-USD
1729,2024-06-06 15:00:00+00:00,1.9563218355178833,1.9613988399505615,1.9518431425094604,1.9518431425094604,1.9518431425094604,0,CORE23254-USD
1730,2024-06-06 16:00:00+00:00,1.9480171203613281,1.9507824182510376,1.9331036806106567,1.9421145915985107,1.9421145915985107,0,CORE23254-USD
1731,2024-06-06 17:00:00+00:00,1.9401967525482178,1.942355751991272,1.9335145950317383,1.9397493600845337,1.9397493600845337,0,CORE23254-USD
1732,2024-06-06 18:00:00+00:00,1.9381126165390015,1.9438663721084595,1.933274269104004,1.94326651096344,1.94326651096344,0,CORE23254-USD
1733,2024-06-06 19:00:00+00:00,1.942859172821045,1.942859172821045,1.9166256189346313,1.9278291463851929,1.9278291463851929,33836,CORE23254-USD
1734,2024-06-06 20:00:00+00:00,1.9235767126083374,1.9527660608291626,1.9235767126083374,1.9494985342025757,1.9494985342025757,1149276,CORE23254-USD
1735,2024-06-06 21:00:00+00:00,1.9481085538864136,1.9543709754943848,1.9481085538864136,1.9510979652404785,1.9510979652404785,0,CORE23254-USD
1736,2024-06-06 22:00:00+00:00,1.9509419202804565,1.9628371000289917,1.9509419202804565,1.9581921100616455,1.9581921100616455,0,CORE23254-USD
1737,2024-06-06 23:00:00+00:00,1.9578319787979126,1.960863471031189,1.95530104637146,1.9569392204284668,1.9569392204284668,132,CORE23254-USD
1738,2024-06-07 00:00:00+00:00,1.9604206085205078,2.0226032733917236,1.9604206085205078,2.0142629146575928,2.0142629146575928,4330484,CORE23254-USD
1739,2024-06-07 01:00:00+00:00,2.025453805923462,2.100144624710083,2.025453805923462,2.0327630043029785,2.0327630043029785,10396252,CORE23254-USD
1740,2024-06-07 02:00:00+00:00,2.040541172027588,2.049370527267456,2.005627393722534,2.017503499984741,2.017503499984741,5218692,CORE23254-USD
1741,2024-06-07 03:00:00+00:00,2.0205154418945312,2.0271339416503906,2.0135531425476074,2.0135531425476074,2.0135531425476074,1108456,CORE23254-USD
1742,2024-06-07 04:00:00+00:00,2.010857582092285,2.010857582092285,1.9846296310424805,1.9846296310424805,1.9846296310424805,1325208,CORE23254-USD
1743,2024-06-07 05:00:00+00:00,1.97516667842865,1.988141417503357,1.9744092226028442,1.9829589128494263,1.9829589128494263,2788352,CORE23254-USD
1744,2024-06-07 06:00:00+00:00,1.984545111656189,1.9877504110336304,1.9736336469650269,1.9855672121047974,1.9855672121047974,787376,CORE23254-USD
1745,2024-06-07 07:00:00+00:00,1.9937341213226318,1.9937341213226318,1.9748814105987549,1.9813427925109863,1.9813427925109863,1186072,CORE23254-USD
1746,2024-06-07 08:00:00+00:00,1.9844616651535034,1.9878041744232178,1.9809215068817139,1.9809215068817139,1.9809215068817139,0,CORE23254-USD
1747,2024-06-07 09:00:00+00:00,1.976822018623352,1.9768534898757935,1.9575481414794922,1.9743354320526123,1.9743354320526123,1092112,CORE23254-USD
1748,2024-06-07 10:00:00+00:00,1.9806350469589233,1.9808447360992432,1.964953064918518,1.964953064918518,1.964953064918518,983136,CORE23254-USD
1749,2024-06-07 11:00:00+00:00,1.964719295501709,1.9744596481323242,1.9566141366958618,1.9744596481323242,1.9744596481323242,181920,CORE23254-USD
1750,2024-06-07 12:00:00+00:00,1.9759869575500488,1.9759869575500488,1.9311978816986084,1.9397876262664795,1.9397876262664795,2068248,CORE23254-USD
1751,2024-06-07 13:00:00+00:00,1.937195062637329,1.9639649391174316,1.9350847005844116,1.9617112874984741,1.9617112874984741,1569672,CORE23254-USD
1752,2024-06-07 14:00:00+00:00,1.961130142211914,1.974144697189331,1.9553669691085815,1.97202730178833,1.97202730178833,524648,CORE23254-USD
1753,2024-06-07 15:00:00+00:00,1.9691803455352783,1.975829839706421,1.9660074710845947,1.9738619327545166,1.9738619327545166,697440,CORE23254-USD
1754,2024-06-07 16:00:00+00:00,1.9687522649765015,1.974743366241455,1.9487559795379639,1.9487559795379639,1.9487559795379639,598728,CORE23254-USD
1755,2024-06-07 17:00:00+00:00,1.9394809007644653,1.9424608945846558,1.9267606735229492,1.9302605390548706,1.9302605390548706,1419576,CORE23254-USD
1756,2024-06-07 18:00:00+00:00,1.855078935623169,1.855078935623169,1.6415191888809204,1.7038075923919678,1.7038075923919678,16533608,CORE23254-USD
1757,2024-06-07 19:00:00+00:00,1.6912153959274292,1.7276560068130493,1.6912153959274292,1.7276560068130493,1.7276560068130493,8344688,CORE23254-USD
1758,2024-06-07 20:00:00+00:00,1.7232197523117065,1.759096384048462,1.7195825576782227,1.759096384048462,1.759096384048462,3410128,CORE23254-USD
1759,2024-06-07 21:00:00+00:00,1.755523681640625,1.765218734741211,1.7541143894195557,1.7638459205627441,1.7638459205627441,3048384,CORE23254-USD
1760,2024-06-07 22:00:00+00:00,1.7681567668914795,1.7901461124420166,1.767205834388733,1.7793231010437012,1.7793231010437012,3389352,CORE23254-USD
1761,2024-06-07 23:00:00+00:00,1.7768938541412354,1.7817752361297607,1.7685415744781494,1.7706069946289062,1.7706069946289062,1498072,CORE23254-USD
1762,2024-06-08 00:00:00+00:00,1.7647569179534912,1.7654595375061035,1.761009931564331,1.7610862255096436,1.7610862255096436,0,CORE23254-USD
1763,2024-06-08 01:00:00+00:00,1.7639235258102417,1.7802934646606445,1.7610300779342651,1.7802934646606445,1.7802934646606445,0,CORE23254-USD
1764,2024-06-08 02:00:00+00:00,1.7797305583953857,1.7797305583953857,1.7587618827819824,1.7675769329071045,1.7675769329071045,0,CORE23254-USD
1765,2024-06-08 03:00:00+00:00,1.766244649887085,1.7671535015106201,1.7635208368301392,1.764615535736084,1.764615535736084,0,CORE23254-USD
1766,2024-06-08 04:00:00+00:00,1.7658857107162476,1.7667639255523682,1.7500211000442505,1.7500211000442505,1.7500211000442505,0,CORE23254-USD
1767,2024-06-08 05:00:00+00:00,1.7492095232009888,1.7532182931900024,1.7475841045379639,1.7512551546096802,1.7512551546096802,0,CORE23254-USD
1768,2024-06-08 06:00:00+00:00,1.7505141496658325,1.7505141496658325,1.7447789907455444,1.7488435506820679,1.7488435506820679,451880,CORE23254-USD
1769,2024-06-08 07:00:00+00:00,1.7497795820236206,1.7621409893035889,1.7497795820236206,1.758307695388794,1.758307695388794,616136,CORE23254-USD
1770,2024-06-08 08:00:00+00:00,1.755059838294983,1.7556864023208618,1.7420213222503662,1.7451633214950562,1.7451633214950562,1320576,CORE23254-USD
1771,2024-06-08 09:00:00+00:00,1.7457997798919678,1.7457997798919678,1.742269515991211,1.7426199913024902,1.7426199913024902,0,CORE23254-USD
1772,2024-06-08 10:00:00+00:00,1.7441813945770264,1.7441813945770264,1.7148231267929077,1.7217460870742798,1.7217460870742798,1140040,CORE23254-USD
1773,2024-06-08 11:00:00+00:00,1.7220507860183716,1.7220507860183716,1.692161202430725,1.692161202430725,1.692161202430725,1321752,CORE23254-USD
1774,2024-06-08 12:00:00+00:00,1.6910126209259033,1.699937105178833,1.6876509189605713,1.6998904943466187,1.6998904943466187,0,CORE23254-USD
1775,2024-06-08 13:00:00+00:00,1.694453239440918,1.7032943964004517,1.6674972772598267,1.7032943964004517,1.7032943964004517,1273392,CORE23254-USD
1776,2024-06-08 14:00:00+00:00,1.7010055780410767,1.706048846244812,1.68626070022583,1.7039254903793335,1.7039254903793335,1083488,CORE23254-USD
1777,2024-06-08 15:00:00+00:00,1.70473051071167,1.705574870109558,1.6835029125213623,1.6837724447250366,1.6837724447250366,15480,CORE23254-USD
1778,2024-06-08 16:00:00+00:00,1.6864047050476074,1.7312148809432983,1.6864047050476074,1.7095662355422974,1.7095662355422974,3299616,CORE23254-USD
1779,2024-06-08 17:00:00+00:00,1.7044727802276611,1.7202491760253906,1.6905627250671387,1.6978951692581177,1.6978951692581177,514096,CORE23254-USD
1780,2024-06-08 18:00:00+00:00,1.7007057666778564,1.70951247215271,1.6941252946853638,1.7016468048095703,1.7016468048095703,0,CORE23254-USD
1781,2024-06-08 19:00:00+00:00,1.7038869857788086,1.7053519487380981,1.6908695697784424,1.6922897100448608,1.6922897100448608,0,CORE23254-USD
1782,2024-06-08 20:00:00+00:00,1.6919097900390625,1.692335844039917,1.6845167875289917,1.6873685121536255,1.6873685121536255,0,CORE23254-USD
1783,2024-06-08 21:00:00+00:00,1.6882864236831665,1.6910663843154907,1.6827589273452759,1.6909395456314087,1.6909395456314087,0,CORE23254-USD
1784,2024-06-08 22:00:00+00:00,1.6924960613250732,1.6930077075958252,1.6718579530715942,1.6930077075958252,1.6930077075958252,0,CORE23254-USD
1785,2024-06-08 23:00:00+00:00,1.695165753364563,1.71119225025177,1.695165753364563,1.7058249711990356,1.7058249711990356,0,CORE23254-USD
1786,2024-06-09 00:00:00+00:00,1.702136754989624,1.721372365951538,1.702136754989624,1.721372365951538,1.721372365951538,0,CORE23254-USD
1787,2024-06-09 01:00:00+00:00,1.723233699798584,1.7365999221801758,1.723233699798584,1.7323628664016724,1.7323628664016724,0,CORE23254-USD
1788,2024-06-09 02:00:00+00:00,1.730159044265747,1.730159044265747,1.7036280632019043,1.7069905996322632,1.7069905996322632,0,CORE23254-USD
1789,2024-06-09 03:00:00+00:00,1.715197205543518,1.7200120687484741,1.710640788078308,1.710640788078308,1.710640788078308,426912,CORE23254-USD
1790,2024-06-09 04:00:00+00:00,1.710239052772522,1.716631531715393,1.710239052772522,1.7104740142822266,1.7104740142822266,0,CORE23254-USD
1791,2024-06-09 05:00:00+00:00,1.7147188186645508,1.7192530632019043,1.7038259506225586,1.7128653526306152,1.7128653526306152,0,CORE23254-USD
1792,2024-06-09 06:00:00+00:00,1.7131491899490356,1.7192620038986206,1.7111701965332031,1.718666911125183,1.718666911125183,0,CORE23254-USD
1793,2024-06-09 07:00:00+00:00,1.7191529273986816,1.7251529693603516,1.7127496004104614,1.7136707305908203,1.7136707305908203,0,CORE23254-USD
1794,2024-06-09 08:00:00+00:00,1.712045669555664,1.7222355604171753,1.7108105421066284,1.719565987586975,1.719565987586975,0,CORE23254-USD
1795,2024-06-09 09:00:00+00:00,1.7194793224334717,1.7194793224334717,1.7107607126235962,1.7107607126235962,1.7107607126235962,0,CORE23254-USD
1796,2024-06-09 10:00:00+00:00,1.7102826833724976,1.7135990858078003,1.703547716140747,1.703547716140747,1.703547716140747,0,CORE23254-USD
1797,2024-06-09 11:00:00+00:00,1.7049041986465454,1.7128410339355469,1.7016607522964478,1.7128410339355469,1.7128410339355469,0,CORE23254-USD
1798,2024-06-09 12:00:00+00:00,1.712205410003662,1.7325267791748047,1.7118433713912964,1.7325267791748047,1.7325267791748047,0,CORE23254-USD
1799,2024-06-09 13:00:00+00:00,1.7295262813568115,1.7295262813568115,1.7120227813720703,1.7120227813720703,1.7120227813720703,0,CORE23254-USD
1800,2024-06-09 14:00:00+00:00,1.712229609489441,1.7170711755752563,1.7087491750717163,1.7164558172225952,1.7164558172225952,0,CORE23254-USD
1801,2024-06-09 15:00:00+00:00,1.7190420627593994,1.7192809581756592,1.7106045484542847,1.7122278213500977,1.7122278213500977,0,CORE23254-USD
1802,2024-06-09 16:00:00+00:00,1.7241801023483276,1.7241801023483276,1.7057299613952637,1.7072007656097412,1.7072007656097412,0,CORE23254-USD
1803,2024-06-09 17:00:00+00:00,1.7075443267822266,1.7136492729187012,1.7070486545562744,1.7123963832855225,1.7123963832855225,0,CORE23254-USD
1804,2024-06-09 18:00:00+00:00,1.7120227813720703,1.7138681411743164,1.7110795974731445,1.7137924432754517,1.7137924432754517,0,CORE23254-USD
1805,2024-06-09 19:00:00+00:00,1.7123346328735352,1.7177923917770386,1.7123346328735352,1.7124364376068115,1.7124364376068115,0,CORE23254-USD
1806,2024-06-09 20:00:00+00:00,1.7126730680465698,1.7126730680465698,1.7099169492721558,1.7112969160079956,1.7112969160079956,0,CORE23254-USD
1807,2024-06-09 21:00:00+00:00,1.7129625082015991,1.7158818244934082,1.7113453149795532,1.7132374048233032,1.7132374048233032,0,CORE23254-USD
1808,2024-06-09 22:00:00+00:00,1.7136578559875488,1.7241714000701904,1.7136578559875488,1.7228658199310303,1.7228658199310303,0,CORE23254-USD
1809,2024-06-09 23:00:00+00:00,1.722815990447998,1.7304401397705078,1.722815990447998,1.7229291200637817,1.7229291200637817,0,CORE23254-USD
1810,2024-06-10 00:00:00+00:00,1.7202576398849487,1.7202576398849487,1.71230947971344,1.7133100032806396,1.7133100032806396,0,CORE23254-USD
1811,2024-06-10 01:00:00+00:00,1.7123010158538818,1.7146799564361572,1.7045944929122925,1.7045944929122925,1.7045944929122925,0,CORE23254-USD
1812,2024-06-10 02:00:00+00:00,1.7042073011398315,1.706868052482605,1.6935327053070068,1.6935327053070068,1.6935327053070068,0,CORE23254-USD
1813,2024-06-10 03:00:00+00:00,1.6928726434707642,1.6932812929153442,1.6791080236434937,1.6791080236434937,1.6791080236434937,0,CORE23254-USD
1814,2024-06-10 04:00:00+00:00,1.6785132884979248,1.696159839630127,1.6749730110168457,1.692091941833496,1.692091941833496,737172,CORE23254-USD
1815,2024-06-10 05:00:00+00:00,1.6928355693817139,1.6938445568084717,1.6823463439941406,1.6919535398483276,1.6919535398483276,0,CORE23254-USD
1816,2024-06-10 06:00:00+00:00,1.691172480583191,1.691172480583191,1.6760343313217163,1.6775530576705933,1.6775530576705933,972868,CORE23254-USD
1817,2024-06-10 07:00:00+00:00,1.6782056093215942,1.6821374893188477,1.6659518480300903,1.6682149171829224,1.6682149171829224,36656,CORE23254-USD
1818,2024-06-10 08:00:00+00:00,1.6659729480743408,1.6826503276824951,1.6659729480743408,1.6825673580169678,1.6825673580169678,364540,CORE23254-USD
1819,2024-06-10 09:00:00+00:00,1.6849629878997803,1.7014822959899902,1.6849629878997803,1.7009751796722412,1.7009751796722412,345804,CORE23254-USD
1820,2024-06-10 10:00:00+00:00,1.7017379999160767,1.7017379999160767,1.685294508934021,1.699030876159668,1.699030876159668,90876,CORE23254-USD
1821,2024-06-10 11:00:00+00:00,1.6982156038284302,1.7058768272399902,1.6917445659637451,1.6994088888168335,1.6994088888168335,165476,CORE23254-USD
1822,2024-06-10 12:00:00+00:00,1.700606107711792,1.7042838335037231,1.691476821899414,1.6967835426330566,1.6967835426330566,0,CORE23254-USD
1823,2024-06-10 13:00:00+00:00,1.692203402519226,1.7042863368988037,1.6892324686050415,1.7022825479507446,1.7022825479507446,0,CORE23254-USD
1824,2024-06-10 14:00:00+00:00,1.7008824348449707,1.706281065940857,1.6944093704223633,1.701471209526062,1.701471209526062,0,CORE23254-USD
1825,2024-06-10 15:00:00+00:00,1.7041531801223755,1.7215732336044312,1.7041531801223755,1.7215732336044312,1.7215732336044312,316176,CORE23254-USD
1826,2024-06-10 16:00:00+00:00,1.716118574142456,1.716118574142456,1.6968823671340942,1.7019083499908447,1.7019083499908447,0,CORE23254-USD
1827,2024-06-10 17:00:00+00:00,1.6971248388290405,1.6971248388290405,1.6848009824752808,1.6878074407577515,1.6878074407577515,0,CORE23254-USD
1828,2024-06-10 18:00:00+00:00,1.6913286447525024,1.6944665908813477,1.681450366973877,1.6827539205551147,1.6827539205551147,464668,CORE23254-USD
1829,2024-06-10 19:00:00+00:00,1.6837139129638672,1.6837139129638672,1.6708396673202515,1.672929048538208,1.672929048538208,279332,CORE23254-USD
1830,2024-06-10 20:00:00+00:00,1.6724588871002197,1.690230131149292,1.6674895286560059,1.6799676418304443,1.6799676418304443,686884,CORE23254-USD
1831,2024-06-10 21:00:00+00:00,1.680737853050232,1.6844568252563477,1.6794841289520264,1.6844568252563477,1.6844568252563477,0,CORE23254-USD
1832,2024-06-10 22:00:00+00:00,1.6826165914535522,1.6880123615264893,1.676603078842163,1.6850029230117798,1.6850029230117798,0,CORE23254-USD
1833,2024-06-10 23:00:00+00:00,1.6876304149627686,1.6876304149627686,1.6744539737701416,1.6764798164367676,1.6764798164367676,0,CORE23254-USD
1834,2024-06-11 00:00:00+00:00,1.6792387962341309,1.685741901397705,1.6724728345870972,1.6773933172225952,1.6773933172225952,0,CORE23254-USD
1835,2024-06-11 01:00:00+00:00,1.6731399297714233,1.67339289188385,1.6260614395141602,1.6260614395141602,1.6260614395141602,1140860,CORE23254-USD
1836,2024-06-11 02:00:00+00:00,1.640949010848999,1.640949010848999,1.6227260828018188,1.6380951404571533,1.6380951404571533,2788124,CORE23254-USD
1837,2024-06-11 03:00:00+00:00,1.6375582218170166,1.6455620527267456,1.6373982429504395,1.6418473720550537,1.6418473720550537,0,CORE23254-USD
1838,2024-06-11 04:00:00+00:00,1.6428848505020142,1.6443995237350464,1.6245132684707642,1.6250544786453247,1.6250544786453247,745148,CORE23254-USD
1839,2024-06-11 05:00:00+00:00,1.6234873533248901,1.6243089437484741,1.617751121520996,1.6243089437484741,1.6243089437484741,0,CORE23254-USD
1840,2024-06-11 06:00:00+00:00,1.6240731477737427,1.6248321533203125,1.615823745727539,1.615823745727539,1.615823745727539,0,CORE23254-USD
1841,2024-06-11 07:00:00+00:00,1.6149470806121826,1.625647783279419,1.6149470806121826,1.618292212486267,1.618292212486267,446020,CORE23254-USD
1842,2024-06-11 08:00:00+00:00,1.62550950050354,1.6319166421890259,1.6168811321258545,1.625308632850647,1.625308632850647,478260,CORE23254-USD
1843,2024-06-11 09:00:00+00:00,1.6261767148971558,1.6271005868911743,1.6133910417556763,1.6153725385665894,1.6153725385665894,109820,CORE23254-USD
1844,2024-06-11 10:00:00+00:00,1.6121301651000977,1.6228629350662231,1.6121301651000977,1.6175721883773804,1.6175721883773804,508888,CORE23254-USD
1845,2024-06-11 11:00:00+00:00,1.6189936399459839,1.6189936399459839,1.6054073572158813,1.6054073572158813,1.6054073572158813,398340,CORE23254-USD
1846,2024-06-11 12:00:00+00:00,1.601135492324829,1.6080152988433838,1.5980398654937744,1.6022695302963257,1.6022695302963257,445400,CORE23254-USD
1847,2024-06-11 13:00:00+00:00,1.5982637405395508,1.6028770208358765,1.5787190198898315,1.5787190198898315,1.5787190198898315,1699996,CORE23254-USD
1848,2024-06-11 14:00:00+00:00,1.579885721206665,1.5907946825027466,1.5753240585327148,1.5827950239181519,1.5827950239181519,1645288,CORE23254-USD
1849,2024-06-11 15:00:00+00:00,1.5837560892105103,1.5881788730621338,1.5384639501571655,1.5405431985855103,1.5405431985855103,3567996,CORE23254-USD
1850,2024-06-11 16:00:00+00:00,1.544325828552246,1.5716897249221802,1.544325828552246,1.5546650886535645,1.5546650886535645,1705436,CORE23254-USD
1851,2024-06-11 17:00:00+00:00,1.5555342435836792,1.5576443672180176,1.535099983215332,1.5539324283599854,1.5539324283599854,1840624,CORE23254-USD
1852,2024-06-11 18:00:00+00:00,1.5582998991012573,1.5787354707717896,1.5582998991012573,1.5768274068832397,1.5768274068832397,1177988,CORE23254-USD
1853,2024-06-11 19:00:00+00:00,1.5839489698410034,1.6048002243041992,1.5811268091201782,1.6048002243041992,1.6048002243041992,843596,CORE23254-USD
1854,2024-06-11 20:00:00+00:00,1.592897891998291,1.6137022972106934,1.592897891998291,1.6137022972106934,1.6137022972106934,1215860,CORE23254-USD
1855,2024-06-11 21:00:00+00:00,1.612247347831726,1.6237640380859375,1.6071499586105347,1.6237640380859375,1.6237640380859375,1687704,CORE23254-USD
1856,2024-06-11 22:00:00+00:00,1.6289057731628418,1.642524242401123,1.6243696212768555,1.6298600435256958,1.6298600435256958,2147552,CORE23254-USD
1857,2024-06-11 23:00:00+00:00,1.6297987699508667,1.6297987699508667,1.6045790910720825,1.6121309995651245,1.6121309995651245,1084768,CORE23254-USD
1858,2024-06-12 00:00:00+00:00,1.6153498888015747,1.622257947921753,1.5923360586166382,1.5940536260604858,1.5940536260604858,1267440,CORE23254-USD
1859,2024-06-12 01:00:00+00:00,1.5953443050384521,1.5953443050384521,1.5587506294250488,1.5708885192871094,1.5708885192871094,272704,CORE23254-USD
1860,2024-06-12 02:00:00+00:00,1.5717686414718628,1.6000560522079468,1.5717686414718628,1.6000560522079468,1.6000560522079468,0,CORE23254-USD
1861,2024-06-12 03:00:00+00:00,1.599664330482483,1.6109426021575928,1.598738431930542,1.6072560548782349,1.6072560548782349,632240,CORE23254-USD
1862,2024-06-12 04:00:00+00:00,1.6053403615951538,1.6135011911392212,1.6040470600128174,1.6045714616775513,1.6045714616775513,0,CORE23254-USD
1863,2024-06-12 05:00:00+00:00,1.6012216806411743,1.6012216806411743,1.5943810939788818,1.5989189147949219,1.5989189147949219,0,CORE23254-USD
1864,2024-06-12 06:00:00+00:00,1.5985229015350342,1.617413878440857,1.5985229015350342,1.6167881488800049,1.6167881488800049,0,CORE23254-USD
1865,2024-06-12 07:00:00+00:00,1.6189119815826416,1.6286234855651855,1.6189119815826416,1.6249016523361206,1.6249016523361206,0,CORE23254-USD
1866,2024-06-12 08:00:00+00:00,1.6259934902191162,1.632049322128296,1.6257606744766235,1.6257606744766235,1.6257606744766235,117080,CORE23254-USD
1867,2024-06-12 09:00:00+00:00,1.6219244003295898,1.6219244003295898,1.6150074005126953,1.6202434301376343,1.6202434301376343,0,CORE23254-USD
1868,2024-06-12 10:00:00+00:00,1.621979832649231,1.631301760673523,1.619893193244934,1.619893193244934,1.619893193244934,435280,CORE23254-USD
1869,2024-06-12 11:00:00+00:00,1.6188554763793945,1.6188554763793945,1.6123195886611938,1.6123195886611938,1.6123195886611938,0,CORE23254-USD
1870,2024-06-12 12:00:00+00:00,1.6061850786209106,1.6760528087615967,1.6061850786209106,1.6686503887176514,1.6686503887176514,4783728,CORE23254-USD
1871,2024-06-12 13:00:00+00:00,1.6784334182739258,1.6924779415130615,1.656429648399353,1.6630312204360962,1.6630312204360962,1487648,CORE23254-USD
1872,2024-06-12 14:00:00+00:00,1.6721971035003662,1.6920948028564453,1.6721971035003662,1.6840240955352783,1.6840240955352783,890144,CORE23254-USD
1873,2024-06-12 15:00:00+00:00,1.6851388216018677,1.6851388216018677,1.6737087965011597,1.6818724870681763,1.6818724870681763,0,CORE23254-USD
1874,2024-06-12 16:00:00+00:00,1.6793835163116455,1.6819119453430176,1.6534857749938965,1.6709316968917847,1.6709316968917847,0,CORE23254-USD
1875,2024-06-12 17:00:00+00:00,1.6709024906158447,1.6754176616668701,1.6625947952270508,1.6754176616668701,1.6754176616668701,0,CORE23254-USD
1876,2024-06-12 18:00:00+00:00,1.660333275794983,1.660333275794983,1.6411030292510986,1.6432677507400513,1.6432677507400513,2029200,CORE23254-USD
1877,2024-06-12 19:00:00+00:00,1.645337462425232,1.6639829874038696,1.6079517602920532,1.6136387586593628,1.6136387586593628,1607640,CORE23254-USD
1878,2024-06-12 20:00:00+00:00,1.6137710809707642,1.6357015371322632,1.6137710809707642,1.6335597038269043,1.6335597038269043,173120,CORE23254-USD
1879,2024-06-12 21:00:00+00:00,1.6380125284194946,1.6396127939224243,1.628388524055481,1.628388524055481,1.628388524055481,0,CORE23254-USD
1880,2024-06-12 22:00:00+00:00,1.6281771659851074,1.6334236860275269,1.6250425577163696,1.6320863962173462,1.6320863962173462,0,CORE23254-USD
1881,2024-06-12 23:00:00+00:00,1.6314144134521484,1.6314693689346313,1.6219130754470825,1.6314693689346313,1.6314693689346313,0,CORE23254-USD
1882,2024-06-13 00:00:00+00:00,1.627417802810669,1.627417802810669,1.6148511171340942,1.6215509176254272,1.6215509176254272,0,CORE23254-USD
1883,2024-06-13 01:00:00+00:00,1.62003493309021,1.6217310428619385,1.6105419397354126,1.6105419397354126,1.6105419397354126,0,CORE23254-USD
1884,2024-06-13 02:00:00+00:00,1.6049306392669678,1.6049306392669678,1.5792574882507324,1.5792574882507324,1.5792574882507324,0,CORE23254-USD
1885,2024-06-13 03:00:00+00:00,1.5700035095214844,1.5767521858215332,1.5534968376159668,1.5767521858215332,1.5767521858215332,1288088,CORE23254-USD
1886,2024-06-13 04:00:00+00:00,1.577506422996521,1.5926482677459717,1.577506422996521,1.5863224267959595,1.5863224267959595,0,CORE23254-USD
1887,2024-06-13 05:00:00+00:00,1.5864516496658325,1.5931940078735352,1.5864516496658325,1.5874451398849487,1.5874451398849487,0,CORE23254-USD
1888,2024-06-13 06:00:00+00:00,1.5828052759170532,1.5828052759170532,1.569716453552246,1.5714442729949951,1.5714442729949951,0,CORE23254-USD
1889,2024-06-13 07:00:00+00:00,1.5690251588821411,1.5766972303390503,1.5685628652572632,1.5766972303390503,1.5766972303390503,0,CORE23254-USD
1890,2024-06-13 08:00:00+00:00,1.574208378791809,1.5788490772247314,1.5718212127685547,1.5761773586273193,1.5761773586273193,0,CORE23254-USD
1891,2024-06-13 09:00:00+00:00,1.5732078552246094,1.5732078552246094,1.561834454536438,1.5688046216964722,1.5688046216964722,29168,CORE23254-USD
1892,2024-06-13 10:00:00+00:00,1.5699397325515747,1.5744783878326416,1.5602043867111206,1.5744783878326416,1.5744783878326416,2144,CORE23254-USD
1893,2024-06-13 11:00:00+00:00,1.5758532285690308,1.5758532285690308,1.560819149017334,1.560819149017334,1.560819149017334,0,CORE23254-USD
1894,2024-06-13 12:00:00+00:00,1.5638823509216309,1.5773279666900635,1.5584907531738281,1.5584907531738281,1.5584907531738281,0,CORE23254-USD
1895,2024-06-13 13:00:00+00:00,1.5645707845687866,1.5748884677886963,1.5569735765457153,1.5616412162780762,1.5616412162780762,0,CORE23254-USD
1896,2024-06-13 14:00:00+00:00,1.5618314743041992,1.5665841102600098,1.5532209873199463,1.5618997812271118,1.5618997812271118,0,CORE23254-USD
1897,2024-06-13 15:00:00+00:00,1.554396152496338,1.555580973625183,1.5245964527130127,1.5250285863876343,1.5250285863876343,576308,CORE23254-USD
1898,2024-06-13 16:00:00+00:00,1.5237374305725098,1.543913722038269,1.5237374305725098,1.5430829524993896,1.5430829524993896,547376,CORE23254-USD
1899,2024-06-13 17:00:00+00:00,1.5468391180038452,1.54776132106781,1.5401207208633423,1.5443768501281738,1.5443768501281738,243256,CORE23254-USD
1900,2024-06-13 18:00:00+00:00,1.5453152656555176,1.548529028892517,1.5421353578567505,1.547218680381775,1.547218680381775,0,CORE23254-USD
1901,2024-06-13 19:00:00+00:00,1.5470739603042603,1.5509734153747559,1.5451438426971436,1.5481218099594116,1.5481218099594116,0,CORE23254-USD
1902,2024-06-13 20:00:00+00:00,1.5462009906768799,1.549041509628296,1.542946696281433,1.5438504219055176,1.5438504219055176,0,CORE23254-USD
1903,2024-06-13 21:00:00+00:00,1.543799877166748,1.5529409646987915,1.5368516445159912,1.5529409646987915,1.5529409646987915,0,CORE23254-USD
1904,2024-06-13 22:00:00+00:00,1.5506749153137207,1.5587135553359985,1.549543023109436,1.5576262474060059,1.5576262474060059,0,CORE23254-USD
1905,2024-06-13 23:00:00+00:00,1.5539932250976562,1.5550082921981812,1.5462092161178589,1.5462092161178589,1.5462092161178589,0,CORE23254-USD
1906,2024-06-14 00:00:00+00:00,1.5477215051651,1.5477215051651,1.5253816843032837,1.5316084623336792,1.5316084623336792,394276,CORE23254-USD
1907,2024-06-14 01:00:00+00:00,1.5297924280166626,1.5448455810546875,1.5238641500473022,1.5448455810546875,1.5448455810546875,667424,CORE23254-USD
1908,2024-06-14 02:00:00+00:00,1.5447072982788086,1.5455914735794067,1.537947177886963,1.5453929901123047,1.5453929901123047,0,CORE23254-USD
1909,2024-06-14 03:00:00+00:00,1.5445703268051147,1.5445703268051147,1.532447338104248,1.5378429889678955,1.5378429889678955,0,CORE23254-USD
1910,2024-06-14 04:00:00+00:00,1.5410525798797607,1.54366135597229,1.5360251665115356,1.5430340766906738,1.5430340766906738,0,CORE23254-USD
1911,2024-06-14 05:00:00+00:00,1.543537974357605,1.5775816440582275,1.543537974357605,1.575521469116211,1.575521469116211,1534736,CORE23254-USD
1912,2024-06-14 06:00:00+00:00,1.5676143169403076,1.5699763298034668,1.559875726699829,1.5615023374557495,1.5615023374557495,835920,CORE23254-USD
1913,2024-06-14 07:00:00+00:00,1.5615075826644897,1.566577434539795,1.5605047941207886,1.5632343292236328,1.5632343292236328,0,CORE23254-USD
1914,2024-06-14 08:00:00+00:00,1.5645833015441895,1.5823147296905518,1.5613974332809448,1.5811376571655273,1.5811376571655273,521848,CORE23254-USD
1915,2024-06-14 09:00:00+00:00,1.5818190574645996,1.5840413570404053,1.5742290019989014,1.5840413570404053,1.5840413570404053,242028,CORE23254-USD
1916,2024-06-14 10:00:00+00:00,1.583295226097107,1.584790587425232,1.5756399631500244,1.5817985534667969,1.5817985534667969,0,CORE23254-USD
1917,2024-06-14 11:00:00+00:00,1.581597089767456,1.6056883335113525,1.5746291875839233,1.6056883335113525,1.6056883335113525,157132,CORE23254-USD
1918,2024-06-14 12:00:00+00:00,1.6152119636535645,1.6179033517837524,1.5907292366027832,1.5919647216796875,1.5919647216796875,613580,CORE23254-USD
1919,2024-06-14 13:00:00+00:00,1.5923902988433838,1.610245704650879,1.5923902988433838,1.6046868562698364,1.6046868562698364,0,CORE23254-USD
1920,2024-06-14 14:00:00+00:00,1.5980967283248901,1.5980967283248901,1.5613746643066406,1.5737932920455933,1.5737932920455933,253780,CORE23254-USD
1921,2024-06-14 15:00:00+00:00,1.5753169059753418,1.5753169059753418,1.5503814220428467,1.5523416996002197,1.5523416996002197,0,CORE23254-USD
1922,2024-06-14 16:00:00+00:00,1.5579321384429932,1.5579321384429932,1.5283656120300293,1.534341812133789,1.534341812133789,2533376,CORE23254-USD
1923,2024-06-14 17:00:00+00:00,1.527382254600525,1.527382254600525,1.508953332901001,1.5123616456985474,1.5123616456985474,569352,CORE23254-USD
1924,2024-06-14 18:00:00+00:00,1.5143699645996094,1.5244678258895874,1.503495693206787,1.52317214012146,1.52317214012146,1631400,CORE23254-USD
1925,2024-06-14 19:00:00+00:00,1.517560601234436,1.52040433883667,1.5127495527267456,1.5156670808792114,1.5156670808792114,32992,CORE23254-USD
1926,2024-06-14 20:00:00+00:00,1.5182645320892334,1.5277775526046753,1.5182645320892334,1.5277775526046753,1.5277775526046753,386504,CORE23254-USD
1927,2024-06-14 21:00:00+00:00,1.5311737060546875,1.596195101737976,1.530498743057251,1.5713095664978027,1.5713095664978027,2320516,CORE23254-USD
1928,2024-06-14 22:00:00+00:00,1.5698074102401733,1.5738449096679688,1.562837839126587,1.5728954076766968,1.5728954076766968,330540,CORE23254-USD
1929,2024-06-14 23:00:00+00:00,1.5719091892242432,1.5903316736221313,1.5674488544464111,1.5784839391708374,1.5784839391708374,878504,CORE23254-USD
1930,2024-06-15 00:00:00+00:00,1.581324815750122,1.5856776237487793,1.5751231908798218,1.5751231908798218,1.5751231908798218,0,CORE23254-USD
1931,2024-06-15 01:00:00+00:00,1.571907877922058,1.571907877922058,1.5502897500991821,1.5539504289627075,1.5539504289627075,0,CORE23254-USD
1932,2024-06-15 02:00:00+00:00,1.5505253076553345,1.563560128211975,1.5505253076553345,1.560507893562317,1.560507893562317,294856,CORE23254-USD
1933,2024-06-15 03:00:00+00:00,1.5634644031524658,1.5635586977005005,1.5550601482391357,1.5600510835647583,1.5600510835647583,151888,CORE23254-USD
1934,2024-06-15 04:00:00+00:00,1.5640335083007812,1.5671360492706299,1.5541375875473022,1.5644503831863403,1.5644503831863403,654072,CORE23254-USD
1935,2024-06-15 05:00:00+00:00,1.5709128379821777,1.5760756731033325,1.5635778903961182,1.5635778903961182,1.5635778903961182,0,CORE23254-USD
1936,2024-06-15 06:00:00+00:00,1.5649969577789307,1.5729529857635498,1.5625964403152466,1.5651780366897583,1.5651780366897583,0,CORE23254-USD
1937,2024-06-15 07:00:00+00:00,1.5652555227279663,1.5727791786193848,1.5631030797958374,1.5631030797958374,1.5631030797958374,0,CORE23254-USD
1938,2024-06-15 08:00:00+00:00,1.5645272731781006,1.5666007995605469,1.5641611814498901,1.564865231513977,1.564865231513977,0,CORE23254-USD
1939,2024-06-15 09:00:00+00:00,1.5663503408432007,1.5696200132369995,1.5578341484069824,1.5630030632019043,1.5630030632019043,0,CORE23254-USD
1940,2024-06-15 10:00:00+00:00,1.5618599653244019,1.5688141584396362,1.5618599653244019,1.5666102170944214,1.5666102170944214,0,CORE23254-USD
1941,2024-06-15 11:00:00+00:00,1.5662832260131836,1.5927050113677979,1.5645982027053833,1.5927050113677979,1.5927050113677979,384664,CORE23254-USD
1942,2024-06-15 12:00:00+00:00,1.5870654582977295,1.5871059894561768,1.5756959915161133,1.5854170322418213,1.5854170322418213,0,CORE23254-USD
1943,2024-06-15 13:00:00+00:00,1.582124948501587,1.582124948501587,1.5786807537078857,1.5805968046188354,1.5805968046188354,0,CORE23254-USD
1944,2024-06-15 14:00:00+00:00,1.5791581869125366,1.5791581869125366,1.5689071416854858,1.5713971853256226,1.5713971853256226,0,CORE23254-USD
1945,2024-06-15 15:00:00+00:00,1.5711537599563599,1.5810803174972534,1.5711537599563599,1.5775097608566284,1.5775097608566284,0,CORE23254-USD
1946,2024-06-15 16:00:00+00:00,1.5797078609466553,1.5797078609466553,1.56615149974823,1.56615149974823,1.56615149974823,0,CORE23254-USD
1947,2024-06-15 17:00:00+00:00,1.5654962062835693,1.571476697921753,1.5651198625564575,1.571476697921753,1.571476697921753,0,CORE23254-USD
1948,2024-06-15 18:00:00+00:00,1.570041537284851,1.570041537284851,1.5538432598114014,1.5551892518997192,1.5551892518997192,0,CORE23254-USD
1949,2024-06-15 19:00:00+00:00,1.5526295900344849,1.5535778999328613,1.5443668365478516,1.5535778999328613,1.5535778999328613,0,CORE23254-USD
1950,2024-06-15 20:00:00+00:00,1.5573476552963257,1.5595353841781616,1.5503257513046265,1.554777979850769,1.554777979850769,0,CORE23254-USD
1951,2024-06-15 21:00:00+00:00,1.5516853332519531,1.5604248046875,1.5516853332519531,1.5604248046875,1.5604248046875,0,CORE23254-USD
1952,2024-06-15 22:00:00+00:00,1.563048005104065,1.5718519687652588,1.5583317279815674,1.5715179443359375,1.5715179443359375,0,CORE23254-USD
1953,2024-06-15 23:00:00+00:00,1.5696868896484375,1.5696868896484375,1.5627474784851074,1.5682731866836548,1.5682731866836548,0,CORE23254-USD
1954,2024-06-16 00:00:00+00:00,1.5649386644363403,1.5649386644363403,1.550281047821045,1.550281047821045,1.550281047821045,0,CORE23254-USD
1955,2024-06-16 01:00:00+00:00,1.5475592613220215,1.5582478046417236,1.5425738096237183,1.546423077583313,1.546423077583313,160668,CORE23254-USD
1956,2024-06-16 02:00:00+00:00,1.5458637475967407,1.547055959701538,1.5421637296676636,1.5424058437347412,1.5424058437347412,0,CORE23254-USD
1957,2024-06-16 03:00:00+00:00,1.5435118675231934,1.5445783138275146,1.5368115901947021,1.5382428169250488,1.5382428169250488,0,CORE23254-USD
1958,2024-06-16 04:00:00+00:00,1.5380357503890991,1.5452481508255005,1.531714677810669,1.5452481508255005,1.5452481508255005,0,CORE23254-USD
1959,2024-06-16 05:00:00+00:00,1.5465145111083984,1.5542477369308472,1.5463407039642334,1.5502517223358154,1.5502517223358154,0,CORE23254-USD
1960,2024-06-16 06:00:00+00:00,1.551548957824707,1.551548957824707,1.5437346696853638,1.5497710704803467,1.5497710704803467,0,CORE23254-USD
1961,2024-06-16 07:00:00+00:00,1.5482218265533447,1.553248643875122,1.5477333068847656,1.552130103111267,1.552130103111267,0,CORE23254-USD
1962,2024-06-16 08:00:00+00:00,1.551234483718872,1.551234483718872,1.5435878038406372,1.544075608253479,1.544075608253479,0,CORE23254-USD
1963,2024-06-16 09:00:00+00:00,1.5456490516662598,1.547544002532959,1.5436774492263794,1.5467729568481445,1.5467729568481445,0,CORE23254-USD
1964,2024-06-16 10:00:00+00:00,1.5504273176193237,1.559164047241211,1.548567295074463,1.559164047241211,1.559164047241211,93484,CORE23254-USD
1965,2024-06-16 11:00:00+00:00,1.5614713430404663,1.5614713430404663,1.5511735677719116,1.5522605180740356,1.5522605180740356,0,CORE23254-USD
1966,2024-06-16 12:00:00+00:00,1.5522679090499878,1.5579570531845093,1.5507367849349976,1.5538688898086548,1.5538688898086548,0,CORE23254-USD
1967,2024-06-16 13:00:00+00:00,1.5555323362350464,1.5751084089279175,1.5555323362350464,1.5751084089279175,1.5751084089279175,386664,CORE23254-USD
1968,2024-06-16 14:00:00+00:00,1.5751079320907593,1.5781887769699097,1.5659148693084717,1.5659148693084717,1.5659148693084717,0,CORE23254-USD
1969,2024-06-16 15:00:00+00:00,1.5657436847686768,1.608039379119873,1.5657436847686768,1.5964486598968506,1.5964486598968506,1412916,CORE23254-USD
1970,2024-06-16 16:00:00+00:00,1.6175479888916016,1.6462585926055908,1.6175479888916016,1.6265567541122437,1.6265567541122437,5371372,CORE23254-USD
1971,2024-06-16 17:00:00+00:00,1.6186572313308716,1.631103754043579,1.611007809638977,1.611007809638977,1.611007809638977,1732972,CORE23254-USD
1972,2024-06-16 18:00:00+00:00,1.6107704639434814,1.6301589012145996,1.6107704639434814,1.6262677907943726,1.6262677907943726,257816,CORE23254-USD
1973,2024-06-16 19:00:00+00:00,1.6259188652038574,1.6334689855575562,1.6259188652038574,1.627732753753662,1.627732753753662,0,CORE23254-USD
1974,2024-06-16 20:00:00+00:00,1.6294244527816772,1.6340762376785278,1.6246312856674194,1.6340762376785278,1.6340762376785278,341908,CORE23254-USD
1975,2024-06-16 21:00:00+00:00,1.6302504539489746,1.6378408670425415,1.62083101272583,1.621174931526184,1.621174931526184,235324,CORE23254-USD
1976,2024-06-16 22:00:00+00:00,1.6254247426986694,1.64199960231781,1.6254247426986694,1.6334116458892822,1.6334116458892822,799732,CORE23254-USD
1977,2024-06-16 23:00:00+00:00,1.6362580060958862,1.636845588684082,1.6244938373565674,1.6291853189468384,1.6291853189468384,8680,CORE23254-USD
1978,2024-06-17 00:00:00+00:00,1.6349493265151978,1.6474043130874634,1.6331497430801392,1.6352519989013672,1.6352519989013672,1459060,CORE23254-USD
1979,2024-06-17 01:00:00+00:00,1.6334139108657837,1.644073724746704,1.6165515184402466,1.6216379404067993,1.6216379404067993,323488,CORE23254-USD
1980,2024-06-17 02:00:00+00:00,1.6146141290664673,1.6146141290664673,1.5876235961914062,1.6056818962097168,1.6056818962097168,1541164,CORE23254-USD
1981,2024-06-17 03:00:00+00:00,1.6023170948028564,1.606654167175293,1.59092378616333,1.6010035276412964,1.6010035276412964,508492,CORE23254-USD
1982,2024-06-17 04:00:00+00:00,1.6018260717391968,1.6400667428970337,1.6018260717391968,1.6400667428970337,1.6400667428970337,1646448,CORE23254-USD
1983,2024-06-17 05:00:00+00:00,1.6369881629943848,1.6369881629943848,1.6074247360229492,1.60763680934906,1.60763680934906,1405644,CORE23254-USD
1984,2024-06-17 06:00:00+00:00,1.610329508781433,1.6154862642288208,1.5947133302688599,1.606252670288086,1.606252670288086,1641524,CORE23254-USD
1985,2024-06-17 07:00:00+00:00,1.6068824529647827,1.6168185472488403,1.60267972946167,1.606380581855774,1.606380581855774,1714796,CORE23254-USD
1986,2024-06-17 08:00:00+00:00,1.6071782112121582,1.6132185459136963,1.5967639684677124,1.5972480773925781,1.5972480773925781,1626700,CORE23254-USD
1987,2024-06-17 09:00:00+00:00,1.5994467735290527,1.607917308807373,1.5584406852722168,1.5584406852722168,1.5584406852722168,1927196,CORE23254-USD
1988,2024-06-17 10:00:00+00:00,1.5607672929763794,1.5930005311965942,1.54801344871521,1.5903819799423218,1.5903819799423218,3521308,CORE23254-USD
1989,2024-06-17 11:00:00+00:00,1.5926679372787476,1.5926679372787476,1.5759483575820923,1.5818580389022827,1.5818580389022827,1135600,CORE23254-USD
1990,2024-06-17 12:00:00+00:00,1.5785568952560425,1.5819610357284546,1.5601322650909424,1.5706541538238525,1.5706541538238525,1137592,CORE23254-USD
1991,2024-06-17 13:00:00+00:00,1.5677953958511353,1.574786901473999,1.5598182678222656,1.5598182678222656,1.5598182678222656,590960,CORE23254-USD
1992,2024-06-17 14:00:00+00:00,1.5666353702545166,1.6120407581329346,1.5666353702545166,1.5988355875015259,1.5988355875015259,2808624,CORE23254-USD
1993,2024-06-17 15:00:00+00:00,1.6078041791915894,1.607987880706787,1.5858376026153564,1.5910708904266357,1.5910708904266357,665464,CORE23254-USD
1994,2024-06-17 16:00:00+00:00,1.581568956375122,1.5822510719299316,1.5381238460540771,1.550169587135315,1.550169587135315,0,CORE23254-USD
1995,2024-06-17 17:00:00+00:00,1.559659719467163,1.5678517818450928,1.5518336296081543,1.5626767873764038,1.5626767873764038,0,CORE23254-USD
1996,2024-06-17 18:00:00+00:00,1.5683276653289795,1.5902031660079956,1.5683276653289795,1.585972547531128,1.585972547531128,1203832,CORE23254-USD
1997,2024-06-17 19:00:00+00:00,1.5845160484313965,1.5999947786331177,1.5819804668426514,1.58405601978302,1.58405601978302,1188136,CORE23254-USD
1998,2024-06-17 20:00:00+00:00,1.5863183736801147,1.5863183736801147,1.5455840826034546,1.547910451889038,1.547910451889038,120360,CORE23254-USD
1999,2024-06-17 21:00:00+00:00,1.5506504774093628,1.5644354820251465,1.5340510606765747,1.5556566715240479,1.5556566715240479,640944,CORE23254-USD
2000,2024-06-17 22:00:00+00:00,1.5493574142456055,1.5519250631332397,1.5464195013046265,1.5465054512023926,1.5465054512023926,0,CORE23254-USD
2001,2024-06-17 23:00:00+00:00,1.544561505317688,1.544561505317688,1.522461175918579,1.5282347202301025,1.5282347202301025,603120,CORE23254-USD
2002,2024-06-18 00:00:00+00:00,1.5276399850845337,1.5276399850845337,1.4987850189208984,1.5027254819869995,1.5027254819869995,983392,CORE23254-USD
2003,2024-06-18 01:00:00+00:00,1.4954354763031006,1.4987142086029053,1.2814642190933228,1.3393768072128296,1.3393768072128296,10775776,CORE23254-USD
2004,2024-06-18 02:00:00+00:00,1.3301610946655273,1.3405072689056396,1.3164654970169067,1.3342205286026,1.3342205286026,7254104,CORE23254-USD
2005,2024-06-18 03:00:00+00:00,1.327677845954895,1.3502426147460938,1.327582597732544,1.3502426147460938,1.3502426147460938,3005240,CORE23254-USD
2006,2024-06-18 04:00:00+00:00,1.344212293624878,1.350691318511963,1.340351939201355,1.350691318511963,1.350691318511963,1243304,CORE23254-USD
2007,2024-06-18 05:00:00+00:00,1.3448162078857422,1.36598801612854,1.3448162078857422,1.3524092435836792,1.3524092435836792,1335648,CORE23254-USD
2008,2024-06-18 06:00:00+00:00,1.3523157835006714,1.3523157835006714,1.3354488611221313,1.3354488611221313,1.3354488611221313,498480,CORE23254-USD
2009,2024-06-18 07:00:00+00:00,1.3360828161239624,1.347537875175476,1.3360337018966675,1.3367550373077393,1.3367550373077393,376016,CORE23254-USD
2010,2024-06-18 08:00:00+00:00,1.3359198570251465,1.3439100980758667,1.3359198570251465,1.3394795656204224,1.3394795656204224,0,CORE23254-USD
2011,2024-06-18 09:00:00+00:00,1.3402793407440186,1.3402793407440186,1.3228965997695923,1.3270550966262817,1.3270550966262817,0,CORE23254-USD
2012,2024-06-18 10:00:00+00:00,1.3263428211212158,1.3315715789794922,1.3217709064483643,1.3235136270523071,1.3235136270523071,0,CORE23254-USD
2013,2024-06-18 11:00:00+00:00,1.3266806602478027,1.3266806602478027,1.304230809211731,1.3183878660202026,1.3183878660202026,1149680,CORE23254-USD
2014,2024-06-18 12:00:00+00:00,1.3204907178878784,1.3204907178878784,1.3004992008209229,1.3052527904510498,1.3052527904510498,1175344,CORE23254-USD
2015,2024-06-18 13:00:00+00:00,1.3056721687316895,1.3056721687316895,1.2654452323913574,1.2654452323913574,1.2654452323913574,1134176,CORE23254-USD
2016,2024-06-18 14:00:00+00:00,1.266356348991394,1.3123643398284912,1.2545443773269653,1.2903021574020386,1.2903021574020386,3515200,CORE23254-USD
2017,2024-06-18 15:00:00+00:00,1.289957880973816,1.2942023277282715,1.281111717224121,1.289115071296692,1.289115071296692,454424,CORE23254-USD
2018,2024-06-18 16:00:00+00:00,1.281549334526062,1.281549334526062,1.2415549755096436,1.2445605993270874,1.2445605993270874,0,CORE23254-USD
2019,2024-06-18 17:00:00+00:00,1.263535737991333,1.2663154602050781,1.2535459995269775,1.257696509361267,1.257696509361267,1230528,CORE23254-USD
2020,2024-06-18 18:00:00+00:00,1.2526129484176636,1.2660942077636719,1.2502679824829102,1.2528672218322754,1.2528672218322754,643544,CORE23254-USD
2021,2024-06-18 19:00:00+00:00,1.2498329877853394,1.2583954334259033,1.2440780401229858,1.2583954334259033,1.2583954334259033,565848,CORE23254-USD
2022,2024-06-18 20:00:00+00:00,1.2623029947280884,1.2762755155563354,1.2536602020263672,1.2759976387023926,1.2759976387023926,1494200,CORE23254-USD
2023,2024-06-18 21:00:00+00:00,1.275810956954956,1.297766923904419,1.2730357646942139,1.2957923412322998,1.2957923412322998,1875176,CORE23254-USD
2024,2024-06-18 22:00:00+00:00,1.2904914617538452,1.2978925704956055,1.2862858772277832,1.2938653230667114,1.2938653230667114,683840,CORE23254-USD
2025,2024-06-18 23:00:00+00:00,1.2888541221618652,1.2888541221618652,1.267554521560669,1.2780952453613281,1.2780952453613281,0,CORE23254-USD
2026,2024-06-19 00:00:00+00:00,1.2733842134475708,1.2769274711608887,1.2537486553192139,1.2769274711608887,1.2769274711608887,0,CORE23254-USD
2027,2024-06-19 01:00:00+00:00,1.28172767162323,1.3131506443023682,1.28172767162323,1.3026989698410034,1.3026989698410034,0,CORE23254-USD
2028,2024-06-19 02:00:00+00:00,1.3137953281402588,1.339687466621399,1.3137953281402588,1.3328709602355957,1.3328709602355957,0,CORE23254-USD
2029,2024-06-19 03:00:00+00:00,1.3346648216247559,1.346356987953186,1.324342131614685,1.3304286003112793,1.3304286003112793,0,CORE23254-USD
2030,2024-06-19 04:00:00+00:00,1.3218514919281006,1.333014965057373,1.3129316568374634,1.333014965057373,1.333014965057373,0,CORE23254-USD
2031,2024-06-19 05:00:00+00:00,1.3325865268707275,1.3404988050460815,1.32675039768219,1.334473967552185,1.334473967552185,0,CORE23254-USD
2032,2024-06-19 06:00:00+00:00,1.3362762928009033,1.341112732887268,1.3338472843170166,1.3385456800460815,1.3385456800460815,0,CORE23254-USD
2033,2024-06-19 07:00:00+00:00,1.3352892398834229,1.3352892398834229,1.3208262920379639,1.323668360710144,1.323668360710144,0,CORE23254-USD
2034,2024-06-19 08:00:00+00:00,1.3245408535003662,1.3245408535003662,1.292500376701355,1.292500376701355,1.292500376701355,0,CORE23254-USD
2035,2024-06-19 09:00:00+00:00,1.2968018054962158,1.3015341758728027,1.2914257049560547,1.2990427017211914,1.2990427017211914,0,CORE23254-USD
2036,2024-06-19 10:00:00+00:00,1.3003480434417725,1.3117094039916992,1.2983121871948242,1.3117094039916992,1.3117094039916992,0,CORE23254-USD
2037,2024-06-19 11:00:00+00:00,1.3104641437530518,1.3104641437530518,1.2887762784957886,1.295758605003357,1.295758605003357,0,CORE23254-USD
2038,2024-06-19 12:00:00+00:00,1.299030065536499,1.3065111637115479,1.2970554828643799,1.3065111637115479,1.3065111637115479,0,CORE23254-USD
2039,2024-06-19 13:00:00+00:00,1.3056107759475708,1.3078327178955078,1.2937344312667847,1.296680212020874,1.296680212020874,0,CORE23254-USD
2040,2024-06-19 14:00:00+00:00,1.2944645881652832,1.2944645881652832,1.2765753269195557,1.2814449071884155,1.2814449071884155,0,CORE23254-USD
2041,2024-06-19 15:00:00+00:00,1.281256914138794,1.2905793190002441,1.281256914138794,1.2902982234954834,1.2902982234954834,0,CORE23254-USD
2042,2024-06-19 16:00:00+00:00,1.2938873767852783,1.3216139078140259,1.2938873767852783,1.3031036853790283,1.3031036853790283,0,CORE23254-USD
2043,2024-06-19 17:00:00+00:00,1.306923508644104,1.3194714784622192,1.3058128356933594,1.3060070276260376,1.3060070276260376,0,CORE23254-USD
2044,2024-06-19 18:00:00+00:00,1.3055648803710938,1.3121647834777832,1.3008840084075928,1.3008840084075928,1.3008840084075928,0,CORE23254-USD
2045,2024-06-19 19:00:00+00:00,1.301601529121399,1.301601529121399,1.293686866760254,1.2970422506332397,1.2970422506332397,0,CORE23254-USD
2046,2024-06-19 20:00:00+00:00,1.2968546152114868,1.3062825202941895,1.2942878007888794,1.2993112802505493,1.2993112802505493,0,CORE23254-USD
2047,2024-06-19 21:00:00+00:00,1.2988210916519165,1.3077880144119263,1.2988210916519165,1.304622769355774,1.304622769355774,0,CORE23254-USD
2048,2024-06-19 22:00:00+00:00,1.3041281700134277,1.3041281700134277,1.288821816444397,1.288821816444397,1.288821816444397,0,CORE23254-USD
2049,2024-06-19 23:00:00+00:00,1.2877732515335083,1.2908955812454224,1.2798007726669312,1.288039207458496,1.288039207458496,0,CORE23254-USD
2050,2024-06-20 00:00:00+00:00,1.2841721773147583,1.2907613515853882,1.2780276536941528,1.2858083248138428,1.2858083248138428,0,CORE23254-USD
2051,2024-06-20 01:00:00+00:00,1.2895475625991821,1.3085613250732422,1.287951111793518,1.2982441186904907,1.2982441186904907,0,CORE23254-USD
2052,2024-06-20 02:00:00+00:00,1.2972756624221802,1.2991678714752197,1.294686198234558,1.2991678714752197,1.2991678714752197,0,CORE23254-USD
2053,2024-06-20 03:00:00+00:00,1.3007251024246216,1.3028550148010254,1.293987512588501,1.3003774881362915,1.3003774881362915,0,CORE23254-USD
2054,2024-06-20 04:00:00+00:00,1.3025081157684326,1.3148713111877441,1.2978401184082031,1.3148713111877441,1.3148713111877441,0,CORE23254-USD
2055,2024-06-20 05:00:00+00:00,1.3148342370986938,1.3161749839782715,1.3095183372497559,1.315355658531189,1.315355658531189,0,CORE23254-USD
2056,2024-06-20 06:00:00+00:00,1.3185157775878906,1.3287984132766724,1.3165295124053955,1.3221224546432495,1.3221224546432495,843748,CORE23254-USD
2057,2024-06-20 07:00:00+00:00,1.3241416215896606,1.3342020511627197,1.3241416215896606,1.3306761980056763,1.3306761980056763,246172,CORE23254-USD
2058,2024-06-20 08:00:00+00:00,1.3334121704101562,1.3334121704101562,1.3234984874725342,1.3300611972808838,1.3300611972808838,0,CORE23254-USD
2059,2024-06-20 09:00:00+00:00,1.3316004276275635,1.3883990049362183,1.3316004276275635,1.3883990049362183,1.3883990049362183,2217156,CORE23254-USD
2060,2024-06-20 10:00:00+00:00,1.3989242315292358,1.4110615253448486,1.3827561140060425,1.3896626234054565,1.3896626234054565,5455280,CORE23254-USD
2061,2024-06-20 11:00:00+00:00,1.4010114669799805,1.4999691247940063,1.4010114669799805,1.4892290830612183,1.4892290830612183,10263816,CORE23254-USD
2062,2024-06-20 12:00:00+00:00,1.4737048149108887,1.4803569316864014,1.4502077102661133,1.4502077102661133,1.4502077102661133,4660624,CORE23254-USD
2063,2024-06-20 13:00:00+00:00,1.4425359964370728,1.4507932662963867,1.4027224779129028,1.407787561416626,1.407787561416626,4122984,CORE23254-USD
2064,2024-06-20 14:00:00+00:00,1.399166464805603,1.4031018018722534,1.3757497072219849,1.3757497072219849,1.3757497072219849,2097544,CORE23254-USD
2065,2024-06-20 15:00:00+00:00,1.3820339441299438,1.3821747303009033,1.361176609992981,1.3672516345977783,1.3672516345977783,1623432,CORE23254-USD
2066,2024-06-20 16:00:00+00:00,1.3763281106948853,1.3882999420166016,1.3564026355743408,1.3882999420166016,1.3882999420166016,2582552,CORE23254-USD
2067,2024-06-20 17:00:00+00:00,1.3872941732406616,1.391376256942749,1.3652071952819824,1.3665356636047363,1.3665356636047363,424288,CORE23254-USD
2068,2024-06-20 18:00:00+00:00,1.367659330368042,1.3886364698410034,1.367659330368042,1.3848782777786255,1.3848782777786255,1402656,CORE23254-USD
2069,2024-06-20 19:00:00+00:00,1.384020209312439,1.3953969478607178,1.384020209312439,1.3953969478607178,1.3953969478607178,481840,CORE23254-USD
2070,2024-06-20 20:00:00+00:00,1.3991402387619019,1.4092692136764526,1.3931025266647339,1.4092692136764526,1.4092692136764526,379856,CORE23254-USD
2071,2024-06-20 21:00:00+00:00,1.4110859632492065,1.418065071105957,1.4064929485321045,1.4117668867111206,1.4117668867111206,0,CORE23254-USD
2072,2024-06-20 22:00:00+00:00,1.4186867475509644,1.4214301109313965,1.3985183238983154,1.3997118473052979,1.3997118473052979,207704,CORE23254-USD
2073,2024-06-20 23:00:00+00:00,1.4011894464492798,1.4059332609176636,1.388088345527649,1.3998569250106812,1.3998569250106812,0,CORE23254-USD
2074,2024-06-21 00:00:00+00:00,1.402404546737671,1.4030009508132935,1.384962558746338,1.384962558746338,1.384962558746338,162872,CORE23254-USD
2075,2024-06-21 01:00:00+00:00,1.3851025104522705,1.446073293685913,1.3851025104522705,1.4415929317474365,1.4415929317474365,2396872,CORE23254-USD
2076,2024-06-21 02:00:00+00:00,1.441397786140442,1.4587057828903198,1.4344068765640259,1.443113088607788,1.443113088607788,2459592,CORE23254-USD
2077,2024-06-21 03:00:00+00:00,1.4449387788772583,1.4545856714248657,1.4345340728759766,1.4369878768920898,1.4369878768920898,1101696,CORE23254-USD
2078,2024-06-21 04:00:00+00:00,1.4337106943130493,1.435050129890442,1.4240325689315796,1.4285171031951904,1.4285171031951904,0,CORE23254-USD
2079,2024-06-21 05:00:00+00:00,1.4280433654785156,1.4329259395599365,1.4137904644012451,1.4329259395599365,1.4329259395599365,696704,CORE23254-USD
2080,2024-06-21 06:00:00+00:00,1.433469295501709,1.4337857961654663,1.4152871370315552,1.4250541925430298,1.4250541925430298,0,CORE23254-USD
2081,2024-06-21 07:00:00+00:00,1.4303503036499023,1.4448142051696777,1.4271434545516968,1.4285141229629517,1.4285141229629517,1260456,CORE23254-USD
2082,2024-06-21 08:00:00+00:00,1.4325248003005981,1.4424750804901123,1.3978744745254517,1.3978744745254517,1.3978744745254517,1149280,CORE23254-USD
2083,2024-06-21 09:00:00+00:00,1.3987126350402832,1.4317903518676758,1.3987126350402832,1.4230319261550903,1.4230319261550903,739408,CORE23254-USD
2084,2024-06-21 10:00:00+00:00,1.4196449518203735,1.4196449518203735,1.3950127363204956,1.3950127363204956,1.3950127363204956,0,CORE23254-USD
2085,2024-06-21 11:00:00+00:00,1.3998591899871826,1.410597562789917,1.3998591899871826,1.410597562789917,1.410597562789917,0,CORE23254-USD
2086,2024-06-21 12:00:00+00:00,1.4142210483551025,1.420684814453125,1.3981859683990479,1.4046032428741455,1.4046032428741455,0,CORE23254-USD
2087,2024-06-21 13:00:00+00:00,1.4074865579605103,1.4074865579605103,1.3875045776367188,1.3916656970977783,1.3916656970977783,0,CORE23254-USD
2088,2024-06-21 14:00:00+00:00,1.3950554132461548,1.4172121286392212,1.3950554132461548,1.4105801582336426,1.4105801582336426,0,CORE23254-USD
2089,2024-06-21 15:00:00+00:00,1.4145088195800781,1.4145088195800781,1.3945821523666382,1.39639413356781,1.39639413356781,0,CORE23254-USD
2090,2024-06-21 16:00:00+00:00,1.3949685096740723,1.3949685096740723,1.3809486627578735,1.39400053024292,1.39400053024292,0,CORE23254-USD
2091,2024-06-21 17:00:00+00:00,1.3933295011520386,1.3966764211654663,1.3770759105682373,1.383687973022461,1.383687973022461,0,CORE23254-USD
2092,2024-06-21 18:00:00+00:00,1.3817672729492188,1.394174337387085,1.3721652030944824,1.394174337387085,1.394174337387085,0,CORE23254-USD
2093,2024-06-21 19:00:00+00:00,1.3934109210968018,1.3947429656982422,1.391373872756958,1.394163727760315,1.394163727760315,126880,CORE23254-USD
2094,2024-06-21 20:00:00+00:00,1.3948791027069092,1.3973320722579956,1.388716220855713,1.3914936780929565,1.3914936780929565,0,CORE23254-USD
2095,2024-06-21 21:00:00+00:00,1.3921705484390259,1.3943536281585693,1.3841532468795776,1.3928192853927612,1.3928192853927612,0,CORE23254-USD
2096,2024-06-21 22:00:00+00:00,1.3945226669311523,1.3951659202575684,1.3861112594604492,1.3866782188415527,1.3866782188415527,0,CORE23254-USD
2097,2024-06-21 23:00:00+00:00,1.3905051946640015,1.3925625085830688,1.3841931819915771,1.3925625085830688,1.3925625085830688,0,CORE23254-USD
2098,2024-06-22 00:00:00+00:00,1.395317792892456,1.3974976539611816,1.3876086473464966,1.3876086473464966,1.3876086473464966,0,CORE23254-USD
2099,2024-06-22 01:00:00+00:00,1.3866385221481323,1.4084607362747192,1.3866385221481323,1.4041321277618408,1.4041321277618408,0,CORE23254-USD
2100,2024-06-22 02:00:00+00:00,1.4044159650802612,1.4216411113739014,1.4044159650802612,1.4193233251571655,1.4193233251571655,0,CORE23254-USD
2101,2024-06-22 03:00:00+00:00,1.4195998907089233,1.424379825592041,1.4059927463531494,1.4100631475448608,1.4100631475448608,0,CORE23254-USD
2102,2024-06-22 04:00:00+00:00,1.4114621877670288,1.4161056280136108,1.4061279296875,1.4161056280136108,1.4161056280136108,0,CORE23254-USD
2103,2024-06-22 05:00:00+00:00,1.4153839349746704,1.4153839349746704,1.4050849676132202,1.4067212343215942,1.4067212343215942,0,CORE23254-USD
2104,2024-06-22 06:00:00+00:00,1.4061092138290405,1.4061092138290405,1.3928176164627075,1.3964519500732422,1.3964519500732422,0,CORE23254-USD
2105,2024-06-22 07:00:00+00:00,1.3988956212997437,1.401780366897583,1.3946727514266968,1.401780366897583,1.401780366897583,0,CORE23254-USD
2106,2024-06-22 08:00:00+00:00,1.4038490056991577,1.4056061506271362,1.3966057300567627,1.3966057300567627,1.3966057300567627,0,CORE23254-USD
2107,2024-06-22 09:00:00+00:00,1.397395372390747,1.397395372390747,1.384569764137268,1.3902614116668701,1.3902614116668701,0,CORE23254-USD
2108,2024-06-22 10:00:00+00:00,1.3923078775405884,1.3944408893585205,1.3833880424499512,1.3887943029403687,1.3887943029403687,0,CORE23254-USD
2109,2024-06-22 11:00:00+00:00,1.39112389087677,1.3915016651153564,1.3833973407745361,1.384271264076233,1.384271264076233,0,CORE23254-USD
2110,2024-06-22 12:00:00+00:00,1.3851317167282104,1.3932462930679321,1.3836636543273926,1.3913798332214355,1.3913798332214355,0,CORE23254-USD
2111,2024-06-22 13:00:00+00:00,1.389458179473877,1.3995418548583984,1.3886326551437378,1.3923759460449219,1.3923759460449219,0,CORE23254-USD
2112,2024-06-22 14:00:00+00:00,1.3954803943634033,1.397132396697998,1.3921910524368286,1.3921910524368286,1.3921910524368286,0,CORE23254-USD
2113,2024-06-22 15:00:00+00:00,1.3927116394042969,1.3954428434371948,1.3896560668945312,1.3954428434371948,1.3954428434371948,0,CORE23254-USD
2114,2024-06-22 16:00:00+00:00,1.393268346786499,1.3941646814346313,1.3861589431762695,1.3882150650024414,1.3882150650024414,0,CORE23254-USD
2115,2024-06-22 17:00:00+00:00,1.3917043209075928,1.3937268257141113,1.3865126371383667,1.3867870569229126,1.3867870569229126,0,CORE23254-USD
2116,2024-06-22 18:00:00+00:00,1.3877259492874146,1.3955191373825073,1.387495517730713,1.389633059501648,1.389633059501648,0,CORE23254-USD
2117,2024-06-22 19:00:00+00:00,1.3897548913955688,1.3945255279541016,1.3882272243499756,1.3916805982589722,1.3916805982589722,0,CORE23254-USD
2118,2024-06-22 20:00:00+00:00,1.393628716468811,1.3951754570007324,1.3891721963882446,1.3937044143676758,1.3937044143676758,0,CORE23254-USD
2119,2024-06-22 21:00:00+00:00,1.396694540977478,1.4008097648620605,1.395301103591919,1.399916410446167,1.399916410446167,0,CORE23254-USD
2120,2024-06-22 22:00:00+00:00,1.3989300727844238,1.3989300727844238,1.391548991203308,1.3927240371704102,1.3927240371704102,0,CORE23254-USD
2121,2024-06-22 23:00:00+00:00,1.3943443298339844,1.394934892654419,1.389546513557434,1.3895710706710815,1.3895710706710815,0,CORE23254-USD
2122,2024-06-23 00:00:00+00:00,1.3882285356521606,1.404467225074768,1.3882285356521606,1.397855520248413,1.397855520248413,0,CORE23254-USD
2123,2024-06-23 01:00:00+00:00,1.3994992971420288,1.4068231582641602,1.3969825506210327,1.4032784700393677,1.4032784700393677,0,CORE23254-USD
2124,2024-06-23 02:00:00+00:00,1.4095336198806763,1.4095336198806763,1.4002691507339478,1.400655746459961,1.400655746459961,0,CORE23254-USD
2125,2024-06-23 03:00:00+00:00,1.4019628763198853,1.409824013710022,1.401347279548645,1.4089717864990234,1.4089717864990234,0,CORE23254-USD
2126,2024-06-23 04:00:00+00:00,1.4067407846450806,1.4067407846450806,1.4010933637619019,1.4010933637619019,1.4010933637619019,0,CORE23254-USD
2127,2024-06-23 05:00:00+00:00,1.4041316509246826,1.4041316509246826,1.3927946090698242,1.3927946090698242,1.3927946090698242,0,CORE23254-USD
2128,2024-06-23 06:00:00+00:00,1.3931833505630493,1.393794059753418,1.391581654548645,1.391581654548645,1.391581654548645,0,CORE23254-USD
2129,2024-06-23 07:00:00+00:00,1.3917382955551147,1.3963340520858765,1.3912336826324463,1.3912336826324463,1.3912336826324463,0,CORE23254-USD
2130,2024-06-23 08:00:00+00:00,1.3906896114349365,1.3912780284881592,1.3896753787994385,1.390178918838501,1.390178918838501,0,CORE23254-USD
2131,2024-06-23 09:00:00+00:00,1.3914728164672852,1.3914728164672852,1.3853660821914673,1.3879914283752441,1.3879914283752441,0,CORE23254-USD
2132,2024-06-23 10:00:00+00:00,1.3879927396774292,1.3879927396774292,1.3749315738677979,1.3749315738677979,1.3749315738677979,469128,CORE23254-USD
2133,2024-06-23 11:00:00+00:00,1.3740570545196533,1.3784373998641968,1.3740570545196533,1.3748587369918823,1.3748587369918823,0,CORE23254-USD
2134,2024-06-23 12:00:00+00:00,1.3764158487319946,1.3810560703277588,1.3764158487319946,1.3805631399154663,1.3805631399154663,0,CORE23254-USD
2135,2024-06-23 13:00:00+00:00,1.3826359510421753,1.382739543914795,1.3767802715301514,1.3777631521224976,1.3777631521224976,0,CORE23254-USD
2136,2024-06-23 14:00:00+00:00,1.3775800466537476,1.3784022331237793,1.3574262857437134,1.3603641986846924,1.3603641986846924,744488,CORE23254-USD
2137,2024-06-23 15:00:00+00:00,1.3587689399719238,1.3587689399719238,1.3480608463287354,1.3500003814697266,1.3500003814697266,837908,CORE23254-USD
2138,2024-06-23 16:00:00+00:00,1.3507777452468872,1.3727117776870728,1.3507777452468872,1.357889175415039,1.357889175415039,1328528,CORE23254-USD
2139,2024-06-23 17:00:00+00:00,1.3588835000991821,1.365059494972229,1.3547918796539307,1.365059494972229,1.365059494972229,1001680,CORE23254-USD
2140,2024-06-23 18:00:00+00:00,1.3672057390213013,1.370418906211853,1.3584595918655396,1.3591805696487427,1.3591805696487427,84576,CORE23254-USD
2141,2024-06-23 19:00:00+00:00,1.3595305681228638,1.3632408380508423,1.356041669845581,1.3598827123641968,1.3598827123641968,99328,CORE23254-USD
2142,2024-06-23 20:00:00+00:00,1.3590545654296875,1.3590545654296875,1.3374980688095093,1.3456262350082397,1.3456262350082397,1226052,CORE23254-USD
2143,2024-06-23 21:00:00+00:00,1.352250576019287,1.3565521240234375,1.3476285934448242,1.3561748266220093,1.3561748266220093,664384,CORE23254-USD
2144,2024-06-23 22:00:00+00:00,1.3529536724090576,1.3529536724090576,1.3304212093353271,1.3304212093353271,1.3304212093353271,312180,CORE23254-USD
2145,2024-06-23 23:00:00+00:00,1.3318133354187012,1.3349663019180298,1.3207648992538452,1.3233988285064697,1.3233988285064697,1037404,CORE23254-USD
2146,2024-06-24 00:00:00+00:00,1.325949788093567,1.3461493253707886,1.325949788093567,1.3394536972045898,1.3394536972045898,952868,CORE23254-USD
2147,2024-06-24 01:00:00+00:00,1.3379966020584106,1.339661955833435,1.3242396116256714,1.3299498558044434,1.3299498558044434,696208,CORE23254-USD
2148,2024-06-24 02:00:00+00:00,1.3321993350982666,1.3321993350982666,1.313042402267456,1.313042402267456,1.313042402267456,668588,CORE23254-USD
2149,2024-06-24 03:00:00+00:00,1.3142015933990479,1.3211275339126587,1.3072516918182373,1.3072516918182373,1.3072516918182373,398928,CORE23254-USD
2150,2024-06-24 04:00:00+00:00,1.3095930814743042,1.3715217113494873,1.3015968799591064,1.3715217113494873,1.3715217113494873,2698044,CORE23254-USD
2151,2024-06-24 05:00:00+00:00,1.3514940738677979,1.3514940738677979,1.3340908288955688,1.344897985458374,1.344897985458374,9934596,CORE23254-USD
2152,2024-06-24 06:00:00+00:00,1.3469403982162476,1.3597731590270996,1.3213562965393066,1.325291633605957,1.325291633605957,4867096,CORE23254-USD
2153,2024-06-24 07:00:00+00:00,1.3297823667526245,1.3482743501663208,1.3297823667526245,1.3419222831726074,1.3419222831726074,3429820,CORE23254-USD
2154,2024-06-24 08:00:00+00:00,1.3360707759857178,1.3478009700775146,1.3171296119689941,1.3274800777435303,1.3274800777435303,5311408,CORE23254-USD
2155,2024-06-24 09:00:00+00:00,1.325766921043396,1.325766921043396,1.2849270105361938,1.2984495162963867,1.2984495162963867,5176280,CORE23254-USD
2156,2024-06-24 10:00:00+00:00,1.3109179735183716,1.3361197710037231,1.3109179735183716,1.3266087770462036,1.3266087770462036,4279592,CORE23254-USD
2157,2024-06-24 11:00:00+00:00,1.3271039724349976,1.3336920738220215,1.3229643106460571,1.3336920738220215,1.3336920738220215,2227160,CORE23254-USD
2158,2024-06-24 12:00:00+00:00,1.3371297121047974,1.369733452796936,1.3371297121047974,1.3453508615493774,1.3453508615493774,4507408,CORE23254-USD
2159,2024-06-24 13:00:00+00:00,1.3464951515197754,1.3584834337234497,1.3464951515197754,1.3584834337234497,1.3584834337234497,2666712,CORE23254-USD
2160,2024-06-24 14:00:00+00:00,1.3573379516601562,1.3649365901947021,1.3396915197372437,1.3421638011932373,1.3421638011932373,1299872,CORE23254-USD
2161,2024-06-24 15:00:00+00:00,1.3392446041107178,1.3392446041107178,1.3188432455062866,1.3188432455062866,1.3188432455062866,1176360,CORE23254-USD
2162,2024-06-24 16:00:00+00:00,1.3203798532485962,1.3229929208755493,1.3082343339920044,1.3082343339920044,1.3082343339920044,170584,CORE23254-USD
2163,2024-06-24 17:00:00+00:00,1.3123886585235596,1.3231253623962402,1.3123886585235596,1.3222792148590088,1.3222792148590088,2197504,CORE23254-USD
2164,2024-06-24 18:00:00+00:00,1.3251866102218628,1.3318971395492554,1.3141300678253174,1.3308135271072388,1.3308135271072388,1727384,CORE23254-USD
2165,2024-06-24 19:00:00+00:00,1.3315621614456177,1.3360896110534668,1.3170464038848877,1.3219090700149536,1.3219090700149536,1149280,CORE23254-USD
2166,2024-06-24 20:00:00+00:00,1.328359603881836,1.33002769947052,1.3091017007827759,1.3288350105285645,1.3288350105285645,1290088,CORE23254-USD
2167,2024-06-24 21:00:00+00:00,1.332247018814087,1.3485050201416016,1.332247018814087,1.3402124643325806,1.3402124643325806,1243000,CORE23254-USD
2168,2024-06-24 22:00:00+00:00,1.341963291168213,1.3543851375579834,1.341963291168213,1.3457595109939575,1.3457595109939575,788552,CORE23254-USD
2169,2024-06-24 23:00:00+00:00,1.3445723056793213,1.3745112419128418,1.3445723056793213,1.371645450592041,1.371645450592041,1621512,CORE23254-USD
2170,2024-06-25 00:00:00+00:00,1.3709659576416016,1.3863284587860107,1.3685650825500488,1.3708078861236572,1.3708078861236572,1730752,CORE23254-USD
2171,2024-06-25 01:00:00+00:00,1.370337724685669,1.384015440940857,1.3685863018035889,1.3816603422164917,1.3816603422164917,898064,CORE23254-USD
2172,2024-06-25 02:00:00+00:00,1.38375985622406,1.3863472938537598,1.3774113655090332,1.3775795698165894,1.3775795698165894,590608,CORE23254-USD
2173,2024-06-25 03:00:00+00:00,1.3753957748413086,1.3945013284683228,1.3753957748413086,1.3837722539901733,1.3837722539901733,1537712,CORE23254-USD
2174,2024-06-25 04:00:00+00:00,1.3843863010406494,1.3855834007263184,1.3725924491882324,1.3781715631484985,1.3781715631484985,0,CORE23254-USD
2175,2024-06-25 05:00:00+00:00,1.3791519403457642,1.3791543245315552,1.3625142574310303,1.3630963563919067,1.3630963563919067,0,CORE23254-USD
2176,2024-06-25 06:00:00+00:00,1.3622785806655884,1.365848183631897,1.3549975156784058,1.3624581098556519,1.3624581098556519,0,CORE23254-USD
2177,2024-06-25 07:00:00+00:00,1.3657855987548828,1.366632342338562,1.3488694429397583,1.3495718240737915,1.3495718240737915,0,CORE23254-USD
2178,2024-06-25 08:00:00+00:00,1.3469946384429932,1.3522393703460693,1.336474061012268,1.343022346496582,1.343022346496582,0,CORE23254-USD
2179,2024-06-25 09:00:00+00:00,1.3445667028427124,1.3584485054016113,1.3444106578826904,1.3584485054016113,1.3584485054016113,0,CORE23254-USD
2180,2024-06-25 10:00:00+00:00,1.3586013317108154,1.3616811037063599,1.351500153541565,1.3616811037063599,1.3616811037063599,0,CORE23254-USD
2181,2024-06-25 11:00:00+00:00,1.3648399114608765,1.374253749847412,1.3648399114608765,1.3657139539718628,1.3657139539718628,0,CORE23254-USD
2182,2024-06-25 12:00:00+00:00,1.36284601688385,1.3708229064941406,1.3621090650558472,1.3626803159713745,1.3626803159713745,0,CORE23254-USD
2183,2024-06-25 13:00:00+00:00,1.365059494972229,1.377890706062317,1.3650243282318115,1.3726592063903809,1.3726592063903809,0,CORE23254-USD
2184,2024-06-25 14:00:00+00:00,1.3728649616241455,1.389888882637024,1.3728649616241455,1.3831520080566406,1.3831520080566406,0,CORE23254-USD
2185,2024-06-25 15:00:00+00:00,1.3845092058181763,1.3878893852233887,1.3750041723251343,1.3784983158111572,1.3784983158111572,0,CORE23254-USD
2186,2024-06-25 16:00:00+00:00,1.3769891262054443,1.3999398946762085,1.3736363649368286,1.390235424041748,1.390235424041748,603744,CORE23254-USD
2187,2024-06-25 17:00:00+00:00,1.390734076499939,1.390734076499939,1.3794306516647339,1.3794306516647339,1.3794306516647339,0,CORE23254-USD
2188,2024-06-25 18:00:00+00:00,1.3811453580856323,1.4056893587112427,1.3765978813171387,1.403134822845459,1.403134822845459,422296,CORE23254-USD
2189,2024-06-25 19:00:00+00:00,1.403868317604065,1.403868317604065,1.397003412246704,1.397666573524475,1.397666573524475,0,CORE23254-USD
2190,2024-06-25 20:00:00+00:00,1.3968349695205688,1.3968349695205688,1.3897556066513062,1.3897556066513062,1.3897556066513062,0,CORE23254-USD
2191,2024-06-25 21:00:00+00:00,1.3879722356796265,1.3914389610290527,1.385023593902588,1.385023593902588,1.385023593902588,0,CORE23254-USD
2192,2024-06-25 22:00:00+00:00,1.3832951784133911,1.3868156671524048,1.3701074123382568,1.3701074123382568,1.3701074123382568,0,CORE23254-USD
2193,2024-06-25 23:00:00+00:00,1.3711563348770142,1.3715133666992188,1.3636106252670288,1.3695406913757324,1.3695406913757324,0,CORE23254-USD
2194,2024-06-26 00:00:00+00:00,1.366628646850586,1.366628646850586,1.353768229484558,1.353768229484558,1.353768229484558,0,CORE23254-USD
2195,2024-06-26 01:00:00+00:00,1.3537057638168335,1.3636786937713623,1.350176215171814,1.3599801063537598,1.3599801063537598,0,CORE23254-USD
2196,2024-06-26 02:00:00+00:00,1.3606692552566528,1.3674535751342773,1.3587039709091187,1.3612537384033203,1.3612537384033203,0,CORE23254-USD
2197,2024-06-26 03:00:00+00:00,1.3614386320114136,1.3643697500228882,1.3584486246109009,1.3602668046951294,1.3602668046951294,0,CORE23254-USD
2198,2024-06-26 04:00:00+00:00,1.3619896173477173,1.3636771440505981,1.3555537462234497,1.3555537462234497,1.3555537462234497,0,CORE23254-USD
2199,2024-06-26 05:00:00+00:00,1.354372262954712,1.356567144393921,1.3501687049865723,1.3504518270492554,1.3504518270492554,0,CORE23254-USD
2200,2024-06-26 06:00:00+00:00,1.3504273891448975,1.3520808219909668,1.349169373512268,1.3516746759414673,1.3516746759414673,0,CORE23254-USD
2201,2024-06-26 07:00:00+00:00,1.35092031955719,1.3655580282211304,1.35092031955719,1.3622350692749023,1.3622350692749023,0,CORE23254-USD
2202,2024-06-26 08:00:00+00:00,1.3593740463256836,1.3593740463256836,1.3492357730865479,1.3501269817352295,1.3501269817352295,0,CORE23254-USD
2203,2024-06-26 09:00:00+00:00,1.3482840061187744,1.350877285003662,1.3451640605926514,1.350877285003662,1.350877285003662,0,CORE23254-USD
2204,2024-06-26 10:00:00+00:00,1.3491021394729614,1.3491021394729614,1.343016505241394,1.343016505241394,1.343016505241394,0,CORE23254-USD
2205,2024-06-26 11:00:00+00:00,1.3438962697982788,1.3454228639602661,1.342084288597107,1.3442814350128174,1.3442814350128174,0,CORE23254-USD
2206,2024-06-26 12:00:00+00:00,1.3452129364013672,1.351353406906128,1.3433843851089478,1.3439691066741943,1.3439691066741943,0,CORE23254-USD
2207,2024-06-26 13:00:00+00:00,1.3439357280731201,1.353861927986145,1.3405746221542358,1.353861927986145,1.353861927986145,0,CORE23254-USD
2208,2024-06-26 14:00:00+00:00,1.3541507720947266,1.3587884902954102,1.3469767570495605,1.3512966632843018,1.3512966632843018,0,CORE23254-USD
2209,2024-06-26 15:00:00+00:00,1.3481268882751465,1.3481268882751465,1.3391956090927124,1.3427268266677856,1.3427268266677856,0,CORE23254-USD
2210,2024-06-26 16:00:00+00:00,1.343286395072937,1.355542778968811,1.343286395072937,1.3483537435531616,1.3483537435531616,0,CORE23254-USD
2211,2024-06-26 17:00:00+00:00,1.3451613187789917,1.3451613187789917,1.3302425146102905,1.3388259410858154,1.3388259410858154,155624,CORE23254-USD
2212,2024-06-26 18:00:00+00:00,1.3425421714782715,1.3425421714782715,1.335140585899353,1.335140585899353,1.335140585899353,0,CORE23254-USD
2213,2024-06-26 19:00:00+00:00,1.3337961435317993,1.348408579826355,1.3337961435317993,1.348408579826355,1.348408579826355,131812,CORE23254-USD
2214,2024-06-26 20:00:00+00:00,1.3545457124710083,1.3593720197677612,1.34499192237854,1.3516024351119995,1.3516024351119995,170384,CORE23254-USD
2215,2024-06-26 21:00:00+00:00,1.3525826930999756,1.3525826930999756,1.3426284790039062,1.3460667133331299,1.3460667133331299,397188,CORE23254-USD
2216,2024-06-26 22:00:00+00:00,1.3478479385375977,1.3493579626083374,1.3347042798995972,1.3382444381713867,1.3382444381713867,382976,CORE23254-USD
2217,2024-06-26 23:00:00+00:00,1.3381569385528564,1.3381569385528564,1.333312749862671,1.336645245552063,1.336645245552063,0,CORE23254-USD
2218,2024-06-27 00:00:00+00:00,1.334482192993164,1.3426343202590942,1.3316442966461182,1.337268590927124,1.337268590927124,316620,CORE23254-USD
2219,2024-06-27 01:00:00+00:00,1.3361314535140991,1.3422892093658447,1.3356680870056152,1.3378921747207642,1.3378921747207642,0,CORE23254-USD
2220,2024-06-27 02:00:00+00:00,1.3369570970535278,1.3369570970535278,1.3303600549697876,1.3333353996276855,1.3333353996276855,70900,CORE23254-USD
2221,2024-06-27 03:00:00+00:00,1.3337123394012451,1.3393239974975586,1.3337123394012451,1.3378840684890747,1.3378840684890747,394312,CORE23254-USD
2222,2024-06-27 04:00:00+00:00,1.3357747793197632,1.3357747793197632,1.3318272829055786,1.333864688873291,1.333864688873291,750668,CORE23254-USD
2223,2024-06-27 05:00:00+00:00,1.3328105211257935,1.3328105211257935,1.3099074363708496,1.3115044832229614,1.3115044832229614,573548,CORE23254-USD
2224,2024-06-27 06:00:00+00:00,1.3107043504714966,1.3182106018066406,1.3073996305465698,1.3182106018066406,1.3182106018066406,606232,CORE23254-USD
2225,2024-06-27 07:00:00+00:00,1.3180021047592163,1.3189315795898438,1.3118476867675781,1.3149229288101196,1.3149229288101196,0,CORE23254-USD
2226,2024-06-27 08:00:00+00:00,1.3146629333496094,1.320208191871643,1.3145047426223755,1.320208191871643,1.320208191871643,31852,CORE23254-USD
2227,2024-06-27 09:00:00+00:00,1.3232370615005493,1.3313628435134888,1.3209943771362305,1.3313628435134888,1.3313628435134888,156932,CORE23254-USD
2228,2024-06-27 10:00:00+00:00,1.332497000694275,1.3326661586761475,1.3258692026138306,1.3258692026138306,1.3258692026138306,52856,CORE23254-USD
2229,2024-06-27 11:00:00+00:00,1.3254519701004028,1.330658197402954,1.3243037462234497,1.3284285068511963,1.3284285068511963,367720,CORE23254-USD
2230,2024-06-27 12:00:00+00:00,1.3299728631973267,1.3391830921173096,1.3269962072372437,1.3391830921173096,1.3391830921173096,1212908,CORE23254-USD
2231,2024-06-27 13:00:00+00:00,1.3420000076293945,1.364264726638794,1.3420000076293945,1.3550209999084473,1.3550209999084473,2004832,CORE23254-USD
2232,2024-06-27 14:00:00+00:00,1.3606102466583252,1.363040804862976,1.3475507497787476,1.347887396812439,1.347887396812439,103016,CORE23254-USD
2233,2024-06-27 15:00:00+00:00,1.3470876216888428,1.3512022495269775,1.3456865549087524,1.3496127128601074,1.3496127128601074,0,CORE23254-USD
2234,2024-06-27 16:00:00+00:00,1.3501416444778442,1.3501416444778442,1.3379603624343872,1.341757893562317,1.341757893562317,0,CORE23254-USD
2235,2024-06-27 17:00:00+00:00,1.3415298461914062,1.3482749462127686,1.3411461114883423,1.3474950790405273,1.3474950790405273,0,CORE23254-USD
2236,2024-06-27 18:00:00+00:00,1.3456311225891113,1.352566123008728,1.3456311225891113,1.349487543106079,1.349487543106079,825580,CORE23254-USD
2237,2024-06-27 19:00:00+00:00,1.3508318662643433,1.3511364459991455,1.3451086282730103,1.3499997854232788,1.3499997854232788,420748,CORE23254-USD
2238,2024-06-27 20:00:00+00:00,1.3494373559951782,1.3573404550552368,1.3494373559951782,1.3513879776000977,1.3513879776000977,208884,CORE23254-USD
2239,2024-06-27 21:00:00+00:00,1.3552817106246948,1.3552817106246948,1.3507285118103027,1.3538947105407715,1.3538947105407715,608344,CORE23254-USD
2240,2024-06-27 22:00:00+00:00,1.3524806499481201,1.3548626899719238,1.350488305091858,1.350488305091858,1.350488305091858,0,CORE23254-USD
2241,2024-06-27 23:00:00+00:00,1.3511492013931274,1.3544766902923584,1.3496944904327393,1.3503063917160034,1.3503063917160034,0,CORE23254-USD
2242,2024-06-28 00:00:00+00:00,1.3503248691558838,1.3514851331710815,1.339756965637207,1.339756965637207,1.339756965637207,0,CORE23254-USD
2243,2024-06-28 01:00:00+00:00,1.339557409286499,1.35500967502594,1.339557409286499,1.354272723197937,1.354272723197937,364800,CORE23254-USD
2244,2024-06-28 02:00:00+00:00,1.3544795513153076,1.3544795513153076,1.3415284156799316,1.341982364654541,1.341982364654541,0,CORE23254-USD
2245,2024-06-28 03:00:00+00:00,1.3422181606292725,1.3483264446258545,1.3419097661972046,1.3419097661972046,1.3419097661972046,0,CORE23254-USD
2246,2024-06-28 04:00:00+00:00,1.3413336277008057,1.342826008796692,1.3369563817977905,1.3413487672805786,1.3413487672805786,23344,CORE23254-USD
2247,2024-06-28 05:00:00+00:00,1.339952826499939,1.339952826499939,1.3329493999481201,1.3359808921813965,1.3359808921813965,0,CORE23254-USD
2248,2024-06-28 06:00:00+00:00,1.3347804546356201,1.3351163864135742,1.328656554222107,1.3307524919509888,1.3307524919509888,0,CORE23254-USD
2249,2024-06-28 07:00:00+00:00,1.3327269554138184,1.3327269554138184,1.3261041641235352,1.3285837173461914,1.3285837173461914,131188,CORE23254-USD
2250,2024-06-28 08:00:00+00:00,1.328702449798584,1.3393937349319458,1.3249294757843018,1.331620693206787,1.331620693206787,1216356,CORE23254-USD
2251,2024-06-28 09:00:00+00:00,1.332930088043213,1.3368743658065796,1.3299890756607056,1.33634352684021,1.33634352684021,0,CORE23254-USD
2252,2024-06-28 10:00:00+00:00,1.3354612588882446,1.3421424627304077,1.335269570350647,1.3403291702270508,1.3403291702270508,0,CORE23254-USD
2253,2024-06-28 11:00:00+00:00,1.3396809101104736,1.3418828248977661,1.3355439901351929,1.33885657787323,1.33885657787323,0,CORE23254-USD
2254,2024-06-28 12:00:00+00:00,1.3386417627334595,1.3463658094406128,1.3348278999328613,1.3355014324188232,1.3355014324188232,0,CORE23254-USD
2255,2024-06-28 13:00:00+00:00,1.3344475030899048,1.341977834701538,1.32834792137146,1.3339245319366455,1.3339245319366455,0,CORE23254-USD
2256,2024-06-28 14:00:00+00:00,1.3355815410614014,1.3383240699768066,1.3299487829208374,1.335906982421875,1.335906982421875,0,CORE23254-USD
2257,2024-06-28 15:00:00+00:00,1.3339934349060059,1.3457005023956299,1.3332786560058594,1.3457005023956299,1.3457005023956299,576700,CORE23254-USD
2258,2024-06-28 16:00:00+00:00,1.3402830362319946,1.3402830362319946,1.3319206237792969,1.335764765739441,1.335764765739441,0,CORE23254-USD
2259,2024-06-28 17:00:00+00:00,1.336543083190918,1.336543083190918,1.31377112865448,1.31377112865448,1.31377112865448,0,CORE23254-USD
2260,2024-06-28 18:00:00+00:00,1.3138587474822998,1.3171916007995605,1.309126377105713,1.3150115013122559,1.3150115013122559,0,CORE23254-USD
2261,2024-06-28 19:00:00+00:00,1.3126248121261597,1.3173792362213135,1.311047911643982,1.313010811805725,1.313010811805725,0,CORE23254-USD
2262,2024-06-28 20:00:00+00:00,1.3169893026351929,1.3242875337600708,1.3167667388916016,1.3195431232452393,1.3195431232452393,0,CORE23254-USD
2263,2024-06-28 21:00:00+00:00,1.3180155754089355,1.3180155754089355,1.310120940208435,1.3129228353500366,1.3129228353500366,0,CORE23254-USD
2264,2024-06-28 22:00:00+00:00,1.311344861984253,1.3123701810836792,1.3056848049163818,1.3098922967910767,1.3098922967910767,0,CORE23254-USD
2265,2024-06-28 23:00:00+00:00,1.3085520267486572,1.3090550899505615,1.3067588806152344,1.3075988292694092,1.3075988292694092,0,CORE23254-USD
2266,2024-06-29 00:00:00+00:00,1.3069179058074951,1.3201425075531006,1.3069179058074951,1.3190557956695557,1.3190557956695557,153460,CORE23254-USD
2267,2024-06-29 01:00:00+00:00,1.3197788000106812,1.3260716199874878,1.316968321800232,1.3255045413970947,1.3255045413970947,0,CORE23254-USD
2268,2024-06-29 02:00:00+00:00,1.326409935951233,1.326409935951233,1.3145527839660645,1.316831350326538,1.316831350326538,0,CORE23254-USD
2269,2024-06-29 03:00:00+00:00,1.316833257675171,1.316833257675171,1.3134636878967285,1.3138384819030762,1.3138384819030762,0,CORE23254-USD
2270,2024-06-29 04:00:00+00:00,1.314936637878418,1.3153676986694336,1.3121975660324097,1.3137065172195435,1.3137065172195435,0,CORE23254-USD
2271,2024-06-29 05:00:00+00:00,1.31501305103302,1.3169188499450684,1.3135451078414917,1.3165537118911743,1.3165537118911743,0,CORE23254-USD
2272,2024-06-29 06:00:00+00:00,1.3168991804122925,1.3189997673034668,1.315168857574463,1.3179055452346802,1.3179055452346802,0,CORE23254-USD
2273,2024-06-29 07:00:00+00:00,1.318549633026123,1.3272486925125122,1.318549633026123,1.322546362876892,1.322546362876892,171060,CORE23254-USD
2274,2024-06-29 08:00:00+00:00,1.3215224742889404,1.3215224742889404,1.315464973449707,1.3212631940841675,1.3212631940841675,0,CORE23254-USD
2275,2024-06-29 09:00:00+00:00,1.319496512413025,1.319496512413025,1.3146134614944458,1.3157851696014404,1.3157851696014404,0,CORE23254-USD
2276,2024-06-29 10:00:00+00:00,1.3162263631820679,1.3200817108154297,1.3146179914474487,1.3186849355697632,1.3186849355697632,0,CORE23254-USD
2277,2024-06-29 11:00:00+00:00,1.3172078132629395,1.318954348564148,1.317148208618164,1.318954348564148,1.318954348564148,0,CORE23254-USD
2278,2024-06-29 12:00:00+00:00,1.319362998008728,1.3212554454803467,1.3179895877838135,1.318021297454834,1.318021297454834,0,CORE23254-USD
2279,2024-06-29 13:00:00+00:00,1.3188728094100952,1.3199886083602905,1.3170475959777832,1.3199886083602905,1.3199886083602905,0,CORE23254-USD
2280,2024-06-29 14:00:00+00:00,1.3174737691879272,1.3181196451187134,1.314749002456665,1.3153611421585083,1.3153611421585083,0,CORE23254-USD
2281,2024-06-29 15:00:00+00:00,1.3162009716033936,1.318539023399353,1.3131885528564453,1.318539023399353,1.318539023399353,0,CORE23254-USD
2282,2024-06-29 16:00:00+00:00,1.3172284364700317,1.3172284364700317,1.3142242431640625,1.3156492710113525,1.3156492710113525,0,CORE23254-USD
2283,2024-06-29 17:00:00+00:00,1.3156365156173706,1.3156365156173706,1.3106194734573364,1.311456322669983,1.311456322669983,0,CORE23254-USD
2284,2024-06-29 18:00:00+00:00,1.3101900815963745,1.3110705614089966,1.309267282485962,1.310381293296814,1.310381293296814,0,CORE23254-USD
2285,2024-06-29 19:00:00+00:00,1.3107185363769531,1.3116676807403564,1.2992420196533203,1.3059591054916382,1.3059591054916382,0,CORE23254-USD
2286,2024-06-29 20:00:00+00:00,1.3049819469451904,1.3106783628463745,1.3030157089233398,1.3039363622665405,1.3039363622665405,0,CORE23254-USD
2287,2024-06-29 21:00:00+00:00,1.30337655544281,1.3079705238342285,1.3017040491104126,1.304173231124878,1.304173231124878,0,CORE23254-USD
2288,2024-06-29 22:00:00+00:00,1.3046091794967651,1.30500066280365,1.2953479290008545,1.295838713645935,1.295838713645935,0,CORE23254-USD
2289,2024-06-29 23:00:00+00:00,1.2930634021759033,1.3005918264389038,1.2930634021759033,1.298315167427063,1.298315167427063,0,CORE23254-USD
2290,2024-06-30 00:00:00+00:00,1.2995033264160156,1.3021025657653809,1.2972936630249023,1.3016763925552368,1.3016763925552368,0,CORE23254-USD
2291,2024-06-30 01:00:00+00:00,1.3006402254104614,1.3006402254104614,1.289543867111206,1.2911486625671387,1.2911486625671387,0,CORE23254-USD
2292,2024-06-30 02:00:00+00:00,1.2910488843917847,1.2910488843917847,1.2722649574279785,1.273573398590088,1.273573398590088,0,CORE23254-USD
2293,2024-06-30 03:00:00+00:00,1.2740415334701538,1.2769142389297485,1.2740415334701538,1.2769142389297485,1.2769142389297485,37104,CORE23254-USD
2294,2024-06-30 04:00:00+00:00,1.2767244577407837,1.2794610261917114,1.2756744623184204,1.2794610261917114,1.2794610261917114,0,CORE23254-USD
2295,2024-06-30 05:00:00+00:00,1.2792061567306519,1.2792061567306519,1.273659348487854,1.2750061750411987,1.2750061750411987,0,CORE23254-USD
2296,2024-06-30 06:00:00+00:00,1.275093674659729,1.2843947410583496,1.275093674659729,1.2843947410583496,1.2843947410583496,12276,CORE23254-USD
2297,2024-06-30 07:00:00+00:00,1.2875630855560303,1.300897240638733,1.2875630855560303,1.2936460971832275,1.2936460971832275,281812,CORE23254-USD
2298,2024-06-30 08:00:00+00:00,1.2941712141036987,1.2995645999908447,1.2936689853668213,1.2955594062805176,1.2955594062805176,0,CORE23254-USD
2299,2024-06-30 09:00:00+00:00,1.2952240705490112,1.3042815923690796,1.2952240705490112,1.3009581565856934,1.3009581565856934,441740,CORE23254-USD
2300,2024-06-30 10:00:00+00:00,1.3225860595703125,1.3482797145843506,1.319257140159607,1.319257140159607,1.319257140159607,7496748,CORE23254-USD
2301,2024-06-30 11:00:00+00:00,1.3212956190109253,1.3280000686645508,1.318135142326355,1.3195970058441162,1.3195970058441162,825896,CORE23254-USD
2302,2024-06-30 12:00:00+00:00,1.3204654455184937,1.3219695091247559,1.30478036403656,1.3091379404067993,1.3091379404067993,430964,CORE23254-USD
2303,2024-06-30 13:00:00+00:00,1.3121432065963745,1.323632836341858,1.3107918500900269,1.323632836341858,1.323632836341858,327112,CORE23254-USD
2304,2024-06-30 14:00:00+00:00,1.3232331275939941,1.3232331275939941,1.309070110321045,1.3145427703857422,1.3145427703857422,225824,CORE23254-USD
2305,2024-06-30 15:00:00+00:00,1.3149832487106323,1.3300126791000366,1.3139667510986328,1.3252848386764526,1.3252848386764526,587800,CORE23254-USD
2306,2024-06-30 16:00:00+00:00,1.3247957229614258,1.3247957229614258,1.3096264600753784,1.3106584548950195,1.3106584548950195,0,CORE23254-USD
2307,2024-06-30 17:00:00+00:00,1.311278223991394,1.324006199836731,1.311278223991394,1.3158084154129028,1.3158084154129028,299480,CORE23254-USD
2308,2024-06-30 18:00:00+00:00,1.3174099922180176,1.3250211477279663,1.3153594732284546,1.3250211477279663,1.3250211477279663,492192,CORE23254-USD
2309,2024-06-30 19:00:00+00:00,1.3230441808700562,1.327328085899353,1.3230441808700562,1.325478434562683,1.325478434562683,0,CORE23254-USD
2310,2024-06-30 20:00:00+00:00,1.3252925872802734,1.3282949924468994,1.3225903511047363,1.3225903511047363,1.3225903511047363,396452,CORE23254-USD
2311,2024-06-30 21:00:00+00:00,1.3219525814056396,1.3219525814056396,1.312169075012207,1.3145629167556763,1.3145629167556763,0,CORE23254-USD
2312,2024-06-30 22:00:00+00:00,1.3168301582336426,1.333551049232483,1.3168301582336426,1.3300987482070923,1.3300987482070923,552124,CORE23254-USD
2313,2024-06-30 23:00:00+00:00,1.3325625658035278,1.332786202430725,1.3276160955429077,1.329703688621521,1.329703688621521,409220,CORE23254-USD
2314,2024-07-01 00:00:00+00:00,1.3304215669631958,1.338077425956726,1.3301900625228882,1.335060477256775,1.335060477256775,450512,CORE23254-USD
2315,2024-07-01 01:00:00+00:00,1.335092544555664,1.354339838027954,1.335092544555664,1.3506056070327759,1.3506056070327759,1432516,CORE23254-USD
2316,2024-07-01 02:00:00+00:00,1.3498494625091553,1.351332426071167,1.3428840637207031,1.3428840637207031,1.3428840637207031,2335112,CORE23254-USD
2317,2024-07-01 03:00:00+00:00,1.343953251838684,1.343953251838684,1.339219570159912,1.343607783317566,1.343607783317566,303680,CORE23254-USD
2318,2024-07-01 04:00:00+00:00,1.343430757522583,1.347741961479187,1.3361307382583618,1.3375723361968994,1.3375723361968994,905952,CORE23254-USD
2319,2024-07-01 05:00:00+00:00,1.3375059366226196,1.344085454940796,1.3375059366226196,1.344085454940796,1.344085454940796,981328,CORE23254-USD
2320,2024-07-01 06:00:00+00:00,1.3444545269012451,1.3446015119552612,1.3421491384506226,1.343226432800293,1.343226432800293,262120,CORE23254-USD
2321,2024-07-01 07:00:00+00:00,1.3436211347579956,1.3486220836639404,1.3430438041687012,1.3430438041687012,1.3430438041687012,0,CORE23254-USD
2322,2024-07-01 08:00:00+00:00,1.342568278312683,1.3428797721862793,1.3332102298736572,1.3341090679168701,1.3341090679168701,560612,CORE23254-USD
2323,2024-07-01 09:00:00+00:00,1.3355716466903687,1.336850643157959,1.330762267112732,1.3341034650802612,1.3341034650802612,159396,CORE23254-USD
2324,2024-07-01 10:00:00+00:00,1.3350709676742554,1.3358736038208008,1.329386591911316,1.3319694995880127,1.3319694995880127,0,CORE23254-USD
2325,2024-07-01 11:00:00+00:00,1.3316668272018433,1.3320090770721436,1.3208706378936768,1.322312593460083,1.322312593460083,0,CORE23254-USD
2326,2024-07-01 12:00:00+00:00,1.3256995677947998,1.337775468826294,1.3256995677947998,1.3375741243362427,1.3375741243362427,227368,CORE23254-USD
2327,2024-07-01 13:00:00+00:00,1.33994722366333,1.33994722366333,1.3227533102035522,1.3230860233306885,1.3230860233306885,291904,CORE23254-USD
2328,2024-07-01 14:00:00+00:00,1.326790690422058,1.3308279514312744,1.3221635818481445,1.330446481704712,1.330446481704712,725612,CORE23254-USD
2329,2024-07-01 15:00:00+00:00,1.3311063051223755,1.3335964679718018,1.324725866317749,1.329498291015625,1.329498291015625,62296,CORE23254-USD
2330,2024-07-01 16:00:00+00:00,1.3312897682189941,1.332240343093872,1.328619360923767,1.3295613527297974,1.3295613527297974,312188,CORE23254-USD
2331,2024-07-01 17:00:00+00:00,1.3305628299713135,1.3401212692260742,1.3305628299713135,1.3401212692260742,1.3401212692260742,669132,CORE23254-USD
2332,2024-07-01 18:00:00+00:00,1.341763973236084,1.3435982465744019,1.333677887916565,1.3363455533981323,1.3363455533981323,613540,CORE23254-USD
2333,2024-07-01 19:00:00+00:00,1.3358924388885498,1.338706612586975,1.3313772678375244,1.336943507194519,1.336943507194519,448440,CORE23254-USD
2334,2024-07-01 20:00:00+00:00,1.3367875814437866,1.3378404378890991,1.3330745697021484,1.3335005044937134,1.3335005044937134,0,CORE23254-USD
2335,2024-07-01 21:00:00+00:00,1.3319149017333984,1.3347233533859253,1.325483798980713,1.325483798980713,1.325483798980713,712676,CORE23254-USD
2336,2024-07-01 22:00:00+00:00,1.3329488039016724,1.3329488039016724,1.3227760791778564,1.3241331577301025,1.3241331577301025,622680,CORE23254-USD
2337,2024-07-01 23:00:00+00:00,1.3249268531799316,1.32620108127594,1.3243334293365479,1.3243334293365479,1.3243334293365479,568484,CORE23254-USD
2338,2024-07-02 00:00:00+00:00,1.32405424118042,1.32878839969635,1.323341727256775,1.32878839969635,1.32878839969635,337364,CORE23254-USD
2339,2024-07-02 01:00:00+00:00,1.327357292175293,1.327357292175293,1.3233567476272583,1.326736330986023,1.326736330986023,0,CORE23254-USD
2340,2024-07-02 02:00:00+00:00,1.3272647857666016,1.3274239301681519,1.3246434926986694,1.326240062713623,1.326240062713623,0,CORE23254-USD
2341,2024-07-02 03:00:00+00:00,1.327523946762085,1.3276805877685547,1.3254796266555786,1.3276805877685547,1.3276805877685547,45680,CORE23254-USD
2342,2024-07-02 04:00:00+00:00,1.3264977931976318,1.329186201095581,1.3264977931976318,1.3287887573242188,1.3287887573242188,0,CORE23254-USD
2343,2024-07-02 05:00:00+00:00,1.3272746801376343,1.3283723592758179,1.3272746801376343,1.3276294469833374,1.3276294469833374,0,CORE23254-USD
2344,2024-07-02 06:00:00+00:00,1.328017234802246,1.3282670974731445,1.324103593826294,1.3251757621765137,1.3251757621765137,0,CORE23254-USD
2345,2024-07-02 07:00:00+00:00,1.3253161907196045,1.3253161907196045,1.3206698894500732,1.3221185207366943,1.3221185207366943,35948,CORE23254-USD
2346,2024-07-02 08:00:00+00:00,1.322472333908081,1.3237375020980835,1.3177175521850586,1.3226149082183838,1.3226149082183838,0,CORE23254-USD
2347,2024-07-02 09:00:00+00:00,1.3212406635284424,1.3260278701782227,1.3211709260940552,1.3260278701782227,1.3260278701782227,0,CORE23254-USD
2348,2024-07-02 10:00:00+00:00,1.3259958028793335,1.3259958028793335,1.3216949701309204,1.3254634141921997,1.3254634141921997,0,CORE23254-USD
2349,2024-07-02 11:00:00+00:00,1.3252822160720825,1.3252822160720825,1.3229745626449585,1.3235557079315186,1.3235557079315186,0,CORE23254-USD
2350,2024-07-02 12:00:00+00:00,1.3229857683181763,1.3293325901031494,1.322756290435791,1.3282976150512695,1.3282976150512695,0,CORE23254-USD
2351,2024-07-02 13:00:00+00:00,1.3265554904937744,1.3289393186569214,1.3173415660858154,1.3173415660858154,1.3173415660858154,37192,CORE23254-USD
2352,2024-07-02 14:00:00+00:00,1.3148490190505981,1.3166037797927856,1.3101937770843506,1.3139535188674927,1.3139535188674927,55732,CORE23254-USD
2353,2024-07-02 15:00:00+00:00,1.3148976564407349,1.3156145811080933,1.3100720643997192,1.310468077659607,1.310468077659607,0,CORE23254-USD
2354,2024-07-02 16:00:00+00:00,1.309210181236267,1.309953212738037,1.3025509119033813,1.3058863878250122,1.3058863878250122,0,CORE23254-USD
2355,2024-07-02 17:00:00+00:00,1.3055775165557861,1.3055775165557861,1.3015166521072388,1.3035751581192017,1.3035751581192017,0,CORE23254-USD
2356,2024-07-02 18:00:00+00:00,1.3045843839645386,1.3110015392303467,1.3045843839645386,1.3107819557189941,1.3107819557189941,0,CORE23254-USD
2357,2024-07-02 19:00:00+00:00,1.3111541271209717,1.313101053237915,1.3074311017990112,1.313101053237915,1.313101053237915,0,CORE23254-USD
2358,2024-07-02 20:00:00+00:00,1.31415855884552,1.3158540725708008,1.3127586841583252,1.314552903175354,1.314552903175354,0,CORE23254-USD
2359,2024-07-02 21:00:00+00:00,1.3157835006713867,1.3179562091827393,1.3134465217590332,1.3168607950210571,1.3168607950210571,0,CORE23254-USD
2360,2024-07-02 22:00:00+00:00,1.3164595365524292,1.3164595365524292,1.3123704195022583,1.3152878284454346,1.3152878284454346,0,CORE23254-USD
2361,2024-07-02 23:00:00+00:00,1.3166694641113281,1.3166694641113281,1.310590386390686,1.3110992908477783,1.3110992908477783,0,CORE23254-USD
2362,2024-07-03 00:00:00+00:00,1.3114593029022217,1.3155055046081543,1.311161756515503,1.311161756515503,1.311161756515503,0,CORE23254-USD
2363,2024-07-03 01:00:00+00:00,1.3108935356140137,1.3108935356140137,1.2988663911819458,1.2988663911819458,1.2988663911819458,300432,CORE23254-USD
2364,2024-07-03 02:00:00+00:00,1.292576789855957,1.2952899932861328,1.2911560535430908,1.2925364971160889,1.2925364971160889,325172,CORE23254-USD
2365,2024-07-03 03:00:00+00:00,1.2929093837738037,1.2929093837738037,1.2812645435333252,1.2897666692733765,1.2897666692733765,425876,CORE23254-USD
2366,2024-07-03 04:00:00+00:00,1.2877081632614136,1.2877081632614136,1.2780481576919556,1.2806833982467651,1.2806833982467651,0,CORE23254-USD
2367,2024-07-03 05:00:00+00:00,1.2817914485931396,1.2827930450439453,1.2782843112945557,1.2821279764175415,1.2821279764175415,94760,CORE23254-USD
2368,2024-07-03 06:00:00+00:00,1.2837321758270264,1.2902634143829346,1.2831628322601318,1.2895008325576782,1.2895008325576782,229232,CORE23254-USD
2369,2024-07-03 07:00:00+00:00,1.2888225317001343,1.2892308235168457,1.283232569694519,1.2877036333084106,1.2877036333084106,0,CORE23254-USD
2370,2024-07-03 08:00:00+00:00,1.2868362665176392,1.2912142276763916,1.284991979598999,1.2858384847640991,1.2858384847640991,549204,CORE23254-USD
2371,2024-07-03 09:00:00+00:00,1.2861143350601196,1.2898249626159668,1.2860147953033447,1.2860147953033447,1.2860147953033447,485024,CORE23254-USD
2372,2024-07-03 10:00:00+00:00,1.2853566408157349,1.2853566408157349,1.2420254945755005,1.2574812173843384,1.2574812173843384,3418212,CORE23254-USD
2373,2024-07-03 11:00:00+00:00,1.2532974481582642,1.2532974481582642,1.2425644397735596,1.2511969804763794,1.2511969804763794,1685148,CORE23254-USD
2374,2024-07-03 12:00:00+00:00,1.251171588897705,1.251171588897705,1.2311961650848389,1.2338788509368896,1.2338788509368896,1045220,CORE23254-USD
2375,2024-07-03 13:00:00+00:00,1.2323088645935059,1.2532693147659302,1.2285032272338867,1.2532693147659302,1.2532693147659302,1408688,CORE23254-USD
2376,2024-07-03 14:00:00+00:00,1.248815655708313,1.248815655708313,1.2425278425216675,1.244045615196228,1.244045615196228,0,CORE23254-USD
2377,2024-07-03 15:00:00+00:00,1.2418667078018188,1.243808388710022,1.2378435134887695,1.2434486150741577,1.2434486150741577,626000,CORE23254-USD
2378,2024-07-03 16:00:00+00:00,1.2439450025558472,1.2517980337142944,1.24257493019104,1.2511669397354126,1.2511669397354126,861196,CORE23254-USD
2379,2024-07-03 17:00:00+00:00,1.252065896987915,1.252065896987915,1.2384365797042847,1.2384365797042847,1.2384365797042847,82740,CORE23254-USD
2380,2024-07-03 18:00:00+00:00,1.2403672933578491,1.2437458038330078,1.2347235679626465,1.2347235679626465,1.2347235679626465,175676,CORE23254-USD
2381,2024-07-03 19:00:00+00:00,1.2348899841308594,1.2348899841308594,1.2136340141296387,1.2136340141296387,1.2136340141296387,1677860,CORE23254-USD
2382,2024-07-03 20:00:00+00:00,1.210053563117981,1.2167584896087646,1.210053563117981,1.2115494012832642,1.2115494012832642,1278480,CORE23254-USD
2383,2024-07-03 21:00:00+00:00,1.2091050148010254,1.219681739807129,1.2084403038024902,1.219681739807129,1.219681739807129,1090464,CORE23254-USD
2384,2024-07-03 22:00:00+00:00,1.2194479703903198,1.2194479703903198,1.2102428674697876,1.2174444198608398,1.2174444198608398,598912,CORE23254-USD
2385,2024-07-03 23:00:00+00:00,1.2165100574493408,1.2208601236343384,1.2139472961425781,1.2197836637496948,1.2197836637496948,651376,CORE23254-USD
2386,2024-07-04 00:00:00+00:00,1.2189995050430298,1.2296513319015503,1.2189995050430298,1.2227853536605835,1.2227853536605835,695276,CORE23254-USD
2387,2024-07-04 01:00:00+00:00,1.2212269306182861,1.2212269306182861,1.1333036422729492,1.1337039470672607,1.1337039470672607,5049568,CORE23254-USD
2388,2024-07-04 02:00:00+00:00,1.1342648267745972,1.1514308452606201,1.133454442024231,1.1454499959945679,1.1454499959945679,3692296,CORE23254-USD
2389,2024-07-04 03:00:00+00:00,1.1464059352874756,1.1502288579940796,1.1456100940704346,1.1499024629592896,1.1499024629592896,325536,CORE23254-USD
2390,2024-07-04 04:00:00+00:00,1.1474312543869019,1.1708710193634033,1.1474312543869019,1.1672273874282837,1.1672273874282837,1601616,CORE23254-USD
2391,2024-07-04 05:00:00+00:00,1.1657058000564575,1.167667269706726,1.1596877574920654,1.1596877574920654,1.1596877574920654,839216,CORE23254-USD
2392,2024-07-04 06:00:00+00:00,1.1577277183532715,1.1582374572753906,1.1513807773590088,1.1532751321792603,1.1532751321792603,643768,CORE23254-USD
2393,2024-07-04 07:00:00+00:00,1.153254747390747,1.153254747390747,1.1306464672088623,1.1306464672088623,1.1306464672088623,592744,CORE23254-USD
2394,2024-07-04 08:00:00+00:00,1.1286842823028564,1.1336132287979126,1.1197906732559204,1.1197906732559204,1.1197906732559204,926792,CORE23254-USD
2395,2024-07-04 09:00:00+00:00,1.1149908304214478,1.128269910812378,1.1093969345092773,1.1262850761413574,1.1262850761413574,1415152,CORE23254-USD
2396,2024-07-04 10:00:00+00:00,1.123069167137146,1.123069167137146,1.1115212440490723,1.1144078969955444,1.1144078969955444,0,CORE23254-USD
2397,2024-07-04 11:00:00+00:00,1.1137877702713013,1.1156502962112427,1.110215663909912,1.1121288537979126,1.1121288537979126,0,CORE23254-USD
2398,2024-07-04 12:00:00+00:00,1.112968921661377,1.112968921661377,1.0765419006347656,1.079242467880249,1.079242467880249,950376,CORE23254-USD
2399,2024-07-04 13:00:00+00:00,1.0791054964065552,1.0791054964065552,1.0612229108810425,1.0786616802215576,1.0786616802215576,1443336,CORE23254-USD
2400,2024-07-04 14:00:00+00:00,1.0803099870681763,1.091633915901184,1.0802254676818848,1.0900510549545288,1.0900510549545288,1011448,CORE23254-USD
2401,2024-07-04 15:00:00+00:00,1.08809232711792,1.0947999954223633,1.0776022672653198,1.0947999954223633,1.0947999954223633,232096,CORE23254-USD
2402,2024-07-04 16:00:00+00:00,1.0896973609924316,1.0896973609924316,1.0743016004562378,1.0775316953659058,1.0775316953659058,0,CORE23254-USD
2403,2024-07-04 17:00:00+00:00,1.0800360441207886,1.0812954902648926,1.0733071565628052,1.079321265220642,1.079321265220642,416280,CORE23254-USD
2404,2024-07-04 18:00:00+00:00,1.0796586275100708,1.0796586275100708,1.0598794221878052,1.0649372339248657,1.0649372339248657,643792,CORE23254-USD
2405,2024-07-04 19:00:00+00:00,1.0646870136260986,1.0773435831069946,1.0631213188171387,1.0631213188171387,1.0631213188171387,0,CORE23254-USD
2406,2024-07-04 20:00:00+00:00,1.0580055713653564,1.065729022026062,1.0515397787094116,1.065729022026062,1.065729022026062,709480,CORE23254-USD
2407,2024-07-04 21:00:00+00:00,1.0679047107696533,1.075796365737915,1.065259575843811,1.069834589958191,1.069834589958191,493864,CORE23254-USD
2408,2024-07-04 22:00:00+00:00,1.0687038898468018,1.0716259479522705,1.0340937376022339,1.0340937376022339,1.0340937376022339,0,CORE23254-USD
2409,2024-07-04 23:00:00+00:00,1.0335886478424072,1.0335886478424072,0.9975615739822388,0.999750018119812,0.999750018119812,3692600,CORE23254-USD
2410,2024-07-05 00:00:00+00:00,0.9917363524436951,0.9917363524436951,0.9470813274383545,0.948193371295929,0.948193371295929,8201992,CORE23254-USD
2411,2024-07-05 01:00:00+00:00,0.9474374651908875,0.9474374651908875,0.9207162857055664,0.943926990032196,0.943926990032196,0,CORE23254-USD
2412,2024-07-05 02:00:00+00:00,0.9440861940383911,0.9440861940383911,0.9239256978034973,0.9267768263816833,0.9267768263816833,0,CORE23254-USD
2413,2024-07-05 03:00:00+00:00,0.8896575570106506,0.8934728503227234,0.8797113299369812,0.8877391219139099,0.8877391219139099,9052928,CORE23254-USD
2414,2024-07-05 04:00:00+00:00,0.8849644064903259,0.9201824069023132,0.8794704079627991,0.9095271825790405,0.9095271825790405,4425192,CORE23254-USD
2415,2024-07-05 05:00:00+00:00,0.9076958894729614,0.9165976643562317,0.9076958894729614,0.912312388420105,0.912312388420105,1901496,CORE23254-USD
2416,2024-07-05 06:00:00+00:00,0.9130536317825317,0.9130536317825317,0.8912011384963989,0.8981122374534607,0.8981122374534607,1366048,CORE23254-USD
2417,2024-07-05 07:00:00+00:00,0.8942509293556213,0.8953726291656494,0.8809621334075928,0.8917980194091797,0.8917980194091797,2031384,CORE23254-USD
2418,2024-07-05 08:00:00+00:00,0.8882136344909668,0.8886260390281677,0.8658156394958496,0.8681204319000244,0.8681204319000244,323072,CORE23254-USD
2419,2024-07-05 09:00:00+00:00,0.868794322013855,0.8907380104064941,0.868794322013855,0.8907380104064941,0.8907380104064941,2414560,CORE23254-USD
2420,2024-07-05 10:00:00+00:00,0.8934766054153442,0.9148319959640503,0.8934766054153442,0.9050460457801819,0.9050460457801819,3482192,CORE23254-USD
2421,2024-07-05 11:00:00+00:00,0.9055693745613098,0.9147260785102844,0.89998859167099,0.89998859167099,0.89998859167099,2330208,CORE23254-USD
2422,2024-07-05 12:00:00+00:00,0.8953762054443359,0.9088709354400635,0.8935538530349731,0.9008593559265137,0.9008593559265137,1739528,CORE23254-USD
2423,2024-07-05 13:00:00+00:00,0.9008661508560181,0.9162092804908752,0.9008661508560181,0.9115915298461914,0.9115915298461914,287248,CORE23254-USD
2424,2024-07-05 14:00:00+00:00,0.9131892323493958,0.9131892323493958,0.9004817605018616,0.9038032293319702,0.9038032293319702,553960,CORE23254-USD
2425,2024-07-05 15:00:00+00:00,0.9030752778053284,0.9153890609741211,0.9030752778053284,0.9093198776245117,0.9093198776245117,2675392,CORE23254-USD
2426,2024-07-05 16:00:00+00:00,0.9096561670303345,0.913045346736908,0.8889380693435669,0.8889380693435669,0.8889380693435669,747984,CORE23254-USD
2427,2024-07-05 17:00:00+00:00,0.8897143602371216,0.9001677632331848,0.8832823038101196,0.8983210921287537,0.8983210921287537,2614744,CORE23254-USD
2428,2024-07-05 18:00:00+00:00,0.8964481353759766,0.897540807723999,0.8897157907485962,0.897540807723999,0.897540807723999,142304,CORE23254-USD
2429,2024-07-05 19:00:00+00:00,0.8963530659675598,0.8971518278121948,0.883068323135376,0.8844892382621765,0.8844892382621765,62320,CORE23254-USD
2430,2024-07-05 20:00:00+00:00,0.8872365355491638,0.8896750211715698,0.8716171383857727,0.8896750211715698,0.8896750211715698,614784,CORE23254-USD
2431,2024-07-05 21:00:00+00:00,0.8830550312995911,0.8854882717132568,0.872907280921936,0.8811405301094055,0.8811405301094055,669768,CORE23254-USD
2432,2024-07-05 22:00:00+00:00,0.8761497735977173,0.8879282474517822,0.8707584738731384,0.8725171685218811,0.8725171685218811,0,CORE23254-USD
2433,2024-07-05 23:00:00+00:00,0.8777350783348083,0.8835085034370422,0.8719051480293274,0.8719051480293274,0.8719051480293274,0,CORE23254-USD
2434,2024-07-06 00:00:00+00:00,0.8747292160987854,0.8980265855789185,0.8467890620231628,0.8876669406890869,0.8876669406890869,0,CORE23254-USD
2435,2024-07-06 01:00:00+00:00,0.871467649936676,0.8779647946357727,0.8684103488922119,0.877140462398529,0.877140462398529,0,CORE23254-USD
2436,2024-07-06 02:00:00+00:00,0.8716862201690674,0.8787727952003479,0.8647747039794922,0.8787727952003479,0.8787727952003479,0,CORE23254-USD
2437,2024-07-06 03:00:00+00:00,0.8768988847732544,0.887647271156311,0.8768988847732544,0.8861327767372131,0.8861327767372131,0,CORE23254-USD
2438,2024-07-06 04:00:00+00:00,0.8825881481170654,0.892323911190033,0.8825881481170654,0.8902509212493896,0.8902509212493896,0,CORE23254-USD
2439,2024-07-06 05:00:00+00:00,0.8906481266021729,0.9139276146888733,0.8906481266021729,0.9064674973487854,0.9064674973487854,502080,CORE23254-USD
2440,2024-07-06 06:00:00+00:00,0.9050493240356445,0.9145744442939758,0.9020388126373291,0.9099503755569458,0.9099503755569458,0,CORE23254-USD
2441,2024-07-06 07:00:00+00:00,0.913188636302948,0.9460739493370056,0.913188636302948,0.944501519203186,0.944501519203186,2787848,CORE23254-USD
2442,2024-07-06 08:00:00+00:00,0.9462494254112244,1.017695426940918,0.9462494254112244,1.017695426940918,1.017695426940918,9207872,CORE23254-USD
2443,2024-07-06 09:00:00+00:00,1.012088656425476,1.0409009456634521,1.0111809968948364,1.0409009456634521,1.0409009456634521,7757176,CORE23254-USD
2444,2024-07-06 10:00:00+00:00,1.0406336784362793,1.0975857973098755,1.0355790853500366,1.0975857973098755,1.0975857973098755,8157800,CORE23254-USD
2445,2024-07-06 11:00:00+00:00,1.1142889261245728,1.157801628112793,1.1142889261245728,1.157801628112793,1.157801628112793,15387912,CORE23254-USD
2446,2024-07-06 12:00:00+00:00,1.1513330936431885,1.1513330936431885,1.0788708925247192,1.1011990308761597,1.1011990308761597,4474240,CORE23254-USD
2447,2024-07-06 13:00:00+00:00,1.1053093671798706,1.1053093671798706,1.0542044639587402,1.0706298351287842,1.0706298351287842,4398816,CORE23254-USD
2448,2024-07-06 14:00:00+00:00,1.066832423210144,1.073241114616394,1.0424563884735107,1.073241114616394,1.073241114616394,3623696,CORE23254-USD
2449,2024-07-06 15:00:00+00:00,1.0742123126983643,1.0842735767364502,1.0675605535507202,1.07068932056427,1.07068932056427,1013216,CORE23254-USD
2450,2024-07-06 16:00:00+00:00,1.0679107904434204,1.0909979343414307,1.0679107904434204,1.0724595785140991,1.0724595785140991,3127728,CORE23254-USD
2451,2024-07-06 17:00:00+00:00,1.0778998136520386,1.0816411972045898,1.0529390573501587,1.0675959587097168,1.0675959587097168,363920,CORE23254-USD
2452,2024-07-06 18:00:00+00:00,1.0724050998687744,1.0862998962402344,1.0724050998687744,1.0841968059539795,1.0841968059539795,904800,CORE23254-USD
2453,2024-07-06 19:00:00+00:00,1.0821038484573364,1.1049749851226807,1.0798612833023071,1.1049749851226807,1.1049749851226807,597184,CORE23254-USD
2454,2024-07-06 20:00:00+00:00,1.104998230934143,1.1244057416915894,1.104998230934143,1.122488260269165,1.122488260269165,799600,CORE23254-USD
2455,2024-07-06 21:00:00+00:00,1.1203877925872803,1.1259760856628418,1.1072998046875,1.1072998046875,1.1072998046875,0,CORE23254-USD
2456,2024-07-06 22:00:00+00:00,1.1084986925125122,1.1271706819534302,1.0990099906921387,1.1169953346252441,1.1169953346252441,397056,CORE23254-USD
2457,2024-07-06 23:00:00+00:00,1.1161837577819824,1.1166390180587769,1.10524320602417,1.1098936796188354,1.1098936796188354,0,CORE23254-USD
2458,2024-07-07 00:00:00+00:00,1.1045527458190918,1.1045527458190918,1.0699394941329956,1.0699394941329956,1.0699394941329956,0,CORE23254-USD
2459,2024-07-07 01:00:00+00:00,1.0671964883804321,1.0692062377929688,1.0523406267166138,1.0692062377929688,1.0692062377929688,0,CORE23254-USD
2460,2024-07-07 02:00:00+00:00,1.0739108324050903,1.0811030864715576,1.0725728273391724,1.0797653198242188,1.0797653198242188,207584,CORE23254-USD
2461,2024-07-07 03:00:00+00:00,1.079941749572754,1.079941749572754,1.0651350021362305,1.0794005393981934,1.0794005393981934,0,CORE23254-USD
2462,2024-07-07 04:00:00+00:00,1.0801714658737183,1.0801714658737183,1.0438523292541504,1.0438523292541504,1.0438523292541504,0,CORE23254-USD
2463,2024-07-07 05:00:00+00:00,1.0410503149032593,1.0469427108764648,1.0355446338653564,1.0462982654571533,1.0462982654571533,0,CORE23254-USD
2464,2024-07-07 06:00:00+00:00,1.052542805671692,1.0819551944732666,1.052542805671692,1.0722699165344238,1.0722699165344238,1285008,CORE23254-USD
2465,2024-07-07 07:00:00+00:00,1.0793862342834473,1.0793862342834473,1.0471583604812622,1.05295729637146,1.05295729637146,0,CORE23254-USD
2466,2024-07-07 08:00:00+00:00,1.0533192157745361,1.0533192157745361,1.0434216260910034,1.0501500368118286,1.0501500368118286,0,CORE23254-USD
2467,2024-07-07 09:00:00+00:00,1.0502091646194458,1.0537142753601074,1.0426819324493408,1.0477073192596436,1.0477073192596436,0,CORE23254-USD
2468,2024-07-07 10:00:00+00:00,1.0466945171356201,1.0501725673675537,1.0353506803512573,1.0353506803512573,1.0353506803512573,0,CORE23254-USD
2469,2024-07-07 11:00:00+00:00,1.0359454154968262,1.0436291694641113,1.0346440076828003,1.041873574256897,1.041873574256897,0,CORE23254-USD
2470,2024-07-07 12:00:00+00:00,1.0422238111495972,1.05191171169281,1.0422238111495972,1.0482417345046997,1.0482417345046997,0,CORE23254-USD
2471,2024-07-07 13:00:00+00:00,1.043285846710205,1.043285846710205,1.0134910345077515,1.0174235105514526,1.0174235105514526,0,CORE23254-USD
2472,2024-07-07 14:00:00+00:00,1.0161752700805664,1.0193918943405151,0.997739851474762,1.0193918943405151,1.0193918943405151,0,CORE23254-USD
2473,2024-07-07 15:00:00+00:00,1.023188829421997,1.042484164237976,1.023188829421997,1.0253492593765259,1.0253492593765259,0,CORE23254-USD
2474,2024-07-07 16:00:00+00:00,1.026883840560913,1.0407230854034424,1.025937557220459,1.0266081094741821,1.0266081094741821,0,CORE23254-USD
2475,2024-07-07 17:00:00+00:00,1.0293152332305908,1.0317139625549316,1.0140081644058228,1.0258634090423584,1.0258634090423584,0,CORE23254-USD
2476,2024-07-07 18:00:00+00:00,1.0265922546386719,1.0285820960998535,1.0170581340789795,1.021270990371704,1.021270990371704,0,CORE23254-USD
2477,2024-07-07 19:00:00+00:00,1.0228841304779053,1.030295968055725,1.0227364301681519,1.0250831842422485,1.0250831842422485,0,CORE23254-USD
2478,2024-07-07 20:00:00+00:00,1.0209405422210693,1.0258406400680542,1.0206835269927979,1.0258406400680542,1.0258406400680542,0,CORE23254-USD
2479,2024-07-07 21:00:00+00:00,1.0281389951705933,1.0281389951705933,0.9999892711639404,1.0090452432632446,1.0090452432632446,378920,CORE23254-USD
2480,2024-07-07 22:00:00+00:00,1.0068211555480957,1.0092295408248901,0.9845268726348877,0.9845268726348877,0.9845268726348877,0,CORE23254-USD
2481,2024-07-07 23:00:00+00:00,0.9853147864341736,0.9911562204360962,0.9672727584838867,0.9694671630859375,0.9694671630859375,241264,CORE23254-USD
2482,2024-07-08 00:00:00+00:00,0.9727836847305298,0.9791792631149292,0.9552924633026123,0.9560867547988892,0.9560867547988892,0,CORE23254-USD
2483,2024-07-08 01:00:00+00:00,0.950312077999115,0.9517308473587036,0.9410087466239929,0.9517308473587036,0.9517308473587036,0,CORE23254-USD
2484,2024-07-08 02:00:00+00:00,0.9618855714797974,1.0017868280410767,0.9618855714797974,0.9974547624588013,0.9974547624588013,1046904,CORE23254-USD
2485,2024-07-08 03:00:00+00:00,1.00124990940094,1.0463688373565674,0.9994713664054871,1.0392824411392212,1.0392824411392212,1976648,CORE23254-USD
2486,2024-07-08 04:00:00+00:00,1.0362286567687988,1.037866234779358,1.0196514129638672,1.0208137035369873,1.0208137035369873,0,CORE23254-USD
2487,2024-07-08 05:00:00+00:00,1.0222254991531372,1.0230934619903564,1.000819206237793,1.0132439136505127,1.0132439136505127,0,CORE23254-USD
2488,2024-07-08 06:00:00+00:00,1.0133824348449707,1.0170223712921143,1.0042067766189575,1.0163421630859375,1.0163421630859375,0,CORE23254-USD
2489,2024-07-08 07:00:00+00:00,1.0114105939865112,1.0156354904174805,0.9990975856781006,1.0136101245880127,1.0136101245880127,0,CORE23254-USD
2490,2024-07-08 08:00:00+00:00,1.0134638547897339,1.0770926475524902,1.0134638547897339,1.0770926475524902,1.0770926475524902,1901096,CORE23254-USD
2491,2024-07-08 09:00:00+00:00,1.083526372909546,1.083526372909546,1.0488382577896118,1.0534214973449707,1.0534214973449707,2548768,CORE23254-USD
2492,2024-07-08 10:00:00+00:00,1.0526171922683716,1.0679781436920166,1.0526171922683716,1.0597174167633057,1.0597174167633057,279608,CORE23254-USD
2493,2024-07-08 11:00:00+00:00,1.0621848106384277,1.076737403869629,1.0621848106384277,1.076737403869629,1.076737403869629,618232,CORE23254-USD
2494,2024-07-08 12:00:00+00:00,1.0743129253387451,1.085532784461975,1.0676363706588745,1.0845928192138672,1.0845928192138672,899528,CORE23254-USD
2495,2024-07-08 13:00:00+00:00,1.078841209411621,1.0866541862487793,1.0625298023223877,1.0638542175292969,1.0638542175292969,0,CORE23254-USD
2496,2024-07-08 14:00:00+00:00,1.0646898746490479,1.0738519430160522,1.0447475910186768,1.060115933418274,1.060115933418274,1455648,CORE23254-USD
2497,2024-07-08 15:00:00+00:00,1.0603197813034058,1.0769381523132324,1.0603197813034058,1.0692516565322876,1.0692516565322876,0,CORE23254-USD
2498,2024-07-08 16:00:00+00:00,1.0737013816833496,1.115979552268982,1.0578866004943848,1.071347713470459,1.071347713470459,4025296,CORE23254-USD
2499,2024-07-08 17:00:00+00:00,1.0650261640548706,1.0672423839569092,1.0532063245773315,1.0670385360717773,1.0670385360717773,637536,CORE23254-USD
2500,2024-07-08 18:00:00+00:00,1.067091941833496,1.0729477405548096,1.0670393705368042,1.0708731412887573,1.0708731412887573,16432,CORE23254-USD
2501,2024-07-08 19:00:00+00:00,1.0681860446929932,1.089084267616272,1.0681860446929932,1.0839446783065796,1.0839446783065796,708440,CORE23254-USD
2502,2024-07-08 20:00:00+00:00,1.078643560409546,1.078643560409546,1.065569519996643,1.065569519996643,1.065569519996643,281840,CORE23254-USD
2503,2024-07-08 21:00:00+00:00,1.0640175342559814,1.0763866901397705,1.0640175342559814,1.0718541145324707,1.0718541145324707,0,CORE23254-USD
2504,2024-07-08 22:00:00+00:00,1.0723121166229248,1.0773128271102905,1.0657955408096313,1.0677045583724976,1.0677045583724976,0,CORE23254-USD
2505,2024-07-08 23:00:00+00:00,1.0688974857330322,1.0836542844772339,1.0688974857330322,1.0823936462402344,1.0823936462402344,0,CORE23254-USD
2506,2024-07-09 00:00:00+00:00,1.0768184661865234,1.0768184661865234,1.0610307455062866,1.0643606185913086,1.0643606185913086,0,CORE23254-USD
2507,2024-07-09 01:00:00+00:00,1.063153624534607,1.095599889755249,1.063153624534607,1.0679320096969604,1.0679320096969604,103528,CORE23254-USD
2508,2024-07-09 02:00:00+00:00,1.067238688468933,1.080931305885315,1.0624802112579346,1.080931305885315,1.080931305885315,0,CORE23254-USD
2509,2024-07-09 03:00:00+00:00,1.080061912536621,1.080061912536621,1.0665614604949951,1.0680545568466187,1.0680545568466187,0,CORE23254-USD
2510,2024-07-09 04:00:00+00:00,1.064986228942871,1.0736297369003296,1.0645042657852173,1.0677396059036255,1.0677396059036255,0,CORE23254-USD
2511,2024-07-09 05:00:00+00:00,1.0676014423370361,1.0725327730178833,1.064974308013916,1.0725327730178833,1.0725327730178833,64112,CORE23254-USD
2512,2024-07-09 06:00:00+00:00,1.0709697008132935,1.082647681236267,1.0692278146743774,1.073358178138733,1.073358178138733,338152,CORE23254-USD
2513,2024-07-09 07:00:00+00:00,1.0733305215835571,1.0733305215835571,1.0666931867599487,1.06891667842865,1.06891667842865,0,CORE23254-USD
2514,2024-07-09 08:00:00+00:00,1.0705667734146118,1.078761339187622,1.0683461427688599,1.0746028423309326,1.0746028423309326,0,CORE23254-USD
2515,2024-07-09 09:00:00+00:00,1.0712924003601074,1.073635458946228,1.0695292949676514,1.073635458946228,1.073635458946228,0,CORE23254-USD
2516,2024-07-09 10:00:00+00:00,1.0724196434020996,1.0776273012161255,1.0651806592941284,1.0651806592941284,1.0651806592941284,0,CORE23254-USD
2517,2024-07-09 11:00:00+00:00,1.0667905807495117,1.07503342628479,1.0590152740478516,1.0689401626586914,1.0689401626586914,70952,CORE23254-USD
2518,2024-07-09 12:00:00+00:00,1.0693461894989014,1.0715311765670776,1.0645740032196045,1.066776990890503,1.066776990890503,0,CORE23254-USD
2519,2024-07-09 13:00:00+00:00,1.0664525032043457,1.0664525032043457,1.05813729763031,1.0626442432403564,1.0626442432403564,0,CORE23254-USD
2520,2024-07-09 14:00:00+00:00,1.0635600090026855,1.0765116214752197,1.0603574514389038,1.0663238763809204,1.0663238763809204,0,CORE23254-USD
2521,2024-07-09 15:00:00+00:00,1.0629594326019287,1.07478666305542,1.0629594326019287,1.07478666305542,1.07478666305542,0,CORE23254-USD
2522,2024-07-09 16:00:00+00:00,1.0718170404434204,1.0720200538635254,1.0628206729888916,1.06816828250885,1.06816828250885,0,CORE23254-USD
2523,2024-07-09 17:00:00+00:00,1.0685240030288696,1.0685240030288696,1.0532135963439941,1.0566083192825317,1.0566083192825317,0,CORE23254-USD
2524,2024-07-09 18:00:00+00:00,1.056369662284851,1.0647480487823486,1.0540406703948975,1.0619982481002808,1.0619982481002808,0,CORE23254-USD
2525,2024-07-09 19:00:00+00:00,1.0620054006576538,1.063655138015747,1.0605225563049316,1.0624562501907349,1.0624562501907349,0,CORE23254-USD
2526,2024-07-09 20:00:00+00:00,1.0659279823303223,1.0728464126586914,1.061349630355835,1.0704439878463745,1.0704439878463745,0,CORE23254-USD
2527,2024-07-09 21:00:00+00:00,1.0673104524612427,1.0760453939437866,1.0673104524612427,1.070932388305664,1.070932388305664,0,CORE23254-USD
2528,2024-07-09 22:00:00+00:00,1.0703037977218628,1.0782767534255981,1.0682672262191772,1.0735317468643188,1.0735317468643188,0,CORE23254-USD
2529,2024-07-09 23:00:00+00:00,1.0712358951568604,1.0874747037887573,1.0712358951568604,1.0807855129241943,1.0807855129241943,0,CORE23254-USD
2530,2024-07-10 00:00:00+00:00,1.0816982984542847,1.0816982984542847,1.0719166994094849,1.0795888900756836,1.0795888900756836,0,CORE23254-USD
2531,2024-07-10 01:00:00+00:00,1.0785987377166748,1.0976712703704834,1.076859951019287,1.0976712703704834,1.0976712703704834,0,CORE23254-USD
2532,2024-07-10 02:00:00+00:00,1.1161205768585205,1.1333047151565552,1.0999351739883423,1.1333047151565552,1.1333047151565552,2215064,CORE23254-USD
2533,2024-07-10 03:00:00+00:00,1.1324326992034912,1.1496719121932983,1.1255643367767334,1.1411930322647095,1.1411930322647095,0,CORE23254-USD
2534,2024-07-10 04:00:00+00:00,1.1306487321853638,1.138051986694336,1.1199135780334473,1.1357940435409546,1.1357940435409546,0,CORE23254-USD
2535,2024-07-10 05:00:00+00:00,1.1298997402191162,1.1298997402191162,1.1134295463562012,1.1141966581344604,1.1141966581344604,558212,CORE23254-USD
2536,2024-07-10 06:00:00+00:00,1.1143426895141602,1.1211603879928589,1.1095589399337769,1.1192376613616943,1.1192376613616943,0,CORE23254-USD
2537,2024-07-10 07:00:00+00:00,1.1198711395263672,1.132331132888794,1.1198711395263672,1.1300169229507446,1.1300169229507446,2357560,CORE23254-USD
2538,2024-07-10 08:00:00+00:00,1.1317046880722046,1.1317046880722046,1.1131465435028076,1.1145827770233154,1.1145827770233154,0,CORE23254-USD
2539,2024-07-10 09:00:00+00:00,1.119887351989746,1.119887351989746,1.1093275547027588,1.1191548109054565,1.1191548109054565,199656,CORE23254-USD
2540,2024-07-10 10:00:00+00:00,1.1201138496398926,1.1211563348770142,1.113821029663086,1.1183339357376099,1.1183339357376099,0,CORE23254-USD
2541,2024-07-10 11:00:00+00:00,1.1177550554275513,1.1177550554275513,1.1006560325622559,1.1006560325622559,1.1006560325622559,0,CORE23254-USD
2542,2024-07-10 12:00:00+00:00,1.1023625135421753,1.1048955917358398,1.0884801149368286,1.0934394598007202,1.0934394598007202,176568,CORE23254-USD
2543,2024-07-10 13:00:00+00:00,1.1027289628982544,1.1027289628982544,1.0907714366912842,1.0953274965286255,1.0953274965286255,0,CORE23254-USD
2544,2024-07-10 14:00:00+00:00,1.0973602533340454,1.1105860471725464,1.0953645706176758,1.1098443269729614,1.1098443269729614,313820,CORE23254-USD
2545,2024-07-10 15:00:00+00:00,1.1080735921859741,1.1141103506088257,1.1000797748565674,1.1141103506088257,1.1141103506088257,0,CORE23254-USD
2546,2024-07-10 16:00:00+00:00,1.110665202140808,1.1183661222457886,1.0977952480316162,1.1006916761398315,1.1006916761398315,0,CORE23254-USD
2547,2024-07-10 17:00:00+00:00,1.1009058952331543,1.1066088676452637,1.097246766090393,1.104191780090332,1.104191780090332,264256,CORE23254-USD
2548,2024-07-10 18:00:00+00:00,1.1031968593597412,1.1044976711273193,1.096376895904541,1.096529483795166,1.096529483795166,0,CORE23254-USD
2549,2024-07-10 19:00:00+00:00,1.0956193208694458,1.0963605642318726,1.0930721759796143,1.0962122678756714,1.0962122678756714,124648,CORE23254-USD
2550,2024-07-10 20:00:00+00:00,1.0972793102264404,1.104648470878601,1.0972793102264404,1.104648470878601,1.104648470878601,243308,CORE23254-USD
2551,2024-07-10 21:00:00+00:00,1.1043381690979004,1.1043381690979004,1.0997384786605835,1.100549578666687,1.100549578666687,12096,CORE23254-USD
2552,2024-07-10 22:00:00+00:00,1.1003271341323853,1.1046303510665894,1.099973440170288,1.1046303510665894,1.1046303510665894,66932,CORE23254-USD
2553,2024-07-10 23:00:00+00:00,1.1057919263839722,1.1138546466827393,1.1057919263839722,1.109135627746582,1.109135627746582,0,CORE23254-USD
2554,2024-07-11 00:00:00+00:00,1.108189582824707,1.1206929683685303,1.1051385402679443,1.1196446418762207,1.1196446418762207,721788,CORE23254-USD
2555,2024-07-11 01:00:00+00:00,1.1232492923736572,1.1269804239273071,1.1102123260498047,1.119834065437317,1.119834065437317,0,CORE23254-USD
2556,2024-07-11 02:00:00+00:00,1.11786687374115,1.1187918186187744,1.112414836883545,1.112658143043518,1.112658143043518,0,CORE23254-USD
2557,2024-07-11 03:00:00+00:00,1.1115453243255615,1.1115453243255615,1.0825246572494507,1.095902919769287,1.095902919769287,0,CORE23254-USD
2558,2024-07-11 04:00:00+00:00,1.0957341194152832,1.0977486371994019,1.094068169593811,1.0956223011016846,1.0956223011016846,0,CORE23254-USD
2559,2024-07-11 05:00:00+00:00,1.095145344734192,1.1007686853408813,1.0919902324676514,1.1007686853408813,1.1007686853408813,0,CORE23254-USD
2560,2024-07-11 06:00:00+00:00,1.1014959812164307,1.1037734746932983,1.099015712738037,1.1020896434783936,1.1020896434783936,0,CORE23254-USD
2561,2024-07-11 07:00:00+00:00,1.1032445430755615,1.1057629585266113,1.1003804206848145,1.1023730039596558,1.1023730039596558,0,CORE23254-USD
2562,2024-07-11 08:00:00+00:00,1.100738525390625,1.1039202213287354,1.098073124885559,1.0991154909133911,1.0991154909133911,0,CORE23254-USD
2563,2024-07-11 09:00:00+00:00,1.101474404335022,1.1036598682403564,1.099867343902588,1.1024614572525024,1.1024614572525024,0,CORE23254-USD
2564,2024-07-11 10:00:00+00:00,1.1024607419967651,1.102875828742981,1.0986878871917725,1.1015681028366089,1.1015681028366089,0,CORE23254-USD
2565,2024-07-11 11:00:00+00:00,1.1023929119110107,1.1032673120498657,1.0969101190567017,1.1032673120498657,1.1032673120498657,0,CORE23254-USD
2566,2024-07-11 12:00:00+00:00,1.103011965751648,1.1238982677459717,1.1010220050811768,1.1150659322738647,1.1150659322738647,1364004,CORE23254-USD
2567,2024-07-11 13:00:00+00:00,1.1147748231887817,1.116296410560608,1.1099542379379272,1.1118638515472412,1.1118638515472412,71748,CORE23254-USD
2568,2024-07-11 14:00:00+00:00,1.1129624843597412,1.1129624843597412,1.100210189819336,1.1045645475387573,1.1045645475387573,0,CORE23254-USD
2569,2024-07-11 15:00:00+00:00,1.104241967201233,1.10819411277771,1.0885870456695557,1.0885870456695557,1.0885870456695557,0,CORE23254-USD
2570,2024-07-11 16:00:00+00:00,1.0919976234436035,1.0988967418670654,1.0910669565200806,1.0988967418670654,1.0988967418670654,1310844,CORE23254-USD
2571,2024-07-11 17:00:00+00:00,1.0993152856826782,1.1037155389785767,1.0972352027893066,1.1037155389785767,1.1037155389785767,760728,CORE23254-USD
2572,2024-07-11 18:00:00+00:00,1.1043683290481567,1.1216621398925781,1.1043683290481567,1.1154276132583618,1.1154276132583618,1348624,CORE23254-USD
2573,2024-07-11 19:00:00+00:00,1.1167117357254028,1.1167117357254028,1.1055898666381836,1.111203670501709,1.111203670501709,1309884,CORE23254-USD
2574,2024-07-11 20:00:00+00:00,1.1098268032073975,1.1162258386611938,1.1087653636932373,1.1103591918945312,1.1103591918945312,923460,CORE23254-USD
2575,2024-07-11 21:00:00+00:00,1.108462929725647,1.1094980239868164,1.0907485485076904,1.0992659330368042,1.0992659330368042,980060,CORE23254-USD
2576,2024-07-11 22:00:00+00:00,1.1030628681182861,1.1033961772918701,1.0937044620513916,1.097274899482727,1.097274899482727,1359116,CORE23254-USD
2577,2024-07-11 23:00:00+00:00,1.0978399515151978,1.10201096534729,1.0953588485717773,1.10201096534729,1.10201096534729,1325260,CORE23254-USD
2578,2024-07-12 00:00:00+00:00,1.1009961366653442,1.1096184253692627,1.0904521942138672,1.091562032699585,1.091562032699585,1268568,CORE23254-USD
2579,2024-07-12 01:00:00+00:00,1.0900686979293823,1.0900686979293823,1.0600136518478394,1.0802428722381592,1.0802428722381592,1792744,CORE23254-USD
2580,2024-07-12 02:00:00+00:00,1.0797364711761475,1.0859637260437012,1.0770379304885864,1.084993600845337,1.084993600845337,1181972,CORE23254-USD
2581,2024-07-12 03:00:00+00:00,1.0827269554138184,1.0827269554138184,1.072275161743164,1.0732895135879517,1.0732895135879517,0,CORE23254-USD
2582,2024-07-12 04:00:00+00:00,1.0748398303985596,1.0748398303985596,1.0641911029815674,1.0676028728485107,1.0676028728485107,752820,CORE23254-USD
2583,2024-07-12 05:00:00+00:00,1.0689990520477295,1.0772705078125,1.0678889751434326,1.071513295173645,1.071513295173645,924624,CORE23254-USD
2584,2024-07-12 06:00:00+00:00,1.0711687803268433,1.077809453010559,1.0711687803268433,1.0738160610198975,1.0738160610198975,884028,CORE23254-USD
2585,2024-07-12 07:00:00+00:00,1.073955774307251,1.0761845111846924,1.0641058683395386,1.0657099485397339,1.0657099485397339,751700,CORE23254-USD
2586,2024-07-12 08:00:00+00:00,1.0675148963928223,1.0684118270874023,1.0625677108764648,1.0684118270874023,1.0684118270874023,1413892,CORE23254-USD
2587,2024-07-12 09:00:00+00:00,1.0702869892120361,1.0702869892120361,1.059259057044983,1.059259057044983,1.059259057044983,679128,CORE23254-USD
2588,2024-07-12 10:00:00+00:00,1.059154987335205,1.061362624168396,1.0487585067749023,1.0591360330581665,1.0591360330581665,1518992,CORE23254-USD
2589,2024-07-12 11:00:00+00:00,1.0572677850723267,1.0610235929489136,1.055553913116455,1.0610235929489136,1.0610235929489136,1060908,CORE23254-USD
2590,2024-07-12 12:00:00+00:00,1.0635381937026978,1.0681477785110474,1.0620603561401367,1.0681477785110474,1.0681477785110474,0,CORE23254-USD
2591,2024-07-12 13:00:00+00:00,1.0728578567504883,1.079430103302002,1.0728578567504883,1.079430103302002,1.079430103302002,1129292,CORE23254-USD
2592,2024-07-12 14:00:00+00:00,1.079754114151001,1.0820585489273071,1.0766528844833374,1.0769994258880615,1.0769994258880615,981688,CORE23254-USD
2593,2024-07-12 15:00:00+00:00,1.077810287475586,1.1001523733139038,1.077810287475586,1.1001523733139038,1.1001523733139038,882576,CORE23254-USD
2594,2024-07-12 16:00:00+00:00,1.0969560146331787,1.0969560146331787,1.0889779329299927,1.092844843864441,1.092844843864441,0,CORE23254-USD
2595,2024-07-12 17:00:00+00:00,1.0960720777511597,1.0980653762817383,1.093093752861023,1.093093752861023,1.093093752861023,487932,CORE23254-USD
2596,2024-07-12 18:00:00+00:00,1.0926451683044434,1.0983140468597412,1.0894019603729248,1.0964943170547485,1.0964943170547485,200444,CORE23254-USD
2597,2024-07-12 19:00:00+00:00,1.0958446264266968,1.0958446264266968,1.0869649648666382,1.0888969898223877,1.0888969898223877,315564,CORE23254-USD
2598,2024-07-12 20:00:00+00:00,1.0870015621185303,1.0923254489898682,1.0830183029174805,1.0923254489898682,1.0923254489898682,273836,CORE23254-USD
2599,2024-07-12 21:00:00+00:00,1.0936567783355713,1.0988880395889282,1.0912530422210693,1.0974684953689575,1.0974684953689575,0,CORE23254-USD
2600,2024-07-12 22:00:00+00:00,1.0979288816452026,1.098004937171936,1.0935590267181396,1.0966250896453857,1.0966250896453857,0,CORE23254-USD
2601,2024-07-12 23:00:00+00:00,1.0981963872909546,1.0981963872909546,1.0904492139816284,1.0932567119598389,1.0932567119598389,0,CORE23254-USD
2602,2024-07-13 00:00:00+00:00,1.0923662185668945,1.0940217971801758,1.087808609008789,1.0908557176589966,1.0908557176589966,0,CORE23254-USD
2603,2024-07-13 01:00:00+00:00,1.0909076929092407,1.0973886251449585,1.0909076929092407,1.0952287912368774,1.0952287912368774,0,CORE23254-USD
2604,2024-07-13 02:00:00+00:00,1.0958657264709473,1.0970394611358643,1.0909843444824219,1.0970394611358643,1.0970394611358643,0,CORE23254-USD
2605,2024-07-13 03:00:00+00:00,1.0966691970825195,1.0971598625183105,1.0921438932418823,1.0921438932418823,1.0921438932418823,0,CORE23254-USD
2606,2024-07-13 04:00:00+00:00,1.0900061130523682,1.0911970138549805,1.0882105827331543,1.0882105827331543,1.0882105827331543,0,CORE23254-USD
2607,2024-07-13 05:00:00+00:00,1.088801622390747,1.0963430404663086,1.088801622390747,1.0963430404663086,1.0963430404663086,0,CORE23254-USD
2608,2024-07-13 06:00:00+00:00,1.09557044506073,1.1177990436553955,1.093959093093872,1.1177990436553955,1.1177990436553955,2030124,CORE23254-USD
2609,2024-07-13 07:00:00+00:00,1.1169137954711914,1.1179485321044922,1.1053416728973389,1.1053416728973389,1.1053416728973389,437016,CORE23254-USD
2610,2024-07-13 08:00:00+00:00,1.106104850769043,1.106104850769043,1.1012706756591797,1.1012706756591797,1.1012706756591797,0,CORE23254-USD
2611,2024-07-13 09:00:00+00:00,1.096360206604004,1.1063169240951538,1.096360206604004,1.1049845218658447,1.1049845218658447,778512,CORE23254-USD
2612,2024-07-13 10:00:00+00:00,1.1038602590560913,1.1038602590560913,1.0932692289352417,1.0963890552520752,1.0963890552520752,0,CORE23254-USD
2613,2024-07-13 11:00:00+00:00,1.0950571298599243,1.095743179321289,1.0927612781524658,1.0936938524246216,1.0936938524246216,0,CORE23254-USD
2614,2024-07-13 12:00:00+00:00,1.0943483114242554,1.1009787321090698,1.093702793121338,1.1009787321090698,1.1009787321090698,0,CORE23254-USD
2615,2024-07-13 13:00:00+00:00,1.1019073724746704,1.1019073724746704,1.0922843217849731,1.0922843217849731,1.0922843217849731,0,CORE23254-USD
2616,2024-07-13 14:00:00+00:00,1.0894006490707397,1.0911591053009033,1.0839060544967651,1.0904587507247925,1.0904587507247925,0,CORE23254-USD
2617,2024-07-13 15:00:00+00:00,1.0897504091262817,1.0965903997421265,1.0895066261291504,1.0950173139572144,1.0950173139572144,0,CORE23254-USD
2618,2024-07-13 16:00:00+00:00,1.0944011211395264,1.1111083030700684,1.0944011211395264,1.1083089113235474,1.1083089113235474,0,CORE23254-USD
2619,2024-07-13 17:00:00+00:00,1.1007859706878662,1.1007859706878662,1.091718316078186,1.091718316078186,1.091718316078186,0,CORE23254-USD
2620,2024-07-13 18:00:00+00:00,1.0939950942993164,1.0953229665756226,1.0910146236419678,1.0910146236419678,1.0910146236419678,0,CORE23254-USD
2621,2024-07-13 19:00:00+00:00,1.0910284519195557,1.0949969291687012,1.0901228189468384,1.0949969291687012,1.0949969291687012,0,CORE23254-USD
2622,2024-07-13 20:00:00+00:00,1.094518780708313,1.0982176065444946,1.094518780708313,1.0959724187850952,1.0959724187850952,0,CORE23254-USD
2623,2024-07-13 21:00:00+00:00,1.0949584245681763,1.0967148542404175,1.0911540985107422,1.092876672744751,1.092876672744751,23528,CORE23254-USD
2624,2024-07-13 22:00:00+00:00,1.092568039894104,1.0973787307739258,1.084029197692871,1.0973787307739258,1.0973787307739258,56376,CORE23254-USD
2625,2024-07-13 23:00:00+00:00,1.0966004133224487,1.1028579473495483,1.0934350490570068,1.0934350490570068,1.0934350490570068,803632,CORE23254-USD
2626,2024-07-14 00:00:00+00:00,1.09384024143219,1.0994560718536377,1.093233585357666,1.0989787578582764,1.0989787578582764,562892,CORE23254-USD
2627,2024-07-14 01:00:00+00:00,1.0980910062789917,1.1025830507278442,1.0968159437179565,1.102391242980957,1.102391242980957,257608,CORE23254-USD
2628,2024-07-14 02:00:00+00:00,1.1012992858886719,1.1038720607757568,1.0960874557495117,1.0968403816223145,1.0968403816223145,455520,CORE23254-USD
2629,2024-07-14 03:00:00+00:00,1.096972942352295,1.1014208793640137,1.096972942352295,1.1008812189102173,1.1008812189102173,207096,CORE23254-USD
2630,2024-07-14 04:00:00+00:00,1.1009544134140015,1.1084388494491577,1.1009544134140015,1.107385277748108,1.107385277748108,356684,CORE23254-USD
2631,2024-07-14 05:00:00+00:00,1.1079106330871582,1.1184347867965698,1.1079106330871582,1.114328145980835,1.114328145980835,1095712,CORE23254-USD
2632,2024-07-14 06:00:00+00:00,1.1142802238464355,1.1142802238464355,1.1080650091171265,1.1080650091171265,1.1080650091171265,0,CORE23254-USD
2633,2024-07-14 07:00:00+00:00,1.1085052490234375,1.1128253936767578,1.1077828407287598,1.1077828407287598,1.1077828407287598,0,CORE23254-USD
2634,2024-07-14 08:00:00+00:00,1.108222484588623,1.1182079315185547,1.108222484588623,1.1182079315185547,1.1182079315185547,1281744,CORE23254-USD
2635,2024-07-14 09:00:00+00:00,1.1173502206802368,1.1173502206802368,1.1117753982543945,1.115817904472351,1.115817904472351,0,CORE23254-USD
2636,2024-07-14 10:00:00+00:00,1.1156612634658813,1.1160874366760254,1.1080849170684814,1.1080849170684814,1.1080849170684814,0,CORE23254-USD
2637,2024-07-14 11:00:00+00:00,1.1084026098251343,1.1146167516708374,1.1081784963607788,1.111392617225647,1.111392617225647,445772,CORE23254-USD
2638,2024-07-14 12:00:00+00:00,1.1104743480682373,1.1104743480682373,1.10263192653656,1.10263192653656,1.10263192653656,787416,CORE23254-USD
2639,2024-07-14 13:00:00+00:00,1.1037739515304565,1.1083682775497437,1.102778434753418,1.1083682775497437,1.1083682775497437,0,CORE23254-USD
2640,2024-07-14 14:00:00+00:00,1.10926353931427,1.1160675287246704,1.10926353931427,1.115479588508606,1.115479588508606,484068,CORE23254-USD
2641,2024-07-14 15:00:00+00:00,1.1168068647384644,1.119444489479065,1.1122125387191772,1.119444489479065,1.119444489479065,487584,CORE23254-USD
2642,2024-07-14 16:00:00+00:00,1.1310017108917236,1.171976089477539,1.1310017108917236,1.1480942964553833,1.1480942964553833,6385532,CORE23254-USD
2643,2024-07-14 17:00:00+00:00,1.1473865509033203,1.1659486293792725,1.1431386470794678,1.1643345355987549,1.1643345355987549,2374172,CORE23254-USD
2644,2024-07-14 18:00:00+00:00,1.1603941917419434,1.1603941917419434,1.1496323347091675,1.1541244983673096,1.1541244983673096,845676,CORE23254-USD
2645,2024-07-14 19:00:00+00:00,1.1580601930618286,1.1599490642547607,1.1468167304992676,1.1492446660995483,1.1492446660995483,0,CORE23254-USD
2646,2024-07-14 20:00:00+00:00,1.1475075483322144,1.1475075483322144,1.1428266763687134,1.1466766595840454,1.1466766595840454,222216,CORE23254-USD
2647,2024-07-14 21:00:00+00:00,1.1496009826660156,1.2010616064071655,1.1496009826660156,1.2010616064071655,1.2010616064071655,3421764,CORE23254-USD
2648,2024-07-14 22:00:00+00:00,1.2078875303268433,1.235755205154419,1.2002907991409302,1.203088641166687,1.203088641166687,4168940,CORE23254-USD
2649,2024-07-14 23:00:00+00:00,1.2046669721603394,1.2085587978363037,1.1961148977279663,1.197826623916626,1.197826623916626,1442008,CORE23254-USD
2650,2024-07-15 00:00:00+00:00,1.1998252868652344,1.1998252868652344,1.183559536933899,1.196283221244812,1.196283221244812,1140096,CORE23254-USD
2651,2024-07-15 01:00:00+00:00,1.1991112232208252,1.199744462966919,1.1874994039535522,1.199744462966919,1.199744462966919,1140216,CORE23254-USD
2652,2024-07-15 02:00:00+00:00,1.1958693265914917,1.2061649560928345,1.1958693265914917,1.2014236450195312,1.2014236450195312,1578936,CORE23254-USD
2653,2024-07-15 03:00:00+00:00,1.1992160081863403,1.1992160081863403,1.1867115497589111,1.1872003078460693,1.1872003078460693,1399928,CORE23254-USD
2654,2024-07-15 04:00:00+00:00,1.1911156177520752,1.1951814889907837,1.1886922121047974,1.190730333328247,1.190730333328247,1385920,CORE23254-USD
2655,2024-07-15 05:00:00+00:00,1.1902544498443604,1.199439287185669,1.1888777017593384,1.194770097732544,1.194770097732544,421448,CORE23254-USD
2656,2024-07-15 06:00:00+00:00,1.1966363191604614,1.2067523002624512,1.195304274559021,1.2052909135818481,1.2052909135818481,939920,CORE23254-USD
2657,2024-07-15 07:00:00+00:00,1.2039878368377686,1.2055529356002808,1.196447730064392,1.1977547407150269,1.1977547407150269,713176,CORE23254-USD
2658,2024-07-15 08:00:00+00:00,1.195676565170288,1.2083408832550049,1.190422534942627,1.190422534942627,1.190422534942627,110072,CORE23254-USD
2659,2024-07-15 09:00:00+00:00,1.1892565488815308,1.1937315464019775,1.1835715770721436,1.1915138959884644,1.1915138959884644,979424,CORE23254-USD
2660,2024-07-15 10:00:00+00:00,1.1909900903701782,1.1909900903701782,1.1758149862289429,1.1758149862289429,1.1758149862289429,146936,CORE23254-USD
2661,2024-07-15 11:00:00+00:00,1.170944094657898,1.1784636974334717,1.170720100402832,1.1784636974334717,1.1784636974334717,625712,CORE23254-USD
2662,2024-07-15 12:00:00+00:00,1.1791977882385254,1.1873902082443237,1.1791977882385254,1.179571509361267,1.179571509361267,335872,CORE23254-USD
2663,2024-07-15 13:00:00+00:00,1.1814756393432617,1.1860198974609375,1.1812580823898315,1.1852259635925293,1.1852259635925293,1067088,CORE23254-USD
2664,2024-07-15 14:00:00+00:00,1.1876403093338013,1.1914782524108887,1.1807727813720703,1.1914782524108887,1.1914782524108887,371320,CORE23254-USD
2665,2024-07-15 15:00:00+00:00,1.1966878175735474,1.1966878175735474,1.179398775100708,1.1837574243545532,1.1837574243545532,1015944,CORE23254-USD
2666,2024-07-15 16:00:00+00:00,1.1825584173202515,1.194657564163208,1.1759878396987915,1.194038987159729,1.194038987159729,0,CORE23254-USD
2667,2024-07-15 17:00:00+00:00,1.188820242881775,1.192814826965332,1.186421513557434,1.1905381679534912,1.1905381679534912,0,CORE23254-USD
2668,2024-07-15 18:00:00+00:00,1.1891796588897705,1.1963917016983032,1.188077688217163,1.196016788482666,1.196016788482666,0,CORE23254-USD
2669,2024-07-15 19:00:00+00:00,1.1957203149795532,1.206725001335144,1.1938188076019287,1.197635293006897,1.197635293006897,1575880,CORE23254-USD
2670,2024-07-15 20:00:00+00:00,1.2005938291549683,1.2092633247375488,1.2005938291549683,1.2030208110809326,1.2030208110809326,916912,CORE23254-USD
2671,2024-07-15 21:00:00+00:00,1.2063215970993042,1.21735680103302,1.2063215970993042,1.2095588445663452,1.2095588445663452,0,CORE23254-USD
2672,2024-07-15 22:00:00+00:00,1.2089664936065674,1.223917841911316,1.2089664936065674,1.2225956916809082,1.2225956916809082,0,CORE23254-USD
2673,2024-07-15 23:00:00+00:00,1.2209088802337646,1.2461210489273071,1.2200303077697754,1.2394909858703613,1.2394909858703613,460968,CORE23254-USD
2674,2024-07-16 00:00:00+00:00,1.2450593709945679,1.2631977796554565,1.2435122728347778,1.24919593334198,1.24919593334198,1714856,CORE23254-USD
2675,2024-07-16 01:00:00+00:00,1.2508610486984253,1.2589173316955566,1.244060754776001,1.2563272714614868,1.2563272714614868,827008,CORE23254-USD
2676,2024-07-16 02:00:00+00:00,1.2594815492630005,1.2947570085525513,1.2542924880981445,1.2947570085525513,1.2947570085525513,1073032,CORE23254-USD
2677,2024-07-16 03:00:00+00:00,1.2952617406845093,1.3623406887054443,1.2868224382400513,1.3623406887054443,1.3623406887054443,5822240,CORE23254-USD
2678,2024-07-16 04:00:00+00:00,1.355604648590088,1.368147373199463,1.3169870376586914,1.3283708095550537,1.3283708095550537,6919520,CORE23254-USD
2679,2024-07-16 05:00:00+00:00,1.326657772064209,1.3424859046936035,1.2846004962921143,1.2863210439682007,1.2863210439682007,5084992,CORE23254-USD
2680,2024-07-16 06:00:00+00:00,1.2935471534729004,1.3045703172683716,1.2681739330291748,1.2681739330291748,1.2681739330291748,3511584,CORE23254-USD
2681,2024-07-16 07:00:00+00:00,1.2727586030960083,1.2762752771377563,1.2555848360061646,1.2607567310333252,1.2607567310333252,2363960,CORE23254-USD
2682,2024-07-16 08:00:00+00:00,1.2611075639724731,1.2643181085586548,1.2295856475830078,1.2528207302093506,1.2528207302093506,2168376,CORE23254-USD
2683,2024-07-16 09:00:00+00:00,1.2570757865905762,1.280935287475586,1.2570757865905762,1.2758756875991821,1.2758756875991821,4291336,CORE23254-USD
2684,2024-07-16 10:00:00+00:00,1.275272011756897,1.287796139717102,1.2747812271118164,1.282435417175293,1.282435417175293,3030352,CORE23254-USD
2685,2024-07-16 11:00:00+00:00,1.2775776386260986,1.2775776386260986,1.2709643840789795,1.2717348337173462,1.2717348337173462,540616,CORE23254-USD
2686,2024-07-16 12:00:00+00:00,1.2701103687286377,1.2907991409301758,1.25600004196167,1.2846263647079468,1.2846263647079468,4206416,CORE23254-USD
2687,2024-07-16 13:00:00+00:00,1.281355857849121,1.3024929761886597,1.281355857849121,1.3002870082855225,1.3002870082855225,3042208,CORE23254-USD
2688,2024-07-16 14:00:00+00:00,1.2953122854232788,1.3214077949523926,1.2953122854232788,1.3110461235046387,1.3110461235046387,4211568,CORE23254-USD
2689,2024-07-16 15:00:00+00:00,1.3116984367370605,1.3265386819839478,1.3102192878723145,1.3265386819839478,1.3265386819839478,1874640,CORE23254-USD
2690,2024-07-16 16:00:00+00:00,1.3524565696716309,1.4345852136611938,1.3524565696716309,1.41864013671875,1.41864013671875,22165288,CORE23254-USD
2691,2024-07-16 17:00:00+00:00,1.418607234954834,1.4204412698745728,1.401770830154419,1.4181873798370361,1.4181873798370361,5185600,CORE23254-USD
2692,2024-07-16 18:00:00+00:00,1.4158267974853516,1.429814338684082,1.4128493070602417,1.4205113649368286,1.4205113649368286,1394192,CORE23254-USD
2693,2024-07-16 19:00:00+00:00,1.4252437353134155,1.4252437353134155,1.412039041519165,1.4230502843856812,1.4230502843856812,169936,CORE23254-USD
2694,2024-07-16 20:00:00+00:00,1.424452304840088,1.4512989521026611,1.4231910705566406,1.4231910705566406,1.4231910705566406,3526016,CORE23254-USD
2695,2024-07-16 21:00:00+00:00,1.417749285697937,1.4179655313491821,1.4051861763000488,1.409253478050232,1.409253478050232,0,CORE23254-USD
2696,2024-07-16 22:00:00+00:00,1.4104859828948975,1.4181936979293823,1.3909289836883545,1.3940378427505493,1.3940378427505493,0,CORE23254-USD
2697,2024-07-16 23:00:00+00:00,1.393874168395996,1.4209717512130737,1.393874168395996,1.4140726327896118,1.4140726327896118,289584,CORE23254-USD
2698,2024-07-17 00:00:00+00:00,1.41311514377594,1.4512076377868652,1.41311514377594,1.4460428953170776,1.4460428953170776,537632,CORE23254-USD
2699,2024-07-17 01:00:00+00:00,1.4476783275604248,1.477167010307312,1.4273240566253662,1.4273240566253662,1.4273240566253662,2956496,CORE23254-USD
2700,2024-07-17 02:00:00+00:00,1.4309041500091553,1.444563865661621,1.4309041500091553,1.4327312707901,1.4327312707901,527152,CORE23254-USD
2701,2024-07-17 03:00:00+00:00,1.4351098537445068,1.4351098537445068,1.4151411056518555,1.4269136190414429,1.4269136190414429,0,CORE23254-USD
2702,2024-07-17 04:00:00+00:00,1.4235702753067017,1.4235702753067017,1.3886377811431885,1.4026633501052856,1.4026633501052856,0,CORE23254-USD
2703,2024-07-17 05:00:00+00:00,1.406859278678894,1.411251425743103,1.4031833410263062,1.404966950416565,1.404966950416565,0,CORE23254-USD
2704,2024-07-17 06:00:00+00:00,1.4055635929107666,1.426467776298523,1.4055635929107666,1.426467776298523,1.426467776298523,0,CORE23254-USD
2705,2024-07-17 07:00:00+00:00,1.4275286197662354,1.4275286197662354,1.4133901596069336,1.4137794971466064,1.4137794971466064,0,CORE23254-USD
2706,2024-07-17 08:00:00+00:00,1.4164692163467407,1.4239230155944824,1.3890070915222168,1.4239230155944824,1.4239230155944824,0,CORE23254-USD
2707,2024-07-17 09:00:00+00:00,1.4189122915267944,1.4378947019577026,1.4148006439208984,1.430864930152893,1.430864930152893,0,CORE23254-USD
2708,2024-07-17 10:00:00+00:00,1.4293882846832275,1.4293882846832275,1.414546251296997,1.414546251296997,1.414546251296997,0,CORE23254-USD
2709,2024-07-17 11:00:00+00:00,1.4147593975067139,1.4147593975067139,1.3883962631225586,1.3943006992340088,1.3943006992340088,0,CORE23254-USD
2710,2024-07-17 12:00:00+00:00,1.393838882446289,1.4115675687789917,1.392256259918213,1.4060826301574707,1.4060826301574707,0,CORE23254-USD
2711,2024-07-17 13:00:00+00:00,1.4081449508666992,1.4281805753707886,1.4039305448532104,1.4281805753707886,1.4281805753707886,0,CORE23254-USD
2712,2024-07-17 14:00:00+00:00,1.4228832721710205,1.4318242073059082,1.4148019552230835,1.4318242073059082,1.4318242073059082,0,CORE23254-USD
2713,2024-07-17 15:00:00+00:00,1.4411629438400269,1.4610168933868408,1.4282524585723877,1.437369465827942,1.437369465827942,1809792,CORE23254-USD
2714,2024-07-17 16:00:00+00:00,1.432134747505188,1.456099033355713,1.3920377492904663,1.4153566360473633,1.4153566360473633,0,CORE23254-USD
2715,2024-07-17 17:00:00+00:00,1.4222614765167236,1.435122013092041,1.4152767658233643,1.4254080057144165,1.4254080057144165,0,CORE23254-USD
2716,2024-07-17 18:00:00+00:00,1.4252418279647827,1.4252418279647827,1.4194093942642212,1.4214280843734741,1.4214280843734741,0,CORE23254-USD
2717,2024-07-17 19:00:00+00:00,1.4227317571640015,1.4327945709228516,1.420027256011963,1.43195641040802,1.43195641040802,166592,CORE23254-USD
2718,2024-07-17 20:00:00+00:00,1.4280714988708496,1.4445388317108154,1.4264765977859497,1.4445388317108154,1.4445388317108154,0,CORE23254-USD
2719,2024-07-17 21:00:00+00:00,1.4384386539459229,1.4384386539459229,1.427199363708496,1.4298635721206665,1.4298635721206665,0,CORE23254-USD
2720,2024-07-17 22:00:00+00:00,1.4258780479431152,1.4258780479431152,1.410474181175232,1.4113825559616089,1.4113825559616089,0,CORE23254-USD
2721,2024-07-17 23:00:00+00:00,1.4076411724090576,1.4124995470046997,1.397469401359558,1.402020812034607,1.402020812034607,0,CORE23254-USD
2722,2024-07-18 00:00:00+00:00,1.4044485092163086,1.429069995880127,1.3989025354385376,1.4273120164871216,1.4273120164871216,0,CORE23254-USD
2723,2024-07-18 01:00:00+00:00,1.4264671802520752,1.4345508813858032,1.4176305532455444,1.4345508813858032,1.4345508813858032,0,CORE23254-USD
2724,2024-07-18 02:00:00+00:00,1.4402984380722046,1.4402984380722046,1.4195352792739868,1.4315791130065918,1.4315791130065918,0,CORE23254-USD
2725,2024-07-18 03:00:00+00:00,1.432930827140808,1.437113881111145,1.4252039194107056,1.4285216331481934,1.4285216331481934,0,CORE23254-USD
2726,2024-07-18 04:00:00+00:00,1.4258904457092285,1.427673578262329,1.4150944948196411,1.4227416515350342,1.4227416515350342,0,CORE23254-USD
2727,2024-07-18 05:00:00+00:00,1.4261990785598755,1.43874990940094,1.415993094444275,1.43874990940094,1.43874990940094,626784,CORE23254-USD
2728,2024-07-18 06:00:00+00:00,1.4334032535552979,1.4362564086914062,1.4278463125228882,1.4343395233154297,1.4343395233154297,0,CORE23254-USD
2729,2024-07-18 07:00:00+00:00,1.432403802871704,1.4334542751312256,1.4200812578201294,1.4200812578201294,1.4200812578201294,0,CORE23254-USD
2730,2024-07-18 08:00:00+00:00,1.4193860292434692,1.4297748804092407,1.4193860292434692,1.4284056425094604,1.4284056425094604,0,CORE23254-USD
2731,2024-07-18 09:00:00+00:00,1.4280766248703003,1.4305304288864136,1.4254549741744995,1.4271533489227295,1.4271533489227295,0,CORE23254-USD
2732,2024-07-18 10:00:00+00:00,1.4313355684280396,1.4421467781066895,1.4274615049362183,1.4409650564193726,1.4409650564193726,383056,CORE23254-USD
2733,2024-07-18 11:00:00+00:00,1.4420291185379028,1.4484550952911377,1.4359164237976074,1.4484550952911377,1.4484550952911377,0,CORE23254-USD
2734,2024-07-18 12:00:00+00:00,1.449303388595581,1.4764113426208496,1.449303388595581,1.4704511165618896,1.4704511165618896,1231440,CORE23254-USD
2735,2024-07-18 13:00:00+00:00,1.4758176803588867,1.4758176803588867,1.4473059177398682,1.4578871726989746,1.4578871726989746,132728,CORE23254-USD
2736,2024-07-18 14:00:00+00:00,1.4518401622772217,1.4570666551589966,1.4352282285690308,1.4473097324371338,1.4473097324371338,881984,CORE23254-USD
2737,2024-07-18 15:00:00+00:00,1.4438964128494263,1.4438964128494263,1.4284281730651855,1.4319921731948853,1.4319921731948853,0,CORE23254-USD
2738,2024-07-18 16:00:00+00:00,1.4285392761230469,1.4532411098480225,1.4124189615249634,1.4212368726730347,1.4212368726730347,0,CORE23254-USD
2739,2024-07-18 17:00:00+00:00,1.4246810674667358,1.4246810674667358,1.4068342447280884,1.4068342447280884,1.4068342447280884,0,CORE23254-USD
2740,2024-07-18 18:00:00+00:00,1.4080027341842651,1.4177472591400146,1.4069010019302368,1.4153692722320557,1.4153692722320557,0,CORE23254-USD
2741,2024-07-18 19:00:00+00:00,1.4186724424362183,1.4192204475402832,1.402959942817688,1.405962586402893,1.405962586402893,0,CORE23254-USD
2742,2024-07-18 20:00:00+00:00,1.4051486253738403,1.4257599115371704,1.396426796913147,1.4257599115371704,1.4257599115371704,0,CORE23254-USD
2743,2024-07-18 21:00:00+00:00,1.4247562885284424,1.4355697631835938,1.4223545789718628,1.4277281761169434,1.4277281761169434,790008,CORE23254-USD
2744,2024-07-18 22:00:00+00:00,1.4279249906539917,1.4407105445861816,1.4223443269729614,1.4373342990875244,1.4373342990875244,1713256,CORE23254-USD
2745,2024-07-18 23:00:00+00:00,1.4387623071670532,1.4429339170455933,1.4268841743469238,1.429056167602539,1.429056167602539,0,CORE23254-USD
2746,2024-07-19 00:00:00+00:00,1.4297147989273071,1.4297147989273071,1.407849669456482,1.4087454080581665,1.4087454080581665,0,CORE23254-USD
2747,2024-07-19 01:00:00+00:00,1.4105525016784668,1.4105525016784668,1.3545095920562744,1.3762575387954712,1.3762575387954712,2211840,CORE23254-USD
2748,2024-07-19 02:00:00+00:00,1.3763962984085083,1.3920199871063232,1.3763962984085083,1.3914741277694702,1.3914741277694702,826144,CORE23254-USD
2749,2024-07-19 03:00:00+00:00,1.3922398090362549,1.4118359088897705,1.3915678262710571,1.4097756147384644,1.4097756147384644,669200,CORE23254-USD
2750,2024-07-19 04:00:00+00:00,1.4134498834609985,1.4350529909133911,1.4068527221679688,1.4068527221679688,1.4068527221679688,1235736,CORE23254-USD
2751,2024-07-19 05:00:00+00:00,1.4112099409103394,1.4112099409103394,1.3913766145706177,1.3987714052200317,1.3987714052200317,0,CORE23254-USD
2752,2024-07-19 06:00:00+00:00,1.3990923166275024,1.4168413877487183,1.3990923166275024,1.406169056892395,1.406169056892395,0,CORE23254-USD
2753,2024-07-19 07:00:00+00:00,1.4041526317596436,1.4041526317596436,1.381115198135376,1.3869805335998535,1.3869805335998535,328824,CORE23254-USD
2754,2024-07-19 08:00:00+00:00,1.3874417543411255,1.3954094648361206,1.381796956062317,1.3931618928909302,1.3931618928909302,594592,CORE23254-USD
2755,2024-07-19 09:00:00+00:00,1.3926734924316406,1.399095058441162,1.3870048522949219,1.3870048522949219,1.3870048522949219,0,CORE23254-USD
2756,2024-07-19 10:00:00+00:00,1.3857721090316772,1.3927966356277466,1.3857721090316772,1.3894580602645874,1.3894580602645874,0,CORE23254-USD
2757,2024-07-19 11:00:00+00:00,1.3890446424484253,1.3927972316741943,1.3868517875671387,1.3909670114517212,1.3909670114517212,0,CORE23254-USD
2758,2024-07-19 12:00:00+00:00,1.3937844038009644,1.3960081338882446,1.3859840631484985,1.3948382139205933,1.3948382139205933,0,CORE23254-USD
2759,2024-07-19 13:00:00+00:00,1.3971710205078125,1.405848741531372,1.3887035846710205,1.405848741531372,1.405848741531372,0,CORE23254-USD
2760,2024-07-19 14:00:00+00:00,1.4036705493927002,1.410688877105713,1.3962454795837402,1.4076859951019287,1.4076859951019287,0,CORE23254-USD
2761,2024-07-19 15:00:00+00:00,1.408689022064209,1.408689022064209,1.3877754211425781,1.4014264345169067,1.4014264345169067,0,CORE23254-USD
2762,2024-07-19 16:00:00+00:00,1.403498888015747,1.4073035717010498,1.3965864181518555,1.4024927616119385,1.4024927616119385,0,CORE23254-USD
2763,2024-07-19 17:00:00+00:00,1.402066707611084,1.4067840576171875,1.3996556997299194,1.4019509553909302,1.4019509553909302,0,CORE23254-USD
2764,2024-07-19 18:00:00+00:00,1.400759220123291,1.4044252634048462,1.3982892036437988,1.3982892036437988,1.3982892036437988,0,CORE23254-USD
2765,2024-07-19 19:00:00+00:00,1.3999264240264893,1.4296233654022217,1.3999264240264893,1.4296233654022217,1.4296233654022217,1107552,CORE23254-USD
2766,2024-07-19 20:00:00+00:00,1.4309935569763184,1.4508713483810425,1.4268008470535278,1.4363150596618652,1.4363150596618652,3387280,CORE23254-USD
2767,2024-07-19 21:00:00+00:00,1.440605878829956,1.4562053680419922,1.4322949647903442,1.4322949647903442,1.4322949647903442,57848,CORE23254-USD
2768,2024-07-19 22:00:00+00:00,1.4351818561553955,1.4406802654266357,1.416743516921997,1.4199044704437256,1.4199044704437256,0,CORE23254-USD
2769,2024-07-19 23:00:00+00:00,1.4227524995803833,1.431283950805664,1.4190493822097778,1.4242584705352783,1.4242584705352783,1175808,CORE23254-USD
2770,2024-07-20 00:00:00+00:00,1.4225386381149292,1.4307327270507812,1.4018069505691528,1.4032700061798096,1.4032700061798096,489592,CORE23254-USD
2771,2024-07-20 01:00:00+00:00,1.3991965055465698,1.4096994400024414,1.3991965055465698,1.4035758972167969,1.4035758972167969,0,CORE23254-USD
2772,2024-07-20 02:00:00+00:00,1.4068331718444824,1.415320634841919,1.4068331718444824,1.4092754125595093,1.4092754125595093,0,CORE23254-USD
2773,2024-07-20 03:00:00+00:00,1.4100435972213745,1.4303585290908813,1.4100435972213745,1.4235241413116455,1.4235241413116455,42752,CORE23254-USD
2774,2024-07-20 04:00:00+00:00,1.423970103263855,1.433011770248413,1.417065143585205,1.433011770248413,1.433011770248413,0,CORE23254-USD
2775,2024-07-20 05:00:00+00:00,1.4352914094924927,1.4352914094924927,1.4209870100021362,1.4265447854995728,1.4265447854995728,0,CORE23254-USD
2776,2024-07-20 06:00:00+00:00,1.4282703399658203,1.4301875829696655,1.4239078760147095,1.4239078760147095,1.4239078760147095,0,CORE23254-USD
2777,2024-07-20 07:00:00+00:00,1.4237735271453857,1.4285919666290283,1.4147039651870728,1.414969563484192,1.414969563484192,0,CORE23254-USD
2778,2024-07-20 08:00:00+00:00,1.4139636754989624,1.4191169738769531,1.409487247467041,1.4131712913513184,1.4131712913513184,0,CORE23254-USD
2779,2024-07-20 09:00:00+00:00,1.4102225303649902,1.4207826852798462,1.4082216024398804,1.4207826852798462,1.4207826852798462,0,CORE23254-USD
2780,2024-07-20 10:00:00+00:00,1.4225780963897705,1.4225780963897705,1.4143835306167603,1.414584994316101,1.414584994316101,0,CORE23254-USD
2781,2024-07-20 11:00:00+00:00,1.414524793624878,1.4187829494476318,1.4112380743026733,1.413167953491211,1.413167953491211,0,CORE23254-USD
2782,2024-07-20 12:00:00+00:00,1.4133739471435547,1.4157872200012207,1.4096405506134033,1.410093903541565,1.410093903541565,298392,CORE23254-USD
2783,2024-07-20 13:00:00+00:00,1.4110385179519653,1.4111707210540771,1.4030553102493286,1.41006600856781,1.41006600856781,0,CORE23254-USD
2784,2024-07-20 14:00:00+00:00,1.4108648300170898,1.421292781829834,1.410629391670227,1.4196733236312866,1.4196733236312866,0,CORE23254-USD
2785,2024-07-20 15:00:00+00:00,1.4212814569473267,1.4286041259765625,1.4209216833114624,1.4286041259765625,1.4286041259765625,0,CORE23254-USD
2786,2024-07-20 16:00:00+00:00,1.429140567779541,1.429140567779541,1.4140472412109375,1.4159834384918213,1.4159834384918213,0,CORE23254-USD
2787,2024-07-20 17:00:00+00:00,1.4151710271835327,1.4277679920196533,1.4151710271835327,1.4236525297164917,1.4236525297164917,188840,CORE23254-USD
2788,2024-07-20 18:00:00+00:00,1.4234421253204346,1.4332712888717651,1.4196491241455078,1.4332712888717651,1.4332712888717651,94784,CORE23254-USD
2789,2024-07-20 19:00:00+00:00,1.4328558444976807,1.4374829530715942,1.4253700971603394,1.4364361763000488,1.4364361763000488,0,CORE23254-USD
2790,2024-07-20 20:00:00+00:00,1.4362373352050781,1.43796706199646,1.435696005821228,1.436678409576416,1.436678409576416,0,CORE23254-USD
2791,2024-07-20 21:00:00+00:00,1.4355826377868652,1.4355826377868652,1.4260324239730835,1.4346150159835815,1.4346150159835815,0,CORE23254-USD
2792,2024-07-20 22:00:00+00:00,1.4339604377746582,1.4348559379577637,1.41995108127594,1.4243098497390747,1.4243098497390747,0,CORE23254-USD
2793,2024-07-20 23:00:00+00:00,1.4254047870635986,1.4283841848373413,1.4229068756103516,1.4246561527252197,1.4246561527252197,0,CORE23254-USD
2794,2024-07-21 00:00:00+00:00,1.4266860485076904,1.4308010339736938,1.423020601272583,1.4300347566604614,1.4300347566604614,0,CORE23254-USD
2795,2024-07-21 01:00:00+00:00,1.429677963256836,1.4305295944213867,1.4239892959594727,1.4302650690078735,1.4302650690078735,0,CORE23254-USD
2796,2024-07-21 02:00:00+00:00,1.4290820360183716,1.4676761627197266,1.4290820360183716,1.4676761627197266,1.4676761627197266,1843968,CORE23254-USD
2797,2024-07-21 03:00:00+00:00,1.4717295169830322,1.5618853569030762,1.4717295169830322,1.5618853569030762,1.5618853569030762,10170144,CORE23254-USD
2798,2024-07-21 04:00:00+00:00,1.5622221231460571,1.5622221231460571,1.5093138217926025,1.5105531215667725,1.5105531215667725,7236712,CORE23254-USD
2799,2024-07-21 05:00:00+00:00,1.511815071105957,1.5342968702316284,1.5088825225830078,1.5109061002731323,1.5109061002731323,3137600,CORE23254-USD
2800,2024-07-21 06:00:00+00:00,1.5192700624465942,1.5267326831817627,1.4974195957183838,1.4988384246826172,1.4988384246826172,2268064,CORE23254-USD
2801,2024-07-21 07:00:00+00:00,1.4938873052597046,1.5206389427185059,1.4938873052597046,1.5129975080490112,1.5129975080490112,1741232,CORE23254-USD
2802,2024-07-21 08:00:00+00:00,1.5145515203475952,1.5489881038665771,1.5145515203475952,1.5396652221679688,1.5396652221679688,2439128,CORE23254-USD
2803,2024-07-21 09:00:00+00:00,1.540784478187561,1.540784478187561,1.5249520540237427,1.5340783596038818,1.5340783596038818,781072,CORE23254-USD
2804,2024-07-21 10:00:00+00:00,1.5298017263412476,1.5509579181671143,1.5244545936584473,1.550208330154419,1.550208330154419,2676888,CORE23254-USD
2805,2024-07-21 11:00:00+00:00,1.5475658178329468,1.5794512033462524,1.5475658178329468,1.5648568868637085,1.5648568868637085,6484960,CORE23254-USD
2806,2024-07-21 12:00:00+00:00,1.5682345628738403,1.576306700706482,1.559069275856018,1.575062870979309,1.575062870979309,3366136,CORE23254-USD
2807,2024-07-21 13:00:00+00:00,1.5751880407333374,1.591629981994629,1.5724449157714844,1.5848439931869507,1.5848439931869507,3757680,CORE23254-USD
2808,2024-07-21 14:00:00+00:00,1.5828416347503662,1.6162605285644531,1.5762310028076172,1.6162605285644531,1.6162605285644531,6330384,CORE23254-USD
2809,2024-07-21 15:00:00+00:00,1.626973032951355,1.6457310914993286,1.626973032951355,1.6360418796539307,1.6360418796539307,8442168,CORE23254-USD
2810,2024-07-21 16:00:00+00:00,1.6360124349594116,1.6360124349594116,1.5797640085220337,1.6175190210342407,1.6175190210342407,5714688,CORE23254-USD
2811,2024-07-21 17:00:00+00:00,1.643673300743103,1.6448662281036377,1.5822067260742188,1.5822067260742188,1.5822067260742188,4453920,CORE23254-USD
2812,2024-07-21 18:00:00+00:00,1.5831453800201416,1.5831453800201416,1.5506775379180908,1.5596364736557007,1.5596364736557007,5068472,CORE23254-USD
2813,2024-07-21 19:00:00+00:00,1.5516167879104614,1.57405424118042,1.541430115699768,1.57405424118042,1.57405424118042,2066464,CORE23254-USD
2814,2024-07-21 20:00:00+00:00,1.571020245552063,1.6386756896972656,1.571020245552063,1.6386756896972656,1.6386756896972656,5789072,CORE23254-USD
2815,2024-07-21 21:00:00+00:00,1.645272135734558,1.6566710472106934,1.6310501098632812,1.6566710472106934,1.6566710472106934,1783952,CORE23254-USD
2816,2024-07-21 22:00:00+00:00,1.65445876121521,1.6602704524993896,1.627720832824707,1.627793550491333,1.627793550491333,884816,CORE23254-USD
2817,2024-07-21 23:00:00+00:00,1.627830147743225,1.6287473440170288,1.6017695665359497,1.6226980686187744,1.6226980686187744,2265184,CORE23254-USD
2818,2024-07-22 00:00:00+00:00,1.6186623573303223,1.6470848321914673,1.6145577430725098,1.6381034851074219,1.6381034851074219,3220080,CORE23254-USD
2819,2024-07-22 01:00:00+00:00,1.645856261253357,1.6486809253692627,1.636927604675293,1.6486809253692627,1.6486809253692627,2521248,CORE23254-USD
2820,2024-07-22 02:00:00+00:00,1.6486918926239014,1.6486918926239014,1.629834532737732,1.632140040397644,1.632140040397644,0,CORE23254-USD
2821,2024-07-22 03:00:00+00:00,1.627518892288208,1.627518892288208,1.6126620769500732,1.6256216764450073,1.6256216764450073,0,CORE23254-USD
2822,2024-07-22 04:00:00+00:00,1.623901128768921,1.6298737525939941,1.5968904495239258,1.5968904495239258,1.5968904495239258,0,CORE23254-USD
2823,2024-07-22 05:00:00+00:00,1.596426248550415,1.596426248550415,1.561846137046814,1.5958067178726196,1.5958067178726196,0,CORE23254-USD
2824,2024-07-22 06:00:00+00:00,1.5885405540466309,1.6043951511383057,1.5643137693405151,1.5643137693405151,1.5643137693405151,0,CORE23254-USD
2825,2024-07-22 07:00:00+00:00,1.564637303352356,1.5722100734710693,1.5571620464324951,1.5697157382965088,1.5697157382965088,0,CORE23254-USD
2826,2024-07-22 08:00:00+00:00,1.5661202669143677,1.5834981203079224,1.5624263286590576,1.5688810348510742,1.5688810348510742,0,CORE23254-USD
2827,2024-07-22 09:00:00+00:00,1.5708543062210083,1.602101445198059,1.5708543062210083,1.602101445198059,1.602101445198059,770720,CORE23254-USD
2828,2024-07-22 10:00:00+00:00,1.6095575094223022,1.622296690940857,1.6052757501602173,1.617548942565918,1.617548942565918,0,CORE23254-USD
2829,2024-07-22 11:00:00+00:00,1.6205004453659058,1.6205004453659058,1.599494457244873,1.601428747177124,1.601428747177124,0,CORE23254-USD
2830,2024-07-22 12:00:00+00:00,1.5946955680847168,1.6040935516357422,1.5828603506088257,1.5957528352737427,1.5957528352737427,0,CORE23254-USD
2831,2024-07-22 13:00:00+00:00,1.594349980354309,1.5977814197540283,1.5717320442199707,1.5717320442199707,1.5717320442199707,0,CORE23254-USD
2832,2024-07-22 14:00:00+00:00,1.571309208869934,1.6085031032562256,1.5644011497497559,1.6085031032562256,1.6085031032562256,0,CORE23254-USD
2833,2024-07-22 15:00:00+00:00,1.613100290298462,1.6280933618545532,1.6079087257385254,1.620535969734192,1.620535969734192,0,CORE23254-USD
2834,2024-07-22 16:00:00+00:00,1.6143404245376587,1.6143404245376587,1.5917680263519287,1.5973265171051025,1.5973265171051025,0,CORE23254-USD
2835,2024-07-22 17:00:00+00:00,1.5927555561065674,1.6053731441497803,1.5904476642608643,1.6053731441497803,1.6053731441497803,0,CORE23254-USD
2836,2024-07-22 18:00:00+00:00,1.604215145111084,1.6178051233291626,1.5997413396835327,1.610216736793518,1.610216736793518,0,CORE23254-USD
2837,2024-07-22 19:00:00+00:00,1.6118320226669312,1.6118320226669312,1.5972658395767212,1.606620192527771,1.606620192527771,0,CORE23254-USD
2838,2024-07-22 20:00:00+00:00,1.6084624528884888,1.6149466037750244,1.5918140411376953,1.611011266708374,1.611011266708374,0,CORE23254-USD
2839,2024-07-22 21:00:00+00:00,1.60916268825531,1.60916268825531,1.5840288400650024,1.5931737422943115,1.5931737422943115,0,CORE23254-USD
2840,2024-07-22 22:00:00+00:00,1.5903253555297852,1.5903253555297852,1.5734148025512695,1.5876842737197876,1.5876842737197876,0,CORE23254-USD
2841,2024-07-22 23:00:00+00:00,1.5840092897415161,1.6021124124526978,1.5775001049041748,1.596107840538025,1.596107840538025,0,CORE23254-USD
2842,2024-07-23 00:00:00+00:00,1.5939613580703735,1.6109999418258667,1.5939613580703735,1.6065614223480225,1.6065614223480225,0,CORE23254-USD
2843,2024-07-23 01:00:00+00:00,1.6019954681396484,1.6124505996704102,1.6019954681396484,1.6020090579986572,1.6020090579986572,0,CORE23254-USD
2844,2024-07-23 02:00:00+00:00,1.602508783340454,1.602508783340454,1.5892093181610107,1.5952712297439575,1.5952712297439575,0,CORE23254-USD
2845,2024-07-23 03:00:00+00:00,1.592946171760559,1.6050790548324585,1.588368535041809,1.6050790548324585,1.6050790548324585,0,CORE23254-USD
2846,2024-07-23 04:00:00+00:00,1.6034456491470337,1.607201099395752,1.5855861902236938,1.592742919921875,1.592742919921875,0,CORE23254-USD
2847,2024-07-23 05:00:00+00:00,1.5907822847366333,1.5907822847366333,1.5698755979537964,1.5742720365524292,1.5742720365524292,0,CORE23254-USD
2848,2024-07-23 06:00:00+00:00,1.5824168920516968,1.5881456136703491,1.5622049570083618,1.562328815460205,1.562328815460205,0,CORE23254-USD
2849,2024-07-23 07:00:00+00:00,1.5586731433868408,1.5621756315231323,1.547120451927185,1.5568625926971436,1.5568625926971436,0,CORE23254-USD
2850,2024-07-23 08:00:00+00:00,1.5593695640563965,1.5815703868865967,1.5593695640563965,1.5804111957550049,1.5804111957550049,250296,CORE23254-USD
2851,2024-07-23 09:00:00+00:00,1.5824366807937622,1.5824366807937622,1.5606298446655273,1.5606298446655273,1.5606298446655273,0,CORE23254-USD
2852,2024-07-23 10:00:00+00:00,1.5601203441619873,1.5601203441619873,1.5451074838638306,1.545704960823059,1.545704960823059,71328,CORE23254-USD
2853,2024-07-23 11:00:00+00:00,1.5425759553909302,1.5425759553909302,1.5231842994689941,1.5347363948822021,1.5347363948822021,613280,CORE23254-USD
2854,2024-07-23 12:00:00+00:00,1.5335005521774292,1.5462384223937988,1.5335005521774292,1.5445290803909302,1.5445290803909302,1230520,CORE23254-USD
2855,2024-07-23 13:00:00+00:00,1.5421549081802368,1.5421549081802368,1.5081074237823486,1.514406681060791,1.514406681060791,1864688,CORE23254-USD
2856,2024-07-23 14:00:00+00:00,1.5112168788909912,1.5506279468536377,1.5112168788909912,1.536061406135559,1.536061406135559,5389696,CORE23254-USD
2857,2024-07-23 15:00:00+00:00,1.5281051397323608,1.5281051397323608,1.5134586095809937,1.5140527486801147,1.5140527486801147,0,CORE23254-USD
2858,2024-07-23 16:00:00+00:00,1.5106501579284668,1.5106501579284668,1.4458812475204468,1.4458812475204468,1.4458812475204468,0,CORE23254-USD
2859,2024-07-23 17:00:00+00:00,1.4396774768829346,1.4556496143341064,1.436863899230957,1.4556496143341064,1.4556496143341064,1777760,CORE23254-USD
2860,2024-07-23 18:00:00+00:00,1.455567479133606,1.4613745212554932,1.4517340660095215,1.4517340660095215,1.4517340660095215,0,CORE23254-USD
2861,2024-07-23 19:00:00+00:00,1.4501678943634033,1.459950566291809,1.4501678943634033,1.4528961181640625,1.4528961181640625,142168,CORE23254-USD
2862,2024-07-23 20:00:00+00:00,1.4517710208892822,1.4570114612579346,1.4477976560592651,1.451296091079712,1.451296091079712,448168,CORE23254-USD
2863,2024-07-23 21:00:00+00:00,1.4505594968795776,1.4678962230682373,1.4505594968795776,1.4531623125076294,1.4531623125076294,720632,CORE23254-USD
2864,2024-07-23 22:00:00+00:00,1.4451156854629517,1.453736662864685,1.43136465549469,1.4465376138687134,1.4465376138687134,0,CORE23254-USD
2865,2024-07-23 23:00:00+00:00,1.448591947555542,1.4529608488082886,1.442012071609497,1.4468774795532227,1.4468774795532227,73240,CORE23254-USD
2866,2024-07-24 00:00:00+00:00,1.445233702659607,1.4483757019042969,1.394408106803894,1.4038251638412476,1.4038251638412476,539376,CORE23254-USD
2867,2024-07-24 01:00:00+00:00,1.4029594659805298,1.418472170829773,1.4029594659805298,1.4094597101211548,1.4094597101211548,1585056,CORE23254-USD
2868,2024-07-24 02:00:00+00:00,1.4086469411849976,1.433214545249939,1.4070823192596436,1.433214545249939,1.433214545249939,1078856,CORE23254-USD
2869,2024-07-24 03:00:00+00:00,1.4352190494537354,1.4352190494537354,1.4273604154586792,1.4309364557266235,1.4309364557266235,332848,CORE23254-USD
2870,2024-07-24 04:00:00+00:00,1.4300100803375244,1.4300100803375244,1.405207872390747,1.4082015752792358,1.4082015752792358,0,CORE23254-USD
2871,2024-07-24 05:00:00+00:00,1.4081916809082031,1.4122700691223145,1.4066879749298096,1.411527395248413,1.411527395248413,0,CORE23254-USD
2872,2024-07-24 06:00:00+00:00,1.4135576486587524,1.425426721572876,1.4122182130813599,1.418100118637085,1.418100118637085,0,CORE23254-USD
2873,2024-07-24 07:00:00+00:00,1.4173017740249634,1.4279863834381104,1.4130979776382446,1.426016926765442,1.426016926765442,0,CORE23254-USD
2874,2024-07-24 08:00:00+00:00,1.4257233142852783,1.4358563423156738,1.4242521524429321,1.432031273841858,1.432031273841858,0,CORE23254-USD
2875,2024-07-24 09:00:00+00:00,1.430340051651001,1.430340051651001,1.4223403930664062,1.4269307851791382,1.4269307851791382,0,CORE23254-USD
2876,2024-07-24 10:00:00+00:00,1.4264092445373535,1.430602788925171,1.4182604551315308,1.428270697593689,1.428270697593689,0,CORE23254-USD
2877,2024-07-24 11:00:00+00:00,1.4335812330245972,1.4335812330245972,1.4183440208435059,1.418518304824829,1.418518304824829,0,CORE23254-USD
2878,2024-07-24 12:00:00+00:00,1.4161800146102905,1.4184077978134155,1.4082674980163574,1.4082674980163574,1.4082674980163574,0,CORE23254-USD
2879,2024-07-24 13:00:00+00:00,1.4077190160751343,1.4230141639709473,1.4077190160751343,1.4201194047927856,1.4201194047927856,0,CORE23254-USD
2880,2024-07-24 14:00:00+00:00,1.4181101322174072,1.4495420455932617,1.4181101322174072,1.4475139379501343,1.4475139379501343,0,CORE23254-USD
2881,2024-07-24 15:00:00+00:00,1.4439035654067993,1.4439035654067993,1.4166327714920044,1.4178650379180908,1.4178650379180908,0,CORE23254-USD
2882,2024-07-24 16:00:00+00:00,1.413864254951477,1.4164636135101318,1.396191120147705,1.4164636135101318,1.4164636135101318,0,CORE23254-USD
2883,2024-07-24 17:00:00+00:00,1.4188042879104614,1.4193847179412842,1.413385272026062,1.4147393703460693,1.4147393703460693,0,CORE23254-USD
2884,2024-07-24 18:00:00+00:00,1.413246512413025,1.4149887561798096,1.4018341302871704,1.404527187347412,1.404527187347412,0,CORE23254-USD
2885,2024-07-24 19:00:00+00:00,1.404708743095398,1.4156663417816162,1.4046485424041748,1.4064686298370361,1.4064686298370361,0,CORE23254-USD
2886,2024-07-24 20:00:00+00:00,1.405059576034546,1.4093917608261108,1.404866099357605,1.4093917608261108,1.4093917608261108,0,CORE23254-USD
2887,2024-07-24 21:00:00+00:00,1.4096940755844116,1.4096940755844116,1.3752896785736084,1.3933637142181396,1.3933637142181396,232944,CORE23254-USD
2888,2024-07-24 22:00:00+00:00,1.3917359113693237,1.3917359113693237,1.373806118965149,1.373806118965149,1.373806118965149,0,CORE23254-USD
2889,2024-07-24 23:00:00+00:00,1.3697693347930908,1.3697693347930908,1.3644412755966187,1.3667329549789429,1.3667329549789429,0,CORE23254-USD
2890,2024-07-25 00:00:00+00:00,1.3670299053192139,1.3868839740753174,1.3670299053192139,1.3860626220703125,1.3860626220703125,0,CORE23254-USD
2891,2024-07-25 01:00:00+00:00,1.3883470296859741,1.3883470296859741,1.3068159818649292,1.3139445781707764,1.3139445781707764,2627288,CORE23254-USD
2892,2024-07-25 02:00:00+00:00,1.3144241571426392,1.3144241571426392,1.2996798753738403,1.309075117111206,1.309075117111206,767832,CORE23254-USD
2893,2024-07-25 03:00:00+00:00,1.3042056560516357,1.3078515529632568,1.3005167245864868,1.3050343990325928,1.3050343990325928,340072,CORE23254-USD
2894,2024-07-25 04:00:00+00:00,1.3034946918487549,1.3170140981674194,1.3006633520126343,1.3160767555236816,1.3160767555236816,0,CORE23254-USD
2895,2024-07-25 05:00:00+00:00,1.3165826797485352,1.3238719701766968,1.3077821731567383,1.3082411289215088,1.3082411289215088,350064,CORE23254-USD
2896,2024-07-25 06:00:00+00:00,1.3094959259033203,1.3094959259033203,1.2941248416900635,1.3015469312667847,1.3015469312667847,104552,CORE23254-USD
2897,2024-07-25 07:00:00+00:00,1.3001562356948853,1.3001562356948853,1.283078670501709,1.283078670501709,1.283078670501709,352256,CORE23254-USD
2898,2024-07-25 08:00:00+00:00,1.2771638631820679,1.2894032001495361,1.2771638631820679,1.2894032001495361,1.2894032001495361,1162872,CORE23254-USD
2899,2024-07-25 09:00:00+00:00,1.2875782251358032,1.2999684810638428,1.2873982191085815,1.2901283502578735,1.2901283502578735,565832,CORE23254-USD
2900,2024-07-25 10:00:00+00:00,1.2947916984558105,1.2947916984558105,1.2808325290679932,1.2867246866226196,1.2867246866226196,552424,CORE23254-USD
2901,2024-07-25 11:00:00+00:00,1.2860536575317383,1.2900128364562988,1.2835460901260376,1.2849920988082886,1.2849920988082886,0,CORE23254-USD
2902,2024-07-25 12:00:00+00:00,1.2864686250686646,1.2971508502960205,1.2791002988815308,1.2791002988815308,1.2791002988815308,1025408,CORE23254-USD
2903,2024-07-25 13:00:00+00:00,1.2784110307693481,1.2909519672393799,1.276078701019287,1.276078701019287,1.276078701019287,665160,CORE23254-USD
2904,2024-07-25 14:00:00+00:00,1.271702527999878,1.2939413785934448,1.260986328125,1.2939413785934448,1.2939413785934448,244656,CORE23254-USD
2905,2024-07-25 15:00:00+00:00,1.2962003946304321,1.2962003946304321,1.279371976852417,1.2815111875534058,1.2815111875534058,0,CORE23254-USD
2906,2024-07-25 16:00:00+00:00,1.2862151861190796,1.3208190202713013,1.2862151861190796,1.3175992965698242,1.3175992965698242,3021128,CORE23254-USD
2907,2024-07-25 17:00:00+00:00,1.3263018131256104,1.3263018131256104,1.3065376281738281,1.311975121498108,1.311975121498108,1686784,CORE23254-USD
2908,2024-07-25 18:00:00+00:00,1.3114877939224243,1.3114877939224243,1.2827136516571045,1.2827136516571045,1.2827136516571045,338528,CORE23254-USD
2909,2024-07-25 19:00:00+00:00,1.278746247291565,1.290418267250061,1.2738254070281982,1.290418267250061,1.290418267250061,1484832,CORE23254-USD
2910,2024-07-25 20:00:00+00:00,1.2942006587982178,1.2942006587982178,1.271011233329773,1.2879217863082886,1.2879217863082886,1362728,CORE23254-USD
2911,2024-07-25 21:00:00+00:00,1.2948096990585327,1.31669020652771,1.2948096990585327,1.315600872039795,1.315600872039795,410232,CORE23254-USD
2912,2024-07-25 22:00:00+00:00,1.3165346384048462,1.3247286081314087,1.3146737813949585,1.3177266120910645,1.3177266120910645,301072,CORE23254-USD
2913,2024-07-25 23:00:00+00:00,1.3181946277618408,1.3209093809127808,1.3173657655715942,1.3191320896148682,1.3191320896148682,360712,CORE23254-USD
2914,2024-07-26 00:00:00+00:00,1.316613793373108,1.3366931676864624,1.316613793373108,1.33201003074646,1.33201003074646,1549704,CORE23254-USD
2915,2024-07-26 01:00:00+00:00,1.3338630199432373,1.3724820613861084,1.3338630199432373,1.3604412078857422,1.3604412078857422,0,CORE23254-USD
2916,2024-07-26 02:00:00+00:00,1.3619072437286377,1.3778806924819946,1.3504257202148438,1.3778806924819946,1.3778806924819946,348960,CORE23254-USD
2917,2024-07-26 03:00:00+00:00,1.3751978874206543,1.3877732753753662,1.3645577430725098,1.3656866550445557,1.3656866550445557,30392,CORE23254-USD
2918,2024-07-26 04:00:00+00:00,1.3652968406677246,1.3652968406677246,1.3581675291061401,1.3612658977508545,1.3612658977508545,0,CORE23254-USD
2919,2024-07-26 05:00:00+00:00,1.3666579723358154,1.373792052268982,1.3628100156784058,1.370534062385559,1.370534062385559,0,CORE23254-USD
2920,2024-07-26 06:00:00+00:00,1.3696117401123047,1.3828647136688232,1.3690040111541748,1.3828647136688232,1.3828647136688232,161344,CORE23254-USD
2921,2024-07-26 07:00:00+00:00,1.3816561698913574,1.3816561698913574,1.3668919801712036,1.3668919801712036,1.3668919801712036,0,CORE23254-USD
2922,2024-07-26 08:00:00+00:00,1.3590930700302124,1.3653861284255981,1.3590930700302124,1.3643802404403687,1.3643802404403687,0,CORE23254-USD
2923,2024-07-26 09:00:00+00:00,1.367909550666809,1.3742434978485107,1.367909550666809,1.3687126636505127,1.3687126636505127,0,CORE23254-USD
2924,2024-07-26 10:00:00+00:00,1.3663157224655151,1.3676244020462036,1.35719895362854,1.3620100021362305,1.3620100021362305,0,CORE23254-USD
2925,2024-07-26 11:00:00+00:00,1.364162802696228,1.3655959367752075,1.3605815172195435,1.3652193546295166,1.3652193546295166,326184,CORE23254-USD
2926,2024-07-26 12:00:00+00:00,1.3658437728881836,1.3658437728881836,1.3532143831253052,1.3551865816116333,1.3551865816116333,0,CORE23254-USD
2927,2024-07-26 13:00:00+00:00,1.3542068004608154,1.3722118139266968,1.3457907438278198,1.3722118139266968,1.3722118139266968,52112,CORE23254-USD
2928,2024-07-26 14:00:00+00:00,1.3730788230895996,1.3730788230895996,1.3532313108444214,1.3577179908752441,1.3577179908752441,0,CORE23254-USD
2929,2024-07-26 15:00:00+00:00,1.3597640991210938,1.3670597076416016,1.3597640991210938,1.365326166152954,1.365326166152954,0,CORE23254-USD
2930,2024-07-26 16:00:00+00:00,1.3669911623001099,1.3736004829406738,1.3606270551681519,1.3626024723052979,1.3626024723052979,0,CORE23254-USD
2931,2024-07-26 17:00:00+00:00,1.3621662855148315,1.3625500202178955,1.3563553094863892,1.3598871231079102,1.3598871231079102,0,CORE23254-USD
2932,2024-07-26 18:00:00+00:00,1.3616749048233032,1.3701496124267578,1.3612533807754517,1.3701496124267578,1.3701496124267578,0,CORE23254-USD
2933,2024-07-26 19:00:00+00:00,1.3707057237625122,1.3805381059646606,1.3707057237625122,1.372251272201538,1.372251272201538,0,CORE23254-USD
2934,2024-07-26 20:00:00+00:00,1.3696471452713013,1.3696471452713013,1.3592859506607056,1.3608092069625854,1.3608092069625854,0,CORE23254-USD
2935,2024-07-26 21:00:00+00:00,1.361484408378601,1.375003457069397,1.361484408378601,1.3700106143951416,1.3700106143951416,0,CORE23254-USD
2936,2024-07-26 22:00:00+00:00,1.3699537515640259,1.378844976425171,1.369075059890747,1.376273274421692,1.376273274421692,0,CORE23254-USD
2937,2024-07-26 23:00:00+00:00,1.3779270648956299,1.3788131475448608,1.373046636581421,1.373046636581421,1.373046636581421,0,CORE23254-USD
2938,2024-07-27 00:00:00+00:00,1.368975281715393,1.3792598247528076,1.3677988052368164,1.3788518905639648,1.3788518905639648,0,CORE23254-USD
2939,2024-07-27 01:00:00+00:00,1.3750429153442383,1.3750429153442383,1.3673502206802368,1.3673502206802368,1.3673502206802368,0,CORE23254-USD
2940,2024-07-27 02:00:00+00:00,1.3670557737350464,1.3776651620864868,1.3670557737350464,1.3761587142944336,1.3761587142944336,0,CORE23254-USD
2941,2024-07-27 03:00:00+00:00,1.3775302171707153,1.3775302171707153,1.3719114065170288,1.3739534616470337,1.3739534616470337,0,CORE23254-USD
2942,2024-07-27 04:00:00+00:00,1.3731706142425537,1.3950507640838623,1.3729676008224487,1.3950507640838623,1.3950507640838623,0,CORE23254-USD
2943,2024-07-27 05:00:00+00:00,1.393903136253357,1.415055513381958,1.393903136253357,1.4047911167144775,1.4047911167144775,2615012,CORE23254-USD
2944,2024-07-27 06:00:00+00:00,1.4042682647705078,1.4345365762710571,1.4042682647705078,1.4345365762710571,1.4345365762710571,0,CORE23254-USD
2945,2024-07-27 07:00:00+00:00,1.438450813293457,1.438450813293457,1.4179767370224,1.4179767370224,1.4179767370224,1510108,CORE23254-USD
2946,2024-07-27 08:00:00+00:00,1.4152917861938477,1.4249531030654907,1.405090093612671,1.408843994140625,1.408843994140625,131992,CORE23254-USD
2947,2024-07-27 09:00:00+00:00,1.4110924005508423,1.422410488128662,1.4110924005508423,1.4194684028625488,1.4194684028625488,110844,CORE23254-USD
2948,2024-07-27 10:00:00+00:00,1.4185057878494263,1.4212875366210938,1.4101670980453491,1.4112114906311035,1.4112114906311035,0,CORE23254-USD
2949,2024-07-27 11:00:00+00:00,1.41022789478302,1.412514567375183,1.4053237438201904,1.412514567375183,1.412514567375183,0,CORE23254-USD
2950,2024-07-27 12:00:00+00:00,1.4124865531921387,1.4219026565551758,1.4124865531921387,1.4189256429672241,1.4189256429672241,0,CORE23254-USD
2951,2024-07-27 13:00:00+00:00,1.4212794303894043,1.435800313949585,1.4212794303894043,1.4297938346862793,1.4297938346862793,0,CORE23254-USD
2952,2024-07-27 14:00:00+00:00,1.4345800876617432,1.4345800876617432,1.412674903869629,1.4156768321990967,1.4156768321990967,0,CORE23254-USD
2953,2024-07-27 15:00:00+00:00,1.4182178974151611,1.4182178974151611,1.3938301801681519,1.4003403186798096,1.4003403186798096,743452,CORE23254-USD
2954,2024-07-27 16:00:00+00:00,1.4012645483016968,1.4124714136123657,1.39422607421875,1.4033197164535522,1.4033197164535522,432740,CORE23254-USD
2955,2024-07-27 17:00:00+00:00,1.4018298387527466,1.4018298387527466,1.3921235799789429,1.3921235799789429,1.3921235799789429,0,CORE23254-USD
2956,2024-07-27 18:00:00+00:00,1.3944023847579956,1.4019479751586914,1.3849353790283203,1.3849353790283203,1.3849353790283203,0,CORE23254-USD
2957,2024-07-27 19:00:00+00:00,1.3786839246749878,1.382285475730896,1.370774745941162,1.3810827732086182,1.3810827732086182,1040200,CORE23254-USD
2958,2024-07-27 20:00:00+00:00,1.3820278644561768,1.3820278644561768,1.3578755855560303,1.3753191232681274,1.3753191232681274,1448708,CORE23254-USD
2959,2024-07-27 21:00:00+00:00,1.3746448755264282,1.4026724100112915,1.3746448755264282,1.4000883102416992,1.4000883102416992,1283048,CORE23254-USD
2960,2024-07-27 22:00:00+00:00,1.393228530883789,1.398358941078186,1.3910950422286987,1.391658067703247,1.391658067703247,0,CORE23254-USD
2961,2024-07-27 23:00:00+00:00,1.3916078805923462,1.3916078805923462,1.375190258026123,1.375190258026123,1.375190258026123,193768,CORE23254-USD
2962,2024-07-28 00:00:00+00:00,1.3755087852478027,1.3755087852478027,1.357444405555725,1.36506187915802,1.36506187915802,572028,CORE23254-USD
2963,2024-07-28 01:00:00+00:00,1.3654325008392334,1.3733246326446533,1.3637760877609253,1.3637760877609253,1.3637760877609253,8464,CORE23254-USD
2964,2024-07-28 02:00:00+00:00,1.3622413873672485,1.3715505599975586,1.3622413873672485,1.3675428628921509,1.3675428628921509,0,CORE23254-USD
2965,2024-07-28 03:00:00+00:00,1.3655688762664795,1.3678377866744995,1.3631010055541992,1.3631010055541992,1.3631010055541992,2128,CORE23254-USD
2966,2024-07-28 04:00:00+00:00,1.362432837486267,1.362432837486267,1.3470741510391235,1.3470741510391235,1.3470741510391235,0,CORE23254-USD
2967,2024-07-28 05:00:00+00:00,1.3432130813598633,1.3486374616622925,1.3337541818618774,1.3486374616622925,1.3486374616622925,0,CORE23254-USD
2968,2024-07-28 06:00:00+00:00,1.3496845960617065,1.3541473150253296,1.3496845960617065,1.3513212203979492,1.3513212203979492,0,CORE23254-USD
2969,2024-07-28 07:00:00+00:00,1.3506609201431274,1.3604307174682617,1.3457653522491455,1.3604307174682617,1.3604307174682617,0,CORE23254-USD
2970,2024-07-28 08:00:00+00:00,1.356249451637268,1.3652161359786987,1.353805422782898,1.3566027879714966,1.3566027879714966,0,CORE23254-USD
2971,2024-07-28 09:00:00+00:00,1.3568334579467773,1.3658403158187866,1.3568334579467773,1.365694522857666,1.365694522857666,0,CORE23254-USD
2972,2024-07-28 10:00:00+00:00,1.3655529022216797,1.3698450326919556,1.3655529022216797,1.3673731088638306,1.3673731088638306,0,CORE23254-USD
2973,2024-07-28 11:00:00+00:00,1.3658782243728638,1.372808575630188,1.364179015159607,1.3687329292297363,1.3687329292297363,0,CORE23254-USD
2974,2024-07-28 12:00:00+00:00,1.3658347129821777,1.370831847190857,1.362114429473877,1.3679924011230469,1.3679924011230469,0,CORE23254-USD
2975,2024-07-28 13:00:00+00:00,1.3661363124847412,1.3671537637710571,1.3582731485366821,1.3620173931121826,1.3620173931121826,0,CORE23254-USD
2976,2024-07-28 14:00:00+00:00,1.3596608638763428,1.3596608638763428,1.3465535640716553,1.3495962619781494,1.3495962619781494,0,CORE23254-USD
2977,2024-07-28 15:00:00+00:00,1.349069356918335,1.3511494398117065,1.3453278541564941,1.34861421585083,1.34861421585083,0,CORE23254-USD
2978,2024-07-28 16:00:00+00:00,1.350096583366394,1.350096583366394,1.3384047746658325,1.3384047746658325,1.3384047746658325,0,CORE23254-USD
2979,2024-07-28 17:00:00+00:00,1.3377997875213623,1.3418266773223877,1.3377395868301392,1.3416193723678589,1.3416193723678589,0,CORE23254-USD
2980,2024-07-28 18:00:00+00:00,1.3432167768478394,1.3514426946640015,1.3399630784988403,1.3480135202407837,1.3480135202407837,0,CORE23254-USD
2981,2024-07-28 19:00:00+00:00,1.3474164009094238,1.3474164009094238,1.3380966186523438,1.3396170139312744,1.3396170139312744,0,CORE23254-USD
2982,2024-07-28 20:00:00+00:00,1.338888168334961,1.338888168334961,1.3325973749160767,1.3330700397491455,1.3330700397491455,0,CORE23254-USD
2983,2024-07-28 21:00:00+00:00,1.332908034324646,1.332908034324646,1.3174022436141968,1.3241040706634521,1.3241040706634521,0,CORE23254-USD
2984,2024-07-28 22:00:00+00:00,1.324072003364563,1.324072003364563,1.3045451641082764,1.3127237558364868,1.3127237558364868,78736,CORE23254-USD
2985,2024-07-28 23:00:00+00:00,1.314475417137146,1.3277080059051514,1.314475417137146,1.3277080059051514,1.3277080059051514,0,CORE23254-USD
2986,2024-07-29 00:00:00+00:00,1.3276060819625854,1.3598586320877075,1.3276060819625854,1.3563481569290161,1.3563481569290161,690508,CORE23254-USD
2987,2024-07-29 01:00:00+00:00,1.3574382066726685,1.362278938293457,1.3545957803726196,1.3547437191009521,1.3547437191009521,129668,CORE23254-USD
2988,2024-07-29 02:00:00+00:00,1.3559703826904297,1.3793858289718628,1.3537251949310303,1.3793858289718628,1.3793858289718628,939772,CORE23254-USD
2989,2024-07-29 03:00:00+00:00,1.380996584892273,1.384867787361145,1.368055820465088,1.3710511922836304,1.3710511922836304,364812,CORE23254-USD
2990,2024-07-29 04:00:00+00:00,1.371526837348938,1.372296929359436,1.3626524209976196,1.369322419166565,1.369322419166565,0,CORE23254-USD
2991,2024-07-29 05:00:00+00:00,1.3703504800796509,1.380627155303955,1.368799090385437,1.3794219493865967,1.3794219493865967,0,CORE23254-USD
2992,2024-07-29 06:00:00+00:00,1.380196213722229,1.380196213722229,1.3719755411148071,1.3719755411148071,1.3719755411148071,150644,CORE23254-USD
2993,2024-07-29 07:00:00+00:00,1.3720182180404663,1.378770112991333,1.3720182180404663,1.3731451034545898,1.3731451034545898,0,CORE23254-USD
2994,2024-07-29 08:00:00+00:00,1.375604510307312,1.3781380653381348,1.3678958415985107,1.3691060543060303,1.3691060543060303,0,CORE23254-USD
2995,2024-07-29 09:00:00+00:00,1.3674582242965698,1.3732342720031738,1.3655247688293457,1.369027018547058,1.369027018547058,0,CORE23254-USD
2996,2024-07-29 10:00:00+00:00,1.3688470125198364,1.3720673322677612,1.3652102947235107,1.3698590993881226,1.3698590993881226,71264,CORE23254-USD
2997,2024-07-29 11:00:00+00:00,1.3663619756698608,1.3663619756698608,1.3580520153045654,1.3580520153045654,1.3580520153045654,0,CORE23254-USD
2998,2024-07-29 12:00:00+00:00,1.3572514057159424,1.3667501211166382,1.3541970252990723,1.3667501211166382,1.3667501211166382,364748,CORE23254-USD
2999,2024-07-29 13:00:00+00:00,1.3658783435821533,1.3700895309448242,1.3556240797042847,1.3556240797042847,1.3556240797042847,426176,CORE23254-USD
3000,2024-07-29 14:00:00+00:00,1.3577032089233398,1.3577032089233398,1.3357104063034058,1.3357104063034058,1.3357104063034058,482712,CORE23254-USD
3001,2024-07-29 15:00:00+00:00,1.3360611200332642,1.3360611200332642,1.313233494758606,1.3236883878707886,1.3236883878707886,1508688,CORE23254-USD
3002,2024-07-29 16:00:00+00:00,1.3210108280181885,1.3220628499984741,1.3022915124893188,1.307523488998413,1.307523488998413,1036380,CORE23254-USD
3003,2024-07-29 17:00:00+00:00,1.3052695989608765,1.3226585388183594,1.3052695989608765,1.3197393417358398,1.3197393417358398,1135864,CORE23254-USD
3004,2024-07-29 18:00:00+00:00,1.3182977437973022,1.3404572010040283,1.3178354501724243,1.3404572010040283,1.3404572010040283,799908,CORE23254-USD
3005,2024-07-29 19:00:00+00:00,1.3384394645690918,1.339822769165039,1.3330122232437134,1.3365910053253174,1.3365910053253174,366804,CORE23254-USD
3006,2024-07-29 20:00:00+00:00,1.3369190692901611,1.337632656097412,1.3273065090179443,1.3301621675491333,1.3301621675491333,93068,CORE23254-USD
3007,2024-07-29 21:00:00+00:00,1.328712821006775,1.329166054725647,1.320381999015808,1.3253990411758423,1.3253990411758423,58876,CORE23254-USD
3008,2024-07-29 22:00:00+00:00,1.330865502357483,1.339740514755249,1.3219596147537231,1.3219596147537231,1.3219596147537231,0,CORE23254-USD
3009,2024-07-29 23:00:00+00:00,1.3196730613708496,1.3212183713912964,1.3121432065963745,1.3183221817016602,1.3183221817016602,222360,CORE23254-USD
3010,2024-07-30 00:00:00+00:00,1.3179850578308105,1.320017695426941,1.3016016483306885,1.3165642023086548,1.3165642023086548,0,CORE23254-USD
3011,2024-07-30 01:00:00+00:00,1.318876028060913,1.3327832221984863,1.3102134466171265,1.316351294517517,1.316351294517517,805176,CORE23254-USD
3012,2024-07-30 02:00:00+00:00,1.3179632425308228,1.3255115747451782,1.3095382452011108,1.3201557397842407,1.3201557397842407,0,CORE23254-USD
3013,2024-07-30 03:00:00+00:00,1.3203246593475342,1.3274518251419067,1.3203246593475342,1.3271052837371826,1.3271052837371826,0,CORE23254-USD
3014,2024-07-30 04:00:00+00:00,1.3260031938552856,1.3278414011001587,1.3222018480300903,1.3228293657302856,1.3228293657302856,0,CORE23254-USD
3015,2024-07-30 05:00:00+00:00,1.3262742757797241,1.3262742757797241,1.3174421787261963,1.3212690353393555,1.3212690353393555,0,CORE23254-USD
3016,2024-07-30 06:00:00+00:00,1.3217853307724,1.326300024986267,1.3208057880401611,1.3247052431106567,1.3247052431106567,0,CORE23254-USD
3017,2024-07-30 07:00:00+00:00,1.328169822692871,1.3323392868041992,1.3255833387374878,1.328078031539917,1.328078031539917,11888,CORE23254-USD
3018,2024-07-30 08:00:00+00:00,1.3301239013671875,1.3301239013671875,1.3208364248275757,1.3208364248275757,1.3208364248275757,0,CORE23254-USD
3019,2024-07-30 09:00:00+00:00,1.3220330476760864,1.3220330476760864,1.3155488967895508,1.3155488967895508,1.3155488967895508,5916,CORE23254-USD
3020,2024-07-30 10:00:00+00:00,1.3155913352966309,1.3174095153808594,1.3119224309921265,1.3119224309921265,1.3119224309921265,0,CORE23254-USD
3021,2024-07-30 11:00:00+00:00,1.3123242855072021,1.314415693283081,1.3095505237579346,1.314415693283081,1.314415693283081,0,CORE23254-USD
3022,2024-07-30 12:00:00+00:00,1.3126052618026733,1.3191670179367065,1.3041467666625977,1.3181732892990112,1.3181732892990112,0,CORE23254-USD
3023,2024-07-30 13:00:00+00:00,1.3155088424682617,1.3190587759017944,1.3043102025985718,1.3043102025985718,1.3043102025985718,0,CORE23254-USD
3024,2024-07-30 14:00:00+00:00,1.3029407262802124,1.3072144985198975,1.302250623703003,1.302250623703003,1.302250623703003,0,CORE23254-USD
3025,2024-07-30 15:00:00+00:00,1.2984760999679565,1.312011480331421,1.2984760999679565,1.310709834098816,1.310709834098816,0,CORE23254-USD
3026,2024-07-30 16:00:00+00:00,1.308774709701538,1.3155341148376465,1.3054333925247192,1.3054333925247192,1.3054333925247192,0,CORE23254-USD
3027,2024-07-30 17:00:00+00:00,1.300457239151001,1.300457239151001,1.2831867933273315,1.2831867933273315,1.2831867933273315,0,CORE23254-USD
3028,2024-07-30 18:00:00+00:00,1.2827504873275757,1.2856658697128296,1.2785184383392334,1.281435489654541,1.281435489654541,0,CORE23254-USD
3029,2024-07-30 19:00:00+00:00,1.2810494899749756,1.2810494899749756,1.2675082683563232,1.275145173072815,1.275145173072815,0,CORE23254-USD
3030,2024-07-30 20:00:00+00:00,1.2727247476577759,1.288576364517212,1.267606496810913,1.288576364517212,1.288576364517212,136688,CORE23254-USD
3031,2024-07-30 21:00:00+00:00,1.2856416702270508,1.2856416702270508,1.2789472341537476,1.283310055732727,1.283310055732727,0,CORE23254-USD
3032,2024-07-30 22:00:00+00:00,1.2840189933776855,1.2869517803192139,1.281494140625,1.2869517803192139,1.2869517803192139,0,CORE23254-USD
3033,2024-07-30 23:00:00+00:00,1.2883270978927612,1.2903646230697632,1.2846920490264893,1.289748191833496,1.289748191833496,0,CORE23254-USD
3034,2024-07-31 00:00:00+00:00,1.2910594940185547,1.2915033102035522,1.281038761138916,1.2915033102035522,1.2915033102035522,0,CORE23254-USD
3035,2024-07-31 01:00:00+00:00,1.292199730873108,1.2955379486083984,1.2868123054504395,1.2955379486083984,1.2955379486083984,0,CORE23254-USD
3036,2024-07-31 02:00:00+00:00,1.2968868017196655,1.2968868017196655,1.2900463342666626,1.290738582611084,1.290738582611084,0,CORE23254-USD
3037,2024-07-31 03:00:00+00:00,1.2901830673217773,1.2909773588180542,1.2850532531738281,1.2850532531738281,1.2850532531738281,0,CORE23254-USD
3038,2024-07-31 04:00:00+00:00,1.2855390310287476,1.2855390310287476,1.2764071226119995,1.278960108757019,1.278960108757019,0,CORE23254-USD
3039,2024-07-31 05:00:00+00:00,1.2818268537521362,1.2857972383499146,1.2740687131881714,1.2857972383499146,1.2857972383499146,0,CORE23254-USD
3040,2024-07-31 06:00:00+00:00,1.28468918800354,1.2917686700820923,1.28468918800354,1.2917686700820923,1.2917686700820923,0,CORE23254-USD
3041,2024-07-31 07:00:00+00:00,1.2900640964508057,1.296225905418396,1.2873576879501343,1.2873576879501343,1.2873576879501343,0,CORE23254-USD
3042,2024-07-31 08:00:00+00:00,1.2868552207946777,1.2868552207946777,1.2808269262313843,1.2864959239959717,1.2864959239959717,0,CORE23254-USD
3043,2024-07-31 09:00:00+00:00,1.2859036922454834,1.286636471748352,1.2817593812942505,1.2842918634414673,1.2842918634414673,0,CORE23254-USD
3044,2024-07-31 10:00:00+00:00,1.2839142084121704,1.2839142084121704,1.2772777080535889,1.2777842283248901,1.2777842283248901,0,CORE23254-USD
3045,2024-07-31 11:00:00+00:00,1.2797235250473022,1.2867891788482666,1.2783260345458984,1.2867891788482666,1.2867891788482666,203656,CORE23254-USD
3046,2024-07-31 12:00:00+00:00,1.2873759269714355,1.289719820022583,1.2838456630706787,1.2838456630706787,1.2838456630706787,0,CORE23254-USD
3047,2024-07-31 13:00:00+00:00,1.2853530645370483,1.3072118759155273,1.2853530645370483,1.2968021631240845,1.2968021631240845,157044,CORE23254-USD
3048,2024-07-31 14:00:00+00:00,1.2969000339508057,1.300599217414856,1.2847436666488647,1.2876615524291992,1.2876615524291992,103164,CORE23254-USD
3049,2024-07-31 15:00:00+00:00,1.2806496620178223,1.289904236793518,1.2779443264007568,1.281901478767395,1.281901478767395,0,CORE23254-USD
3050,2024-07-31 16:00:00+00:00,1.2803393602371216,1.2938249111175537,1.2802311182022095,1.2823225259780884,1.2823225259780884,0,CORE23254-USD
3051,2024-07-31 17:00:00+00:00,1.2796460390090942,1.2939447164535522,1.2796460390090942,1.2909992933273315,1.2909992933273315,0,CORE23254-USD
3052,2024-07-31 18:00:00+00:00,1.2873188257217407,1.2952226400375366,1.2783273458480835,1.2952226400375366,1.2952226400375366,311488,CORE23254-USD
3053,2024-07-31 19:00:00+00:00,1.2970184087753296,1.2970184087753296,1.2693196535110474,1.2708474397659302,1.2708474397659302,0,CORE23254-USD
3054,2024-07-31 20:00:00+00:00,1.2692300081253052,1.269758701324463,1.2404134273529053,1.2404134273529053,1.2404134273529053,831460,CORE23254-USD
3055,2024-07-31 21:00:00+00:00,1.2380704879760742,1.2477463483810425,1.237777829170227,1.2423547506332397,1.2423547506332397,0,CORE23254-USD
3056,2024-07-31 22:00:00+00:00,1.2426053285598755,1.2438284158706665,1.2295475006103516,1.236325979232788,1.236325979232788,417372,CORE23254-USD
3057,2024-07-31 23:00:00+00:00,1.236048936843872,1.236048936843872,1.2229268550872803,1.2242857217788696,1.2242857217788696,113288,CORE23254-USD
3058,2024-08-01 00:00:00+00:00,1.223258137702942,1.2282750606536865,1.2215715646743774,1.2260351181030273,1.2260351181030273,147112,CORE23254-USD
3059,2024-08-01 01:00:00+00:00,1.2294224500656128,1.2294224500656128,1.2152966260910034,1.2188987731933594,1.2188987731933594,775596,CORE23254-USD
3060,2024-08-01 02:00:00+00:00,1.220861792564392,1.220861792564392,1.2035143375396729,1.2135745286941528,1.2135745286941528,1171736,CORE23254-USD
3061,2024-08-01 03:00:00+00:00,1.2119090557098389,1.2147938013076782,1.2052644491195679,1.2091186046600342,1.2091186046600342,496716,CORE23254-USD
3062,2024-08-01 04:00:00+00:00,1.2110217809677124,1.2141764163970947,1.1802699565887451,1.1802699565887451,1.1802699565887451,752072,CORE23254-USD
3063,2024-08-01 05:00:00+00:00,1.1786351203918457,1.2043462991714478,1.1763989925384521,1.197048306465149,1.197048306465149,758088,CORE23254-USD
3064,2024-08-01 06:00:00+00:00,1.1940630674362183,1.1980000734329224,1.1874161958694458,1.190948724746704,1.190948724746704,402000,CORE23254-USD
3065,2024-08-01 07:00:00+00:00,1.1886643171310425,1.1994149684906006,1.1886643171310425,1.1952165365219116,1.1952165365219116,0,CORE23254-USD
3066,2024-08-01 08:00:00+00:00,1.1978200674057007,1.2107709646224976,1.1978200674057007,1.210710048675537,1.210710048675537,387720,CORE23254-USD
3067,2024-08-01 09:00:00+00:00,1.2103790044784546,1.2193186283111572,1.2103790044784546,1.2109315395355225,1.2109315395355225,775820,CORE23254-USD
3068,2024-08-01 10:00:00+00:00,1.2078204154968262,1.2122267484664917,1.205654501914978,1.2122267484664917,1.2122267484664917,270052,CORE23254-USD
3069,2024-08-01 11:00:00+00:00,1.2125165462493896,1.2147517204284668,1.2098908424377441,1.2144595384597778,1.2144595384597778,0,CORE23254-USD
3070,2024-08-01 12:00:00+00:00,1.2130855321884155,1.2238248586654663,1.2130855321884155,1.2232054471969604,1.2232054471969604,471704,CORE23254-USD
3071,2024-08-01 13:00:00+00:00,1.2231419086456299,1.2231419086456299,1.215700626373291,1.2175192832946777,1.2175192832946777,256500,CORE23254-USD
3072,2024-08-01 14:00:00+00:00,1.2172714471817017,1.2172714471817017,1.1981945037841797,1.1981945037841797,1.1981945037841797,420712,CORE23254-USD
3073,2024-08-01 15:00:00+00:00,1.190826177597046,1.2033131122589111,1.1834044456481934,1.1959245204925537,1.1959245204925537,1485120,CORE23254-USD
3074,2024-08-01 16:00:00+00:00,1.1809104681015015,1.1868728399276733,1.1470946073532104,1.1553798913955688,1.1553798913955688,2252760,CORE23254-USD
3075,2024-08-01 17:00:00+00:00,1.1470553874969482,1.1502041816711426,1.1417186260223389,1.1454293727874756,1.1454293727874756,1085000,CORE23254-USD
3076,2024-08-01 18:00:00+00:00,1.1451398134231567,1.1451398134231567,1.1244877576828003,1.1298311948776245,1.1298311948776245,623872,CORE23254-USD
3077,2024-08-01 19:00:00+00:00,1.1341255903244019,1.1486486196517944,1.1341255903244019,1.1479556560516357,1.1479556560516357,0,CORE23254-USD
3078,2024-08-01 20:00:00+00:00,1.150375485420227,1.1807518005371094,1.150375485420227,1.1807518005371094,1.1807518005371094,0,CORE23254-USD
3079,2024-08-01 21:00:00+00:00,1.1843469142913818,1.2009974718093872,1.179097294807434,1.197023868560791,1.197023868560791,570632,CORE23254-USD
3080,2024-08-01 22:00:00+00:00,1.193642020225525,1.2208460569381714,1.193642020225525,1.2094894647598267,1.2094894647598267,349096,CORE23254-USD
3081,2024-08-01 23:00:00+00:00,1.2136585712432861,1.2261989116668701,1.2089295387268066,1.2258847951889038,1.2258847951889038,694928,CORE23254-USD
3082,2024-08-02 00:00:00+00:00,1.2257438898086548,1.238686203956604,1.2216109037399292,1.2216109037399292,1.2216109037399292,501324,CORE23254-USD
3083,2024-08-02 01:00:00+00:00,1.2164084911346436,1.2187312841415405,1.2116596698760986,1.215744137763977,1.215744137763977,0,CORE23254-USD
3084,2024-08-02 02:00:00+00:00,1.213739037513733,1.2159721851348877,1.194511890411377,1.2028523683547974,1.2028523683547974,18344,CORE23254-USD
3085,2024-08-02 03:00:00+00:00,1.200522780418396,1.2157081365585327,1.200522780418396,1.214764952659607,1.214764952659607,206640,CORE23254-USD
3086,2024-08-02 04:00:00+00:00,1.2130433320999146,1.2134639024734497,1.2061978578567505,1.21033775806427,1.21033775806427,0,CORE23254-USD
3087,2024-08-02 05:00:00+00:00,1.2099288702011108,1.2099288702011108,1.1919690370559692,1.1919690370559692,1.1919690370559692,0,CORE23254-USD
3088,2024-08-02 06:00:00+00:00,1.1925333738327026,1.1973336935043335,1.180139183998108,1.1973336935043335,1.1973336935043335,566436,CORE23254-USD
3089,2024-08-02 07:00:00+00:00,1.1951266527175903,1.2000648975372314,1.1867849826812744,1.1942369937896729,1.1942369937896729,173836,CORE23254-USD
3090,2024-08-02 08:00:00+00:00,1.1935251951217651,1.198655605316162,1.1861162185668945,1.198655605316162,1.198655605316162,0,CORE23254-USD
3091,2024-08-02 09:00:00+00:00,1.2003048658370972,1.2134442329406738,1.2003048658370972,1.2104514837265015,1.2104514837265015,227012,CORE23254-USD
3092,2024-08-02 10:00:00+00:00,1.2121275663375854,1.2157669067382812,1.205869197845459,1.2157669067382812,1.2157669067382812,39300,CORE23254-USD
3093,2024-08-02 11:00:00+00:00,1.2152552604675293,1.2194234132766724,1.2074767351150513,1.2122215032577515,1.2122215032577515,209332,CORE23254-USD
3094,2024-08-02 12:00:00+00:00,1.2095632553100586,1.2101035118103027,1.201809287071228,1.2063075304031372,1.2063075304031372,539976,CORE23254-USD
3095,2024-08-02 13:00:00+00:00,1.2080912590026855,1.218169093132019,1.2011024951934814,1.2113169431686401,1.2113169431686401,325296,CORE23254-USD
3096,2024-08-02 14:00:00+00:00,1.211078405380249,1.211078405380249,1.1613930463790894,1.1613930463790894,1.1613930463790894,144916,CORE23254-USD
3097,2024-08-02 15:00:00+00:00,1.15851628780365,1.185349702835083,1.1415863037109375,1.185349702835083,1.185349702835083,810728,CORE23254-USD
3098,2024-08-02 16:00:00+00:00,1.1746376752853394,1.1746376752853394,1.1544620990753174,1.161826491355896,1.161826491355896,0,CORE23254-USD
3099,2024-08-02 17:00:00+00:00,1.164656162261963,1.1724480390548706,1.1619793176651,1.163388967514038,1.163388967514038,0,CORE23254-USD
3100,2024-08-02 18:00:00+00:00,1.1622697114944458,1.1672351360321045,1.1602970361709595,1.1620277166366577,1.1620277166366577,0,CORE23254-USD
3101,2024-08-02 19:00:00+00:00,1.1632113456726074,1.1683226823806763,1.154674768447876,1.1654715538024902,1.1654715538024902,129488,CORE23254-USD
3102,2024-08-02 20:00:00+00:00,1.169058918952942,1.1797435283660889,1.1648820638656616,1.1797435283660889,1.1797435283660889,263432,CORE23254-USD
3103,2024-08-02 21:00:00+00:00,1.1794178485870361,1.1794178485870361,1.1592906713485718,1.1708881855010986,1.1708881855010986,0,CORE23254-USD
3104,2024-08-02 22:00:00+00:00,1.1671361923217773,1.1679410934448242,1.1551430225372314,1.1574617624282837,1.1574617624282837,0,CORE23254-USD
3105,2024-08-02 23:00:00+00:00,1.1554450988769531,1.1594170331954956,1.1516902446746826,1.1528422832489014,1.1528422832489014,0,CORE23254-USD
3106,2024-08-03 00:00:00+00:00,1.152496576309204,1.1565349102020264,1.132486343383789,1.132486343383789,1.132486343383789,0,CORE23254-USD
3107,2024-08-03 01:00:00+00:00,1.1358141899108887,1.1395686864852905,1.109978199005127,1.1395686864852905,1.1395686864852905,1158028,CORE23254-USD
3108,2024-08-03 02:00:00+00:00,1.1419726610183716,1.1535803079605103,1.1411001682281494,1.1431622505187988,1.1431622505187988,0,CORE23254-USD
3109,2024-08-03 03:00:00+00:00,1.1462856531143188,1.1519962549209595,1.1462856531143188,1.14900803565979,1.14900803565979,0,CORE23254-USD
3110,2024-08-03 04:00:00+00:00,1.1503416299819946,1.1503416299819946,1.1373409032821655,1.1373409032821655,1.1373409032821655,158560,CORE23254-USD
3111,2024-08-03 05:00:00+00:00,1.1377829313278198,1.1438804864883423,1.1366852521896362,1.1403133869171143,1.1403133869171143,0,CORE23254-USD
3112,2024-08-03 06:00:00+00:00,1.1415300369262695,1.1442699432373047,1.138525128364563,1.1442699432373047,1.1442699432373047,0,CORE23254-USD
3113,2024-08-03 07:00:00+00:00,1.1428109407424927,1.1462851762771606,1.1390374898910522,1.1396009922027588,1.1396009922027588,0,CORE23254-USD
3114,2024-08-03 08:00:00+00:00,1.1389501094818115,1.1414861679077148,1.1361687183380127,1.1401711702346802,1.1401711702346802,142224,CORE23254-USD
3115,2024-08-03 09:00:00+00:00,1.1375097036361694,1.1391847133636475,1.1364752054214478,1.1390663385391235,1.1390663385391235,0,CORE23254-USD
3116,2024-08-03 10:00:00+00:00,1.1396018266677856,1.1420788764953613,1.136967658996582,1.1420788764953613,1.1420788764953613,36220,CORE23254-USD
3117,2024-08-03 11:00:00+00:00,1.1421396732330322,1.142693281173706,1.1373357772827148,1.140493631362915,1.140493631362915,25736,CORE23254-USD
3118,2024-08-03 12:00:00+00:00,1.1398833990097046,1.1546686887741089,1.1398833990097046,1.1478259563446045,1.1478259563446045,0,CORE23254-USD
3119,2024-08-03 13:00:00+00:00,1.1488157510757446,1.1488157510757446,1.1434093713760376,1.1440626382827759,1.1440626382827759,0,CORE23254-USD
3120,2024-08-03 14:00:00+00:00,1.1464557647705078,1.1505861282348633,1.1424989700317383,1.1424989700317383,1.1424989700317383,0,CORE23254-USD
3121,2024-08-03 15:00:00+00:00,1.1408991813659668,1.1433546543121338,1.113707184791565,1.113707184791565,1.113707184791565,0,CORE23254-USD
3122,2024-08-03 16:00:00+00:00,1.1126652956008911,1.1140938997268677,1.0936378240585327,1.1026540994644165,1.1026540994644165,1096428,CORE23254-USD
3123,2024-08-03 17:00:00+00:00,1.0958081483840942,1.0958081483840942,1.0546557903289795,1.0546557903289795,1.0546557903289795,1586652,CORE23254-USD
3124,2024-08-03 18:00:00+00:00,1.0543317794799805,1.0566363334655762,1.0433518886566162,1.0467798709869385,1.0467798709869385,786172,CORE23254-USD
3125,2024-08-03 19:00:00+00:00,1.0492932796478271,1.0563362836837769,1.0467082262039185,1.0467082262039185,1.0467082262039185,162664,CORE23254-USD
3126,2024-08-03 20:00:00+00:00,1.0443288087844849,1.0551533699035645,1.0378516912460327,1.0382453203201294,1.0382453203201294,0,CORE23254-USD
3127,2024-08-03 21:00:00+00:00,1.0372653007507324,1.0617644786834717,1.0364627838134766,1.0594841241836548,1.0594841241836548,241976,CORE23254-USD
3128,2024-08-03 22:00:00+00:00,1.0566667318344116,1.0627535581588745,1.0520824193954468,1.0580692291259766,1.0580692291259766,120244,CORE23254-USD
3129,2024-08-03 23:00:00+00:00,1.0557479858398438,1.0687330961227417,1.0557479858398438,1.065430998802185,1.065430998802185,0,CORE23254-USD
3130,2024-08-04 00:00:00+00:00,1.0637894868850708,1.0771734714508057,1.0637894868850708,1.0770525932312012,1.0770525932312012,0,CORE23254-USD
3131,2024-08-04 01:00:00+00:00,1.076970100402832,1.076970100402832,1.0534249544143677,1.058620572090149,1.058620572090149,0,CORE23254-USD
3132,2024-08-04 02:00:00+00:00,1.0592204332351685,1.0719852447509766,1.0592204332351685,1.0667988061904907,1.0667988061904907,0,CORE23254-USD
3133,2024-08-04 03:00:00+00:00,1.0668851137161255,1.0668851137161255,1.061754822731018,1.0639196634292603,1.0639196634292603,0,CORE23254-USD
3134,2024-08-04 04:00:00+00:00,1.0636980533599854,1.0665183067321777,1.060693383216858,1.061866283416748,1.061866283416748,0,CORE23254-USD
3135,2024-08-04 05:00:00+00:00,1.0583009719848633,1.072691798210144,1.0583009719848633,1.065526008605957,1.065526008605957,269340,CORE23254-USD
3136,2024-08-04 06:00:00+00:00,1.0675965547561646,1.0712144374847412,1.064046859741211,1.0712144374847412,1.0712144374847412,0,CORE23254-USD
3137,2024-08-04 07:00:00+00:00,1.0703802108764648,1.0747426748275757,1.0593366622924805,1.0596038103103638,1.0596038103103638,136108,CORE23254-USD
3138,2024-08-04 08:00:00+00:00,1.0610744953155518,1.0719976425170898,1.053600549697876,1.069628119468689,1.069628119468689,429260,CORE23254-USD
3139,2024-08-04 09:00:00+00:00,1.0699148178100586,1.0753859281539917,1.0681670904159546,1.0687971115112305,1.0687971115112305,0,CORE23254-USD
3140,2024-08-04 10:00:00+00:00,1.0677980184555054,1.0695346593856812,1.065838098526001,1.0693820714950562,1.0693820714950562,49012,CORE23254-USD
3141,2024-08-04 11:00:00+00:00,1.0686630010604858,1.070919156074524,1.061978816986084,1.0621970891952515,1.0621970891952515,0,CORE23254-USD
3142,2024-08-04 12:00:00+00:00,1.0642868280410767,1.070617914199829,1.064026117324829,1.070617914199829,1.070617914199829,0,CORE23254-USD
3143,2024-08-04 13:00:00+00:00,1.0704598426818848,1.0704598426818848,1.0633659362792969,1.0677279233932495,1.0677279233932495,0,CORE23254-USD
3144,2024-08-04 14:00:00+00:00,1.0666004419326782,1.0666004419326782,1.035956621170044,1.03816819190979,1.03816819190979,1326508,CORE23254-USD
3145,2024-08-04 15:00:00+00:00,1.034176230430603,1.034176230430603,1.0162692070007324,1.0162692070007324,1.0162692070007324,0,CORE23254-USD
3146,2024-08-04 16:00:00+00:00,1.0179654359817505,1.0247259140014648,1.011258840560913,1.0165753364562988,1.0165753364562988,0,CORE23254-USD
3147,2024-08-04 17:00:00+00:00,1.009696364402771,1.009696364402771,0.9946359395980835,1.0056195259094238,1.0056195259094238,1253360,CORE23254-USD
3148,2024-08-04 18:00:00+00:00,1.0058863162994385,1.0290662050247192,0.9951770901679993,1.0290662050247192,1.0290662050247192,1238280,CORE23254-USD
3149,2024-08-04 19:00:00+00:00,1.0256102085113525,1.0637069940567017,1.0216645002365112,1.0637069940567017,1.0637069940567017,2833068,CORE23254-USD
3150,2024-08-04 20:00:00+00:00,1.065757393836975,1.0809626579284668,1.0635799169540405,1.0756834745407104,1.0756834745407104,2721608,CORE23254-USD
3151,2024-08-04 21:00:00+00:00,1.0772522687911987,1.0776983499526978,1.0592188835144043,1.0592188835144043,1.0592188835144043,565884,CORE23254-USD
3152,2024-08-04 22:00:00+00:00,1.0623053312301636,1.0788217782974243,1.0623053312301636,1.072085976600647,1.072085976600647,1066504,CORE23254-USD
3153,2024-08-04 23:00:00+00:00,1.0721802711486816,1.0721802711486816,1.0489486455917358,1.050476312637329,1.050476312637329,1090448,CORE23254-USD
3154,2024-08-05 00:00:00+00:00,1.0530047416687012,1.0532737970352173,0.9947735071182251,0.9947735071182251,0.9947735071182251,2857596,CORE23254-USD
3155,2024-08-05 01:00:00+00:00,0.9997602105140686,0.9997602105140686,0.900366485118866,0.9291555285453796,0.9291555285453796,11803140,CORE23254-USD
3156,2024-08-05 02:00:00+00:00,0.9253249168395996,0.9398612976074219,0.9126217365264893,0.9398612976074219,0.9398612976074219,5601104,CORE23254-USD
3157,2024-08-05 03:00:00+00:00,0.9370855689048767,0.9410911202430725,0.9220852851867676,0.9358429312705994,0.9358429312705994,3114544,CORE23254-USD
3158,2024-08-05 04:00:00+00:00,0.9343958497047424,0.9442021250724792,0.9289032220840454,0.9317683577537537,0.9317683577537537,2452840,CORE23254-USD
3159,2024-08-05 05:00:00+00:00,0.9313196539878845,0.9313196539878845,0.8944301605224609,0.900939404964447,0.900939404964447,5877752,CORE23254-USD
3160,2024-08-05 06:00:00+00:00,0.8938630819320679,0.8949816226959229,0.8366641998291016,0.8637052774429321,0.8637052774429321,11441808,CORE23254-USD
3161,2024-08-05 07:00:00+00:00,0.8692704439163208,0.9264771938323975,0.8692704439163208,0.9208888411521912,0.9208888411521912,9195608,CORE23254-USD
3162,2024-08-05 08:00:00+00:00,0.9212602972984314,0.9212602972984314,0.8983588218688965,0.9056710600852966,0.9056710600852966,3657096,CORE23254-USD
3163,2024-08-05 09:00:00+00:00,0.905228853225708,0.9082415103912354,0.8935107588768005,0.8948377370834351,0.8948377370834351,3422608,CORE23254-USD
3164,2024-08-05 10:00:00+00:00,0.8985361456871033,0.8985361456871033,0.8766487240791321,0.8830035328865051,0.8830035328865051,4740440,CORE23254-USD
3165,2024-08-05 11:00:00+00:00,0.8773663640022278,0.8813214898109436,0.8555487394332886,0.8813214898109436,0.8813214898109436,6127936,CORE23254-USD
3166,2024-08-05 12:00:00+00:00,0.8779450058937073,0.895103394985199,0.8678140640258789,0.8678140640258789,0.8678140640258789,7752224,CORE23254-USD
3167,2024-08-05 13:00:00+00:00,0.8690081238746643,0.9155906438827515,0.8565765023231506,0.9090381860733032,0.9090381860733032,12527088,CORE23254-USD
3168,2024-08-05 14:00:00+00:00,0.9212438464164734,0.9430067539215088,0.9212438464164734,0.9327239394187927,0.9327239394187927,8703024,CORE23254-USD
3169,2024-08-05 15:00:00+00:00,0.9278865456581116,0.9455294609069824,0.9258232116699219,0.9455294609069824,0.9455294609069824,3392480,CORE23254-USD
3170,2024-08-05 16:00:00+00:00,0.942155659198761,0.9861510992050171,0.942155659198761,0.94987952709198,0.94987952709198,6064064,CORE23254-USD
3171,2024-08-05 17:00:00+00:00,0.9481492042541504,0.9558427333831787,0.9417862296104431,0.9417862296104431,0.9417862296104431,0,CORE23254-USD
3172,2024-08-05 18:00:00+00:00,0.9384472370147705,0.9384472370147705,0.9060673713684082,0.9060673713684082,0.9060673713684082,0,CORE23254-USD
3173,2024-08-05 19:00:00+00:00,0.9095783233642578,0.918509840965271,0.9043377041816711,0.9073969721794128,0.9073969721794128,1114112,CORE23254-USD
3174,2024-08-05 20:00:00+00:00,0.911339282989502,0.920276403427124,0.9103884100914001,0.9105303287506104,0.9105303287506104,1119776,CORE23254-USD
3175,2024-08-05 21:00:00+00:00,0.9213400483131409,0.9257329106330872,0.9132195115089417,0.9197486639022827,0.9197486639022827,1786688,CORE23254-USD
3176,2024-08-05 22:00:00+00:00,0.9226003885269165,0.9425562620162964,0.9226003885269165,0.9343639612197876,0.9343639612197876,2675792,CORE23254-USD
3177,2024-08-05 23:00:00+00:00,0.9342432022094727,0.9462197422981262,0.9145251512527466,0.9145251512527466,0.9145251512527466,547744,CORE23254-USD
3178,2024-08-06 00:00:00+00:00,0.9155297875404358,0.9712119698524475,0.9155297875404358,0.9703511595726013,0.9703511595726013,6384240,CORE23254-USD
3179,2024-08-06 01:00:00+00:00,0.9805827140808105,1.008661150932312,0.975383460521698,0.9915757775306702,0.9915757775306702,0,CORE23254-USD
3180,2024-08-06 02:00:00+00:00,0.9883290529251099,0.996707022190094,0.9837433695793152,0.9868945479393005,0.9868945479393005,0,CORE23254-USD
3181,2024-08-06 03:00:00+00:00,0.983666718006134,0.983666718006134,0.9778566956520081,0.9821695685386658,0.9821695685386658,0,CORE23254-USD
3182,2024-08-06 04:00:00+00:00,0.9822590947151184,1.0023270845413208,0.9790237545967102,1.0023270845413208,1.0023270845413208,1286016,CORE23254-USD
3183,2024-08-06 05:00:00+00:00,1.0068004131317139,1.0373859405517578,1.0003496408462524,1.0350069999694824,1.0350069999694824,11216,CORE23254-USD
3184,2024-08-06 06:00:00+00:00,1.0334550142288208,1.0637835264205933,1.0331865549087524,1.0412629842758179,1.0412629842758179,0,CORE23254-USD
3185,2024-08-06 07:00:00+00:00,1.0399023294448853,1.046034574508667,1.0251328945159912,1.046034574508667,1.046034574508667,0,CORE23254-USD
3186,2024-08-06 08:00:00+00:00,1.0445857048034668,1.0447309017181396,1.0074383020401,1.0157760381698608,1.0157760381698608,0,CORE23254-USD
3187,2024-08-06 09:00:00+00:00,1.007331132888794,1.0074609518051147,0.9984903931617737,1.0074609518051147,1.0074609518051147,0,CORE23254-USD
3188,2024-08-06 10:00:00+00:00,1.0084413290023804,1.0093905925750732,0.9971941113471985,1.0039702653884888,1.0039702653884888,0,CORE23254-USD
3189,2024-08-06 11:00:00+00:00,1.002143383026123,1.0113120079040527,0.9973924160003662,1.0065290927886963,1.0065290927886963,0,CORE23254-USD
3190,2024-08-06 12:00:00+00:00,1.005402684211731,1.0175321102142334,0.994153618812561,0.994153618812561,0.994153618812561,0,CORE23254-USD
3191,2024-08-06 13:00:00+00:00,0.9962830543518066,1.0013724565505981,0.9831752181053162,1.0002096891403198,1.0002096891403198,0,CORE23254-USD
3192,2024-08-06 14:00:00+00:00,0.999845027923584,1.027654767036438,0.999845027923584,1.018213152885437,1.018213152885437,0,CORE23254-USD
3193,2024-08-06 15:00:00+00:00,1.019652009010315,1.0266557931900024,1.0106706619262695,1.0266557931900024,1.0266557931900024,0,CORE23254-USD
3194,2024-08-06 16:00:00+00:00,1.0412240028381348,1.043913722038269,1.0265198945999146,1.0386863946914673,1.0386863946914673,0,CORE23254-USD
3195,2024-08-06 17:00:00+00:00,1.0398218631744385,1.0413200855255127,1.0279054641723633,1.029335618019104,1.029335618019104,0,CORE23254-USD
3196,2024-08-06 18:00:00+00:00,1.026071548461914,1.0409327745437622,1.026071548461914,1.0372557640075684,1.0372557640075684,0,CORE23254-USD
3197,2024-08-06 19:00:00+00:00,1.0344325304031372,1.0419209003448486,1.0274947881698608,1.0320271253585815,1.0320271253585815,0,CORE23254-USD
3198,2024-08-06 20:00:00+00:00,1.0301289558410645,1.034677267074585,1.0258949995040894,1.031178593635559,1.031178593635559,0,CORE23254-USD
3199,2024-08-06 21:00:00+00:00,1.0297043323516846,1.0334097146987915,1.0268404483795166,1.0333722829818726,1.0333722829818726,0,CORE23254-USD
3200,2024-08-06 22:00:00+00:00,1.0362060070037842,1.0441454648971558,1.0223356485366821,1.0266839265823364,1.0266839265823364,0,CORE23254-USD
3201,2024-08-06 23:00:00+00:00,1.0230860710144043,1.028092384338379,1.0091025829315186,1.0131112337112427,1.0131112337112427,0,CORE23254-USD
3202,2024-08-07 00:00:00+00:00,1.0112261772155762,1.0164529085159302,1.0032893419265747,1.0094046592712402,1.0094046592712402,0,CORE23254-USD
3203,2024-08-07 01:00:00+00:00,1.0095744132995605,1.0322625637054443,1.0014139413833618,1.0302979946136475,1.0302979946136475,0,CORE23254-USD
3204,2024-08-07 02:00:00+00:00,1.0281940698623657,1.0362895727157593,1.0194849967956543,1.0224722623825073,1.0224722623825073,0,CORE23254-USD
3205,2024-08-07 03:00:00+00:00,1.0267125368118286,1.027017593383789,1.019606351852417,1.0245000123977661,1.0245000123977661,0,CORE23254-USD
3206,2024-08-07 04:00:00+00:00,1.023833155632019,1.0321952104568481,1.023833155632019,1.029167652130127,1.029167652130127,0,CORE23254-USD
3207,2024-08-07 05:00:00+00:00,1.0266460180282593,1.0333147048950195,1.0266460180282593,1.0280388593673706,1.0280388593673706,0,CORE23254-USD
3208,2024-08-07 06:00:00+00:00,1.0273195505142212,1.0292490720748901,1.023257851600647,1.0261187553405762,1.0261187553405762,0,CORE23254-USD
3209,2024-08-07 07:00:00+00:00,1.0254238843917847,1.030962586402893,1.022757649421692,1.0282247066497803,1.0282247066497803,0,CORE23254-USD
3210,2024-08-07 08:00:00+00:00,1.0289212465286255,1.0323340892791748,1.0276716947555542,1.0322933197021484,1.0322933197021484,0,CORE23254-USD
3211,2024-08-07 09:00:00+00:00,1.0372214317321777,1.0427148342132568,1.0335019826889038,1.0335019826889038,1.0335019826889038,0,CORE23254-USD
3212,2024-08-07 10:00:00+00:00,1.0331214666366577,1.0433987379074097,1.0327391624450684,1.0373919010162354,1.0373919010162354,0,CORE23254-USD
3213,2024-08-07 11:00:00+00:00,1.033977746963501,1.033977746963501,1.0212583541870117,1.0234136581420898,1.0234136581420898,0,CORE23254-USD
3214,2024-08-07 12:00:00+00:00,1.022370457649231,1.0360617637634277,1.022370457649231,1.0360617637634277,1.0360617637634277,0,CORE23254-USD
3215,2024-08-07 13:00:00+00:00,1.0378352403640747,1.0392234325408936,1.0288537740707397,1.0288537740707397,1.0288537740707397,0,CORE23254-USD
3216,2024-08-07 14:00:00+00:00,1.027620553970337,1.027620553970337,0.9854920506477356,0.9955400228500366,0.9955400228500366,0,CORE23254-USD
3217,2024-08-07 15:00:00+00:00,0.9904341697692871,1.0049103498458862,0.9904341697692871,1.0016028881072998,1.0016028881072998,0,CORE23254-USD
3218,2024-08-07 16:00:00+00:00,1.0058166980743408,1.0058166980743408,0.9864078760147095,0.990402102470398,0.990402102470398,0,CORE23254-USD
3219,2024-08-07 17:00:00+00:00,0.989935576915741,0.9907570481300354,0.9787449240684509,0.9804917573928833,0.9804917573928833,0,CORE23254-USD
3220,2024-08-07 18:00:00+00:00,0.9795674681663513,0.9796764254570007,0.9649012684822083,0.9649012684822083,0.9649012684822083,0,CORE23254-USD
3221,2024-08-07 19:00:00+00:00,0.9655725955963135,0.9702836275100708,0.9596792459487915,0.9628385901451111,0.9628385901451111,0,CORE23254-USD
3222,2024-08-07 20:00:00+00:00,0.9656258821487427,0.9743666052818298,0.9581618905067444,0.9645028114318848,0.9645028114318848,0,CORE23254-USD
3223,2024-08-07 21:00:00+00:00,0.9692413210868835,0.9776749610900879,0.9692413210868835,0.971937894821167,0.971937894821167,0,CORE23254-USD
3224,2024-08-07 22:00:00+00:00,0.9716885685920715,0.9716885685920715,0.9502231478691101,0.9690951704978943,0.9690951704978943,0,CORE23254-USD
3225,2024-08-07 23:00:00+00:00,0.9654310941696167,0.9713611006736755,0.9613177180290222,0.9614655375480652,0.9614655375480652,0,CORE23254-USD
3226,2024-08-08 00:00:00+00:00,0.9636176228523254,0.9655849933624268,0.9456831216812134,0.9592621922492981,0.9592621922492981,0,CORE23254-USD
3227,2024-08-08 01:00:00+00:00,0.9616727232933044,0.9985005855560303,0.9616727232933044,0.9957371950149536,0.9957371950149536,531036,CORE23254-USD
3228,2024-08-08 02:00:00+00:00,1.005482792854309,1.0246325731277466,1.005482792854309,1.0246325731277466,1.0246325731277466,1100156,CORE23254-USD
3229,2024-08-08 03:00:00+00:00,1.0282073020935059,1.0292574167251587,1.013107419013977,1.013107419013977,1.013107419013977,0,CORE23254-USD
3230,2024-08-08 04:00:00+00:00,1.015337347984314,1.018983006477356,1.0064632892608643,1.0069074630737305,1.0069074630737305,0,CORE23254-USD
3231,2024-08-08 05:00:00+00:00,1.0091841220855713,1.0227123498916626,1.0091841220855713,1.0174967050552368,1.0174967050552368,0,CORE23254-USD
3232,2024-08-08 06:00:00+00:00,1.0183303356170654,1.0195927619934082,1.0165807008743286,1.0193313360214233,1.0193313360214233,0,CORE23254-USD
3233,2024-08-08 07:00:00+00:00,1.015421986579895,1.015421986579895,1.0071786642074585,1.0071786642074585,1.0071786642074585,0,CORE23254-USD
3234,2024-08-08 08:00:00+00:00,1.004671335220337,1.0108503103256226,1.002698302268982,1.0099821090698242,1.0099821090698242,0,CORE23254-USD
3235,2024-08-08 09:00:00+00:00,1.0094773769378662,1.0094773769378662,1.0026772022247314,1.0026772022247314,1.0026772022247314,0,CORE23254-USD
3236,2024-08-08 10:00:00+00:00,1.0040864944458008,1.0065481662750244,1.0016376972198486,1.0054196119308472,1.0054196119308472,0,CORE23254-USD
3237,2024-08-08 11:00:00+00:00,1.004820466041565,1.0079293251037598,1.0033587217330933,1.0033587217330933,1.0033587217330933,0,CORE23254-USD
3238,2024-08-08 12:00:00+00:00,1.0047959089279175,1.0206562280654907,0.996810257434845,1.0126829147338867,1.0126829147338867,877604,CORE23254-USD
3239,2024-08-08 13:00:00+00:00,1.0143135786056519,1.015917420387268,0.9979931712150574,1.00395667552948,1.00395667552948,0,CORE23254-USD
3240,2024-08-08 14:00:00+00:00,1.0053247213363647,1.0256537199020386,1.0053247213363647,1.0256537199020386,1.0256537199020386,0,CORE23254-USD
3241,2024-08-08 15:00:00+00:00,1.023958444595337,1.039446234703064,1.0216518640518188,1.039446234703064,1.039446234703064,0,CORE23254-USD
3242,2024-08-08 16:00:00+00:00,1.0517091751098633,1.0578588247299194,1.0423976182937622,1.0424102544784546,1.0424102544784546,3224976,CORE23254-USD
3243,2024-08-08 17:00:00+00:00,1.0436028242111206,1.0436028242111206,1.0359832048416138,1.0362061262130737,1.0362061262130737,626312,CORE23254-USD
3244,2024-08-08 18:00:00+00:00,1.0335543155670166,1.0348235368728638,1.029518485069275,1.029518485069275,1.029518485069275,349332,CORE23254-USD
3245,2024-08-08 19:00:00+00:00,1.0308605432510376,1.0336579084396362,1.0282787084579468,1.029003620147705,1.029003620147705,748036,CORE23254-USD
3246,2024-08-08 20:00:00+00:00,1.0303858518600464,1.0348588228225708,1.0293093919754028,1.034071922302246,1.034071922302246,297336,CORE23254-USD
3247,2024-08-08 21:00:00+00:00,1.0355870723724365,1.061395525932312,1.0355870723724365,1.0600628852844238,1.0600628852844238,1537140,CORE23254-USD
3248,2024-08-08 22:00:00+00:00,1.063476800918579,1.085925579071045,1.0585252046585083,1.085925579071045,1.085925579071045,1219060,CORE23254-USD
3249,2024-08-08 23:00:00+00:00,1.084029197692871,1.084029197692871,1.070912480354309,1.0782688856124878,1.0782688856124878,1628980,CORE23254-USD
3250,2024-08-09 00:00:00+00:00,1.0731960535049438,1.0758848190307617,1.0658926963806152,1.066436529159546,1.066436529159546,478028,CORE23254-USD
3251,2024-08-09 01:00:00+00:00,1.0668121576309204,1.0705095529556274,1.0626873970031738,1.0675681829452515,1.0675681829452515,0,CORE23254-USD
3252,2024-08-09 02:00:00+00:00,1.0663535594940186,1.0681066513061523,1.0594768524169922,1.0594768524169922,1.0594768524169922,0,CORE23254-USD
3253,2024-08-09 03:00:00+00:00,1.0603939294815063,1.0676698684692383,1.0603939294815063,1.0643540620803833,1.0643540620803833,0,CORE23254-USD
3254,2024-08-09 04:00:00+00:00,1.0639435052871704,1.0639435052871704,1.045011043548584,1.045011043548584,1.045011043548584,8764,CORE23254-USD
3255,2024-08-09 05:00:00+00:00,1.0435835123062134,1.0524826049804688,1.041975975036621,1.0518501996994019,1.0518501996994019,841152,CORE23254-USD
3256,2024-08-09 06:00:00+00:00,1.0527814626693726,1.0695418119430542,1.0527814626693726,1.0695418119430542,1.0695418119430542,1081852,CORE23254-USD
3257,2024-08-09 07:00:00+00:00,1.0706493854522705,1.070682406425476,1.0630478858947754,1.0630478858947754,1.0630478858947754,636248,CORE23254-USD
3258,2024-08-09 08:00:00+00:00,1.0663225650787354,1.0696018934249878,1.064291000366211,1.0694810152053833,1.0694810152053833,78504,CORE23254-USD
3259,2024-08-09 09:00:00+00:00,1.0681171417236328,1.0688703060150146,1.0559090375900269,1.0577725172042847,1.0577725172042847,461424,CORE23254-USD
3260,2024-08-09 10:00:00+00:00,1.0558446645736694,1.0588160753250122,1.0499029159545898,1.056784987449646,1.056784987449646,999432,CORE23254-USD
3261,2024-08-09 11:00:00+00:00,1.0563544034957886,1.058555006980896,1.0533711910247803,1.0580229759216309,1.0580229759216309,596488,CORE23254-USD
3262,2024-08-09 12:00:00+00:00,1.056101679801941,1.0593122243881226,1.051482915878296,1.0576057434082031,1.0576057434082031,0,CORE23254-USD
3263,2024-08-09 13:00:00+00:00,1.0583887100219727,1.0619032382965088,1.0461359024047852,1.0541019439697266,1.0541019439697266,0,CORE23254-USD
3264,2024-08-09 14:00:00+00:00,1.0580451488494873,1.0604805946350098,1.0356494188308716,1.0492252111434937,1.0492252111434937,320708,CORE23254-USD
3265,2024-08-09 15:00:00+00:00,1.0463500022888184,1.0463500022888184,1.0348925590515137,1.0348925590515137,1.0348925590515137,0,CORE23254-USD
3266,2024-08-09 16:00:00+00:00,1.0371191501617432,1.0479241609573364,1.0371191501617432,1.0453354120254517,1.0453354120254517,0,CORE23254-USD
3267,2024-08-09 17:00:00+00:00,1.0467933416366577,1.0569690465927124,1.0467933416366577,1.0528831481933594,1.0528831481933594,0,CORE23254-USD
3268,2024-08-09 18:00:00+00:00,1.0511986017227173,1.0540075302124023,1.0478968620300293,1.0532128810882568,1.0532128810882568,0,CORE23254-USD
3269,2024-08-09 19:00:00+00:00,1.0530248880386353,1.055025339126587,1.0506380796432495,1.054253339767456,1.054253339767456,0,CORE23254-USD
3270,2024-08-09 20:00:00+00:00,1.054902195930481,1.0621732473373413,1.0541316270828247,1.0621732473373413,1.0621732473373413,0,CORE23254-USD
3271,2024-08-09 21:00:00+00:00,1.063511848449707,1.063511848449707,1.0534276962280273,1.0628337860107422,1.0628337860107422,0,CORE23254-USD
3272,2024-08-09 22:00:00+00:00,1.0663403272628784,1.0663403272628784,1.058883547782898,1.0614629983901978,1.0614629983901978,0,CORE23254-USD
3273,2024-08-09 23:00:00+00:00,1.0638829469680786,1.066113829612732,1.0586880445480347,1.0648499727249146,1.0648499727249146,0,CORE23254-USD
3274,2024-08-10 00:00:00+00:00,1.0619219541549683,1.0686339139938354,1.059248924255371,1.059248924255371,1.059248924255371,0,CORE23254-USD
3275,2024-08-10 01:00:00+00:00,1.058936595916748,1.0645148754119873,1.058936595916748,1.0602610111236572,1.0602610111236572,0,CORE23254-USD
3276,2024-08-10 02:00:00+00:00,1.0583187341690063,1.0631122589111328,1.0583187341690063,1.061948299407959,1.061948299407959,0,CORE23254-USD
3277,2024-08-10 03:00:00+00:00,1.060305118560791,1.060305118560791,1.053582787513733,1.058071494102478,1.058071494102478,0,CORE23254-USD
3278,2024-08-10 04:00:00+00:00,1.0570123195648193,1.0570123195648193,1.0532379150390625,1.054888129234314,1.054888129234314,0,CORE23254-USD
3279,2024-08-10 05:00:00+00:00,1.0549508333206177,1.0569274425506592,1.0546468496322632,1.0565316677093506,1.0565316677093506,0,CORE23254-USD
3280,2024-08-10 06:00:00+00:00,1.056174635887146,1.0649595260620117,1.0542521476745605,1.0649595260620117,1.0649595260620117,0,CORE23254-USD
3281,2024-08-10 07:00:00+00:00,1.0660353899002075,1.0671998262405396,1.0629676580429077,1.0653809309005737,1.0653809309005737,0,CORE23254-USD
3282,2024-08-10 08:00:00+00:00,1.0640044212341309,1.0643047094345093,1.058334469795227,1.058334469795227,1.058334469795227,0,CORE23254-USD
3283,2024-08-10 09:00:00+00:00,1.059281826019287,1.0649216175079346,1.059281826019287,1.0643911361694336,1.0643911361694336,0,CORE23254-USD
3284,2024-08-10 10:00:00+00:00,1.0637860298156738,1.0647000074386597,1.062502384185791,1.0644296407699585,1.0644296407699585,0,CORE23254-USD
3285,2024-08-10 11:00:00+00:00,1.0644965171813965,1.0675832033157349,1.0644965171813965,1.065995454788208,1.065995454788208,0,CORE23254-USD
3286,2024-08-10 12:00:00+00:00,1.0657260417938232,1.066512942314148,1.0635119676589966,1.0639210939407349,1.0639210939407349,0,CORE23254-USD
3287,2024-08-10 13:00:00+00:00,1.0629984140396118,1.063020944595337,1.0590264797210693,1.0607906579971313,1.0607906579971313,0,CORE23254-USD
3288,2024-08-10 14:00:00+00:00,1.0592838525772095,1.0621507167816162,1.0591679811477661,1.0597329139709473,1.0597329139709473,0,CORE23254-USD
3289,2024-08-10 15:00:00+00:00,1.058089017868042,1.0648423433303833,1.058089017868042,1.0604289770126343,1.0604289770126343,0,CORE23254-USD
3290,2024-08-10 16:00:00+00:00,1.0621817111968994,1.0655711889266968,1.058260202407837,1.065293312072754,1.065293312072754,0,CORE23254-USD
3291,2024-08-10 17:00:00+00:00,1.0640811920166016,1.0751837491989136,1.0625706911087036,1.0735394954681396,1.0735394954681396,0,CORE23254-USD
3292,2024-08-10 18:00:00+00:00,1.0745729207992554,1.0820382833480835,1.0745729207992554,1.0761590003967285,1.0761590003967285,114048,CORE23254-USD
3293,2024-08-10 19:00:00+00:00,1.0759018659591675,1.0883466005325317,1.0752793550491333,1.0883466005325317,1.0883466005325317,0,CORE23254-USD
3294,2024-08-10 20:00:00+00:00,1.0919071435928345,1.0980935096740723,1.0849072933197021,1.0876129865646362,1.0876129865646362,112352,CORE23254-USD
3295,2024-08-10 21:00:00+00:00,1.084941029548645,1.0936822891235352,1.084941029548645,1.089242935180664,1.089242935180664,0,CORE23254-USD
3296,2024-08-10 22:00:00+00:00,1.087917447090149,1.0926861763000488,1.0841004848480225,1.0844374895095825,1.0844374895095825,0,CORE23254-USD
3297,2024-08-10 23:00:00+00:00,1.0786795616149902,1.0818140506744385,1.078141212463379,1.0808061361312866,1.0808061361312866,0,CORE23254-USD
3298,2024-08-11 00:00:00+00:00,1.0796042680740356,1.0878467559814453,1.0796042680740356,1.0833592414855957,1.0833592414855957,0,CORE23254-USD
3299,2024-08-11 01:00:00+00:00,1.0813475847244263,1.084009051322937,1.0801955461502075,1.083129644393921,1.083129644393921,0,CORE23254-USD
3300,2024-08-11 02:00:00+00:00,1.0825518369674683,1.0835156440734863,1.0772724151611328,1.0820033550262451,1.0820033550262451,0,CORE23254-USD
3301,2024-08-11 03:00:00+00:00,1.082281470298767,1.0917030572891235,1.082281470298767,1.0882437229156494,1.0882437229156494,13380,CORE23254-USD
3302,2024-08-11 04:00:00+00:00,1.0866460800170898,1.087101697921753,1.0828317403793335,1.084727168083191,1.084727168083191,0,CORE23254-USD
3303,2024-08-11 05:00:00+00:00,1.0856558084487915,1.0891392230987549,1.0841277837753296,1.0891392230987549,1.0891392230987549,0,CORE23254-USD
3304,2024-08-11 06:00:00+00:00,1.0890010595321655,1.0890010595321655,1.085456371307373,1.0860052108764648,1.0860052108764648,0,CORE23254-USD
3305,2024-08-11 07:00:00+00:00,1.085737943649292,1.0889089107513428,1.0856969356536865,1.0887134075164795,1.0887134075164795,0,CORE23254-USD
3306,2024-08-11 08:00:00+00:00,1.0897583961486816,1.090145468711853,1.086578607559204,1.0890414714813232,1.0890414714813232,0,CORE23254-USD
3307,2024-08-11 09:00:00+00:00,1.0880389213562012,1.0945521593093872,1.085350513458252,1.085350513458252,1.085350513458252,338328,CORE23254-USD
3308,2024-08-11 10:00:00+00:00,1.084423542022705,1.0865161418914795,1.0816080570220947,1.0834439992904663,1.0834439992904663,345744,CORE23254-USD
3309,2024-08-11 11:00:00+00:00,1.082904577255249,1.082904577255249,1.067352533340454,1.0717086791992188,1.0717086791992188,741820,CORE23254-USD
3310,2024-08-11 12:00:00+00:00,1.0698914527893066,1.0698914527893066,1.055909276008606,1.0621825456619263,1.0621825456619263,1119672,CORE23254-USD
3311,2024-08-11 13:00:00+00:00,1.0564240217208862,1.0564240217208862,1.046614408493042,1.0517231225967407,1.0517231225967407,841552,CORE23254-USD
3312,2024-08-11 14:00:00+00:00,1.0492079257965088,1.0537716150283813,1.0392903089523315,1.0392903089523315,1.0392903089523315,211076,CORE23254-USD
3313,2024-08-11 15:00:00+00:00,1.0358208417892456,1.0379005670547485,1.024388074874878,1.024388074874878,1.024388074874878,904716,CORE23254-USD
3314,2024-08-11 16:00:00+00:00,1.0174684524536133,1.031120777130127,1.0171343088150024,1.029850959777832,1.029850959777832,828116,CORE23254-USD
3315,2024-08-11 17:00:00+00:00,1.029401183128357,1.0305017232894897,1.0225245952606201,1.0295822620391846,1.0295822620391846,0,CORE23254-USD
3316,2024-08-11 18:00:00+00:00,1.0286755561828613,1.0286755561828613,1.0213004350662231,1.0231091976165771,1.0231091976165771,0,CORE23254-USD
3317,2024-08-11 19:00:00+00:00,1.0210001468658447,1.0210001468658447,1.0025529861450195,1.0040549039840698,1.0040549039840698,194608,CORE23254-USD
3318,2024-08-11 20:00:00+00:00,1.0015143156051636,1.0015143156051636,0.9852662682533264,0.9852662682533264,0.9852662682533264,257560,CORE23254-USD
3319,2024-08-11 21:00:00+00:00,0.9841984510421753,0.9916598200798035,0.9825167655944824,0.9915348887443542,0.9915348887443542,222464,CORE23254-USD
3320,2024-08-11 22:00:00+00:00,0.9930227398872375,0.9930227398872375,0.9794526696205139,0.9888603091239929,0.9888603091239929,715360,CORE23254-USD
3321,2024-08-11 23:00:00+00:00,0.9866583347320557,0.9909669160842896,0.9834815263748169,0.9901648759841919,0.9901648759841919,0,CORE23254-USD
3322,2024-08-12 00:00:00+00:00,0.9906066060066223,1.003396987915039,0.9902169704437256,0.9964632987976074,0.9964632987976074,630244,CORE23254-USD
3323,2024-08-12 01:00:00+00:00,0.9966334104537964,1.0105507373809814,0.9966334104537964,1.0086991786956787,1.0086991786956787,660240,CORE23254-USD
3324,2024-08-12 02:00:00+00:00,1.0084913969039917,1.0084913969039917,1.0040168762207031,1.0079102516174316,1.0079102516174316,0,CORE23254-USD
3325,2024-08-12 03:00:00+00:00,1.0095893144607544,1.0131714344024658,1.005255103111267,1.0105780363082886,1.0105780363082886,0,CORE23254-USD
3326,2024-08-12 04:00:00+00:00,1.0147157907485962,1.0162580013275146,1.0088526010513306,1.0088526010513306,1.0088526010513306,0,CORE23254-USD
3327,2024-08-12 05:00:00+00:00,1.0086489915847778,1.0128827095031738,1.0070703029632568,1.0094596147537231,1.0094596147537231,107928,CORE23254-USD
3328,2024-08-12 06:00:00+00:00,1.0110117197036743,1.0110117197036743,0.9980100989341736,1.0047096014022827,1.0047096014022827,374104,CORE23254-USD
3329,2024-08-12 07:00:00+00:00,1.001993179321289,1.017723560333252,0.9866083860397339,1.0139268636703491,1.0139268636703491,1393928,CORE23254-USD
3330,2024-08-12 08:00:00+00:00,1.0173588991165161,1.0288057327270508,1.012008786201477,1.012008786201477,1.012008786201477,775388,CORE23254-USD
3331,2024-08-12 09:00:00+00:00,1.011187195777893,1.0205357074737549,1.011187195777893,1.0183143615722656,1.0183143615722656,0,CORE23254-USD
3332,2024-08-12 10:00:00+00:00,1.0173133611679077,1.0292835235595703,1.0165544748306274,1.0292835235595703,1.0292835235595703,334104,CORE23254-USD
3333,2024-08-12 11:00:00+00:00,1.033531665802002,1.045427680015564,1.033531665802002,1.0443980693817139,1.0443980693817139,405564,CORE23254-USD
3334,2024-08-12 12:00:00+00:00,1.0408865213394165,1.0445225238800049,1.0363672971725464,1.0400975942611694,1.0400975942611694,0,CORE23254-USD
3335,2024-08-12 13:00:00+00:00,1.041333794593811,1.0464885234832764,1.016039490699768,1.016039490699768,1.016039490699768,0,CORE23254-USD
3336,2024-08-12 14:00:00+00:00,1.012359619140625,1.0422322750091553,1.012359619140625,1.0403189659118652,1.0403189659118652,2092372,CORE23254-USD
3337,2024-08-12 15:00:00+00:00,1.0449870824813843,1.0449870824813843,1.0320508480072021,1.0393513441085815,1.0393513441085815,0,CORE23254-USD
3338,2024-08-12 16:00:00+00:00,1.0448286533355713,1.0448286533355713,1.0390303134918213,1.0421355962753296,1.0421355962753296,0,CORE23254-USD
3339,2024-08-12 17:00:00+00:00,1.04396653175354,1.04396653175354,1.0337860584259033,1.0337860584259033,1.0337860584259033,0,CORE23254-USD
3340,2024-08-12 18:00:00+00:00,1.0339595079421997,1.0361285209655762,1.0212266445159912,1.0212266445159912,1.0212266445159912,235124,CORE23254-USD
3341,2024-08-12 19:00:00+00:00,1.0210784673690796,1.0274200439453125,1.0210784673690796,1.0219430923461914,1.0219430923461914,0,CORE23254-USD
3342,2024-08-12 20:00:00+00:00,1.0239545106887817,1.0293786525726318,1.0234135389328003,1.0234135389328003,1.0234135389328003,0,CORE23254-USD
3343,2024-08-12 21:00:00+00:00,1.022636890411377,1.0280977487564087,1.016770362854004,1.027180790901184,1.027180790901184,96008,CORE23254-USD
3344,2024-08-12 22:00:00+00:00,1.0263731479644775,1.033279538154602,1.0263731479644775,1.0292904376983643,1.0292904376983643,0,CORE23254-USD
3345,2024-08-12 23:00:00+00:00,1.0325031280517578,1.0462112426757812,1.0325031280517578,1.040889024734497,1.040889024734497,579760,CORE23254-USD
3346,2024-08-13 00:00:00+00:00,1.0407968759536743,1.043343186378479,1.0376702547073364,1.0416970252990723,1.0416970252990723,0,CORE23254-USD
3347,2024-08-13 01:00:00+00:00,1.044260859489441,1.0463165044784546,1.0423566102981567,1.0454814434051514,1.0454814434051514,0,CORE23254-USD
3348,2024-08-13 02:00:00+00:00,1.0444309711456299,1.0444309711456299,1.0372695922851562,1.037954330444336,1.037954330444336,251480,CORE23254-USD
3349,2024-08-13 03:00:00+00:00,1.0376598834991455,1.0376598834991455,1.0213024616241455,1.0213044881820679,1.0213044881820679,135440,CORE23254-USD
3350,2024-08-13 04:00:00+00:00,1.0225125551223755,1.0290658473968506,1.0173866748809814,1.0290658473968506,1.0290658473968506,63944,CORE23254-USD
3351,2024-08-13 05:00:00+00:00,1.028297781944275,1.0340887308120728,1.0272001028060913,1.032345175743103,1.032345175743103,484612,CORE23254-USD
3352,2024-08-13 06:00:00+00:00,1.0311051607131958,1.0319381952285767,1.0266733169555664,1.031347393989563,1.031347393989563,9304,CORE23254-USD
3353,2024-08-13 07:00:00+00:00,1.0302742719650269,1.0325474739074707,1.0280615091323853,1.0280615091323853,1.0280615091323853,0,CORE23254-USD
3354,2024-08-13 08:00:00+00:00,1.0268644094467163,1.028192400932312,1.0220491886138916,1.0233210325241089,1.0233210325241089,0,CORE23254-USD
3355,2024-08-13 09:00:00+00:00,1.0247873067855835,1.0247873067855835,1.0199449062347412,1.0216540098190308,1.0216540098190308,0,CORE23254-USD
3356,2024-08-13 10:00:00+00:00,1.0227290391921997,1.0227290391921997,1.014224886894226,1.0208334922790527,1.0208334922790527,0,CORE23254-USD
3357,2024-08-13 11:00:00+00:00,1.0212085247039795,1.0216459035873413,1.018678069114685,1.019507884979248,1.019507884979248,0,CORE23254-USD
3358,2024-08-13 12:00:00+00:00,1.0212750434875488,1.0263824462890625,1.020642876625061,1.0263824462890625,1.0263824462890625,0,CORE23254-USD
3359,2024-08-13 13:00:00+00:00,1.0276927947998047,1.0320225954055786,1.0211409330368042,1.0320225954055786,1.0320225954055786,0,CORE23254-USD
3360,2024-08-13 14:00:00+00:00,1.0328919887542725,1.0328919887542725,1.0212111473083496,1.0283793210983276,1.0283793210983276,0,CORE23254-USD
3361,2024-08-13 15:00:00+00:00,1.0285367965698242,1.0285367965698242,1.0211056470870972,1.0239472389221191,1.0239472389221191,0,CORE23254-USD
3362,2024-08-13 16:00:00+00:00,1.0238016843795776,1.0477734804153442,1.0238016843795776,1.0477734804153442,1.0477734804153442,51220,CORE23254-USD
3363,2024-08-13 17:00:00+00:00,1.0479059219360352,1.0491485595703125,1.0396620035171509,1.0428519248962402,1.0428519248962402,342256,CORE23254-USD
3364,2024-08-13 18:00:00+00:00,1.0416259765625,1.0416259765625,1.034759521484375,1.0366718769073486,1.0366718769073486,0,CORE23254-USD
3365,2024-08-13 19:00:00+00:00,1.0360429286956787,1.0360429286956787,1.027043104171753,1.034220814704895,1.034220814704895,0,CORE23254-USD
3366,2024-08-13 20:00:00+00:00,1.0351927280426025,1.0353084802627563,1.030025601387024,1.0339879989624023,1.0339879989624023,0,CORE23254-USD
3367,2024-08-13 21:00:00+00:00,1.0345511436462402,1.0412334203720093,1.0330482721328735,1.0399116277694702,1.0399116277694702,0,CORE23254-USD
3368,2024-08-13 22:00:00+00:00,1.0418871641159058,1.0418871641159058,1.0367618799209595,1.0367618799209595,1.0367618799209595,4252,CORE23254-USD
3369,2024-08-13 23:00:00+00:00,1.0370738506317139,1.0378034114837646,1.0335087776184082,1.0358535051345825,1.0358535051345825,0,CORE23254-USD
3370,2024-08-14 00:00:00+00:00,1.0345032215118408,1.0366965532302856,1.0320889949798584,1.0366965532302856,1.0366965532302856,0,CORE23254-USD
3371,2024-08-14 01:00:00+00:00,1.0367522239685059,1.0367522239685059,1.026628017425537,1.028831958770752,1.028831958770752,0,CORE23254-USD
3372,2024-08-14 02:00:00+00:00,1.027096152305603,1.0336904525756836,1.0255686044692993,1.0336904525756836,1.0336904525756836,224584,CORE23254-USD
3373,2024-08-14 03:00:00+00:00,1.032612681388855,1.0345745086669922,1.031002402305603,1.032612919807434,1.032612919807434,0,CORE23254-USD
3374,2024-08-14 04:00:00+00:00,1.0306028127670288,1.0328209400177002,1.0304007530212402,1.0307466983795166,1.0307466983795166,0,CORE23254-USD
3375,2024-08-14 05:00:00+00:00,1.03025484085083,1.0336443185806274,1.028388261795044,1.028388261795044,1.028388261795044,0,CORE23254-USD
3376,2024-08-14 06:00:00+00:00,1.0282599925994873,1.032028079032898,1.0265247821807861,1.0304555892944336,1.0304555892944336,0,CORE23254-USD
3377,2024-08-14 07:00:00+00:00,1.029205083847046,1.0294373035430908,1.027112364768982,1.0294373035430908,1.0294373035430908,0,CORE23254-USD
3378,2024-08-14 08:00:00+00:00,1.0306118726730347,1.03087317943573,1.026721715927124,1.0300675630569458,1.0300675630569458,0,CORE23254-USD
3379,2024-08-14 09:00:00+00:00,1.0299632549285889,1.0318166017532349,1.0280039310455322,1.0312631130218506,1.0312631130218506,115292,CORE23254-USD
3380,2024-08-14 10:00:00+00:00,1.0315440893173218,1.0404417514801025,1.0315440893173218,1.0369919538497925,1.0369919538497925,37416,CORE23254-USD
3381,2024-08-14 11:00:00+00:00,1.0354571342468262,1.0389460325241089,1.0330712795257568,1.035569667816162,1.035569667816162,539976,CORE23254-USD
3382,2024-08-14 12:00:00+00:00,1.0349457263946533,1.0398715734481812,1.032841682434082,1.0337035655975342,1.0337035655975342,955816,CORE23254-USD
3383,2024-08-14 13:00:00+00:00,1.034797191619873,1.034797191619873,1.0096209049224854,1.0096209049224854,1.0096209049224854,697400,CORE23254-USD
3384,2024-08-14 14:00:00+00:00,1.007379412651062,1.0144768953323364,1.0019932985305786,1.0144768953323364,1.0144768953323364,1625920,CORE23254-USD
3385,2024-08-14 15:00:00+00:00,1.0129377841949463,1.019733190536499,1.0097999572753906,1.0187517404556274,1.0187517404556274,684252,CORE23254-USD
3386,2024-08-14 16:00:00+00:00,1.0160622596740723,1.0181639194488525,1.0094633102416992,1.0138524770736694,1.0138524770736694,0,CORE23254-USD
3387,2024-08-14 17:00:00+00:00,1.0122367143630981,1.0146303176879883,1.0122367143630981,1.0140498876571655,1.0140498876571655,0,CORE23254-USD
3388,2024-08-14 18:00:00+00:00,1.0142689943313599,1.018350601196289,1.013018012046814,1.0155987739562988,1.0155987739562988,66760,CORE23254-USD
3389,2024-08-14 19:00:00+00:00,1.0154523849487305,1.016592264175415,1.0124071836471558,1.0161287784576416,1.0161287784576416,0,CORE23254-USD
3390,2024-08-14 20:00:00+00:00,1.0153354406356812,1.0198054313659668,1.0153354406356812,1.0198054313659668,1.0198054313659668,205320,CORE23254-USD
3391,2024-08-14 21:00:00+00:00,1.0197230577468872,1.0625715255737305,1.0197230577468872,1.0625715255737305,1.0625715255737305,2247504,CORE23254-USD
3392,2024-08-14 22:00:00+00:00,1.0528960227966309,1.0688995122909546,1.0421761274337769,1.0421761274337769,1.0421761274337769,3215536,CORE23254-USD
3393,2024-08-14 23:00:00+00:00,1.0449734926223755,1.0548057556152344,1.0343756675720215,1.0343756675720215,1.0343756675720215,1286204,CORE23254-USD
3394,2024-08-15 00:00:00+00:00,1.0373971462249756,1.040724515914917,1.0351786613464355,1.0369130373001099,1.0369130373001099,360072,CORE23254-USD
3395,2024-08-15 01:00:00+00:00,1.0269567966461182,1.0336287021636963,1.0269567966461182,1.0271440744400024,1.0271440744400024,307408,CORE23254-USD
3396,2024-08-15 02:00:00+00:00,1.0239522457122803,1.0306743383407593,1.023836612701416,1.027764916419983,1.027764916419983,80172,CORE23254-USD
3397,2024-08-15 03:00:00+00:00,1.0272260904312134,1.0315507650375366,1.0272260904312134,1.0315507650375366,1.0315507650375366,400448,CORE23254-USD
3398,2024-08-15 04:00:00+00:00,1.031263828277588,1.0336761474609375,1.026362419128418,1.0264142751693726,1.0264142751693726,0,CORE23254-USD
3399,2024-08-15 05:00:00+00:00,1.0273154973983765,1.0273154973983765,1.017362117767334,1.0175416469573975,1.0175416469573975,594800,CORE23254-USD
3400,2024-08-15 06:00:00+00:00,1.015164852142334,1.0202996730804443,1.012642502784729,1.013862133026123,1.013862133026123,365588,CORE23254-USD
3401,2024-08-15 07:00:00+00:00,1.0145127773284912,1.0264467000961304,1.0145127773284912,1.0218238830566406,1.0218238830566406,1063504,CORE23254-USD
3402,2024-08-15 08:00:00+00:00,1.020544171333313,1.020544171333313,1.0139620304107666,1.0179003477096558,1.0179003477096558,253600,CORE23254-USD
3403,2024-08-15 09:00:00+00:00,1.0198460817337036,1.0207449197769165,1.0161198377609253,1.0161198377609253,1.0161198377609253,0,CORE23254-USD
3404,2024-08-15 10:00:00+00:00,1.0160014629364014,1.017072319984436,1.0137840509414673,1.0154320001602173,1.0154320001602173,0,CORE23254-USD
3405,2024-08-15 11:00:00+00:00,1.0157392024993896,1.0204589366912842,1.0157392024993896,1.0187492370605469,1.0187492370605469,0,CORE23254-USD
3406,2024-08-15 12:00:00+00:00,1.0202594995498657,1.0270675420761108,1.018900990486145,1.0221495628356934,1.0221495628356934,0,CORE23254-USD
3407,2024-08-15 13:00:00+00:00,1.0176477432250977,1.0288383960723877,1.0176477432250977,1.0288383960723877,1.0288383960723877,0,CORE23254-USD
3408,2024-08-15 14:00:00+00:00,1.0305546522140503,1.03072988986969,1.0266910791397095,1.0275520086288452,1.0275520086288452,0,CORE23254-USD
3409,2024-08-15 15:00:00+00:00,1.0270572900772095,1.0309263467788696,1.0244513750076294,1.0299869775772095,1.0299869775772095,0,CORE23254-USD
3410,2024-08-15 16:00:00+00:00,1.0286118984222412,1.0313918590545654,1.0224347114562988,1.0231038331985474,1.0231038331985474,0,CORE23254-USD
3411,2024-08-15 17:00:00+00:00,1.023672103881836,1.023672103881836,1.0130316019058228,1.0130316019058228,1.0130316019058228,256660,CORE23254-USD
3412,2024-08-15 18:00:00+00:00,0.9994427561759949,0.9994427561759949,0.9824665188789368,0.9920231699943542,0.9920231699943542,2427404,CORE23254-USD
3413,2024-08-15 19:00:00+00:00,0.9945738315582275,0.995559573173523,0.988911509513855,0.9917816519737244,0.9917816519737244,1397120,CORE23254-USD
3414,2024-08-15 20:00:00+00:00,0.9902929663658142,0.9922014474868774,0.986706554889679,0.9877236485481262,0.9877236485481262,271704,CORE23254-USD
3415,2024-08-15 21:00:00+00:00,0.9935759902000427,0.9940723776817322,0.9870846271514893,0.9899925589561462,0.9899925589561462,0,CORE23254-USD
3416,2024-08-15 22:00:00+00:00,0.9925404787063599,0.9985238909721375,0.9902545213699341,0.994757890701294,0.994757890701294,0,CORE23254-USD
3417,2024-08-15 23:00:00+00:00,0.9955988526344299,0.9993035197257996,0.995165228843689,0.9973132014274597,0.9973132014274597,0,CORE23254-USD
3418,2024-08-16 00:00:00+00:00,0.9954543113708496,0.9983050227165222,0.9944908022880554,0.9957510232925415,0.9957510232925415,0,CORE23254-USD
3419,2024-08-16 01:00:00+00:00,0.9957538843154907,0.9970139265060425,0.9902036190032959,0.9918697476387024,0.9918697476387024,0,CORE23254-USD
3420,2024-08-16 02:00:00+00:00,0.9927303791046143,1.004719614982605,0.9908099174499512,0.998796284198761,0.998796284198761,490268,CORE23254-USD
3421,2024-08-16 03:00:00+00:00,0.998915433883667,0.9994844794273376,0.9948245286941528,0.9952524900436401,0.9952524900436401,82568,CORE23254-USD
3422,2024-08-16 04:00:00+00:00,0.995048463344574,1.0005956888198853,0.995048463344574,1.0004831552505493,1.0004831552505493,0,CORE23254-USD
3423,2024-08-16 05:00:00+00:00,1.0010607242584229,1.0012239217758179,0.9993075132369995,1.0012239217758179,1.0012239217758179,0,CORE23254-USD
3424,2024-08-16 06:00:00+00:00,1.0007548332214355,1.0070253610610962,1.0007548332214355,1.00674569606781,1.00674569606781,0,CORE23254-USD
3425,2024-08-16 07:00:00+00:00,1.0051676034927368,1.0056514739990234,1.0033661127090454,1.0037449598312378,1.0037449598312378,0,CORE23254-USD
3426,2024-08-16 08:00:00+00:00,1.0052205324172974,1.005387544631958,1.0015126466751099,1.0015126466751099,1.0015126466751099,0,CORE23254-USD
3427,2024-08-16 09:00:00+00:00,1.0008373260498047,1.0028027296066284,0.9998316764831543,1.0016714334487915,1.0016714334487915,0,CORE23254-USD
3428,2024-08-16 10:00:00+00:00,1.0016051530838013,1.0016051530838013,0.9988948106765747,1.0003893375396729,1.0003893375396729,0,CORE23254-USD
3429,2024-08-16 11:00:00+00:00,1.0000125169754028,1.000645399093628,0.9945515990257263,0.9945515990257263,0.9945515990257263,0,CORE23254-USD
3430,2024-08-16 12:00:00+00:00,0.995785653591156,0.9958152174949646,0.978150486946106,0.982086181640625,0.982086181640625,238800,CORE23254-USD
3431,2024-08-16 13:00:00+00:00,0.9823128581047058,0.995418906211853,0.9823128581047058,0.986884355545044,0.986884355545044,597796,CORE23254-USD
3432,2024-08-16 14:00:00+00:00,0.990775465965271,0.990775465965271,0.9794506430625916,0.9794506430625916,0.9794506430625916,340256,CORE23254-USD
3433,2024-08-16 15:00:00+00:00,0.9806904792785645,0.9845467209815979,0.971762478351593,0.9736757874488831,0.9736757874488831,113324,CORE23254-USD
3434,2024-08-16 16:00:00+00:00,0.9780778884887695,0.9882791638374329,0.9749000668525696,0.984403133392334,0.984403133392334,270012,CORE23254-USD
3435,2024-08-16 17:00:00+00:00,0.9830490946769714,0.9868893623352051,0.9748836159706116,0.9868893623352051,0.9868893623352051,0,CORE23254-USD
3436,2024-08-16 18:00:00+00:00,0.991373598575592,0.9944362640380859,0.9902480840682983,0.9937435388565063,0.9937435388565063,0,CORE23254-USD
3437,2024-08-16 19:00:00+00:00,0.9936652183532715,0.9959583878517151,0.9923108220100403,0.995464563369751,0.995464563369751,0,CORE23254-USD
3438,2024-08-16 20:00:00+00:00,0.9963939189910889,1.0000969171524048,0.9963216185569763,0.9969622492790222,0.9969622492790222,0,CORE23254-USD
3439,2024-08-16 21:00:00+00:00,0.9965061545372009,0.9992284178733826,0.9957141876220703,0.9969660639762878,0.9969660639762878,0,CORE23254-USD
3440,2024-08-16 22:00:00+00:00,0.9966021776199341,0.9972962737083435,0.9960438013076782,0.9960438013076782,0.9960438013076782,0,CORE23254-USD
3441,2024-08-16 23:00:00+00:00,0.9970937967300415,0.9970937967300415,0.9933287501335144,0.9945487380027771,0.9945487380027771,4328,CORE23254-USD
3442,2024-08-17 00:00:00+00:00,0.9927626848220825,0.9959831237792969,0.9918443560600281,0.9959831237792969,0.9959831237792969,0,CORE23254-USD
3443,2024-08-17 01:00:00+00:00,0.9951590299606323,0.9990648031234741,0.9951590299606323,0.9971384406089783,0.9971384406089783,0,CORE23254-USD
3444,2024-08-17 02:00:00+00:00,0.9968558549880981,1.0001825094223022,0.9968558549880981,0.9974245429039001,0.9974245429039001,0,CORE23254-USD
3445,2024-08-17 03:00:00+00:00,0.9971049427986145,0.998201310634613,0.9935986399650574,0.9968286752700806,0.9968286752700806,0,CORE23254-USD
3446,2024-08-17 04:00:00+00:00,0.9970797300338745,0.9994890093803406,0.9966884255409241,0.9983975291252136,0.9983975291252136,0,CORE23254-USD
3447,2024-08-17 05:00:00+00:00,0.9983355402946472,1.0004979372024536,0.9977869987487793,0.9997263550758362,0.9997263550758362,0,CORE23254-USD
3448,2024-08-17 06:00:00+00:00,0.9993167519569397,0.9996844530105591,0.9980660676956177,0.9991321563720703,0.9991321563720703,0,CORE23254-USD
3449,2024-08-17 07:00:00+00:00,1.000001072883606,1.0005789995193481,0.997641384601593,1.0005789995193481,1.0005789995193481,0,CORE23254-USD
3450,2024-08-17 08:00:00+00:00,1.0014774799346924,1.0014774799346924,0.996856153011322,1.0000126361846924,1.0000126361846924,0,CORE23254-USD
3451,2024-08-17 09:00:00+00:00,0.9998687505722046,1.0020930767059326,0.9988850951194763,0.9991294145584106,0.9991294145584106,0,CORE23254-USD
3452,2024-08-17 10:00:00+00:00,0.9997595548629761,0.9997595548629761,0.995936393737793,0.995936393737793,0.995936393737793,0,CORE23254-USD
3453,2024-08-17 11:00:00+00:00,0.9945195317268372,0.9970581531524658,0.9945195317268372,0.995793879032135,0.995793879032135,0,CORE23254-USD
3454,2024-08-17 12:00:00+00:00,0.9962856769561768,1.0014066696166992,0.9960599541664124,1.0006636381149292,1.0006636381149292,0,CORE23254-USD
3455,2024-08-17 13:00:00+00:00,1.0005223751068115,1.0043219327926636,1.0001317262649536,1.0014609098434448,1.0014609098434448,0,CORE23254-USD
3456,2024-08-17 14:00:00+00:00,1.0023375749588013,1.0039697885513306,0.9996312260627747,1.0039697885513306,1.0039697885513306,0,CORE23254-USD
3457,2024-08-17 15:00:00+00:00,1.0051078796386719,1.00641930103302,1.003414511680603,1.004447102546692,1.004447102546692,0,CORE23254-USD
3458,2024-08-17 16:00:00+00:00,1.0036894083023071,1.0094256401062012,1.0036894083023071,1.0074948072433472,1.0074948072433472,0,CORE23254-USD
3459,2024-08-17 17:00:00+00:00,1.009495735168457,1.0098508596420288,1.0066183805465698,1.0066183805465698,1.0066183805465698,0,CORE23254-USD
3460,2024-08-17 18:00:00+00:00,1.0065101385116577,1.0065101385116577,1.0023216009140015,1.0033761262893677,1.0033761262893677,0,CORE23254-USD
3461,2024-08-17 19:00:00+00:00,1.0031723976135254,1.0044057369232178,1.0028165578842163,1.0038976669311523,1.0038976669311523,0,CORE23254-USD
3462,2024-08-17 20:00:00+00:00,1.0046790838241577,1.0049817562103271,1.0037397146224976,1.004356026649475,1.004356026649475,0,CORE23254-USD
3463,2024-08-17 21:00:00+00:00,1.005601167678833,1.0070408582687378,1.0045249462127686,1.0070408582687378,1.0070408582687378,0,CORE23254-USD
3464,2024-08-17 22:00:00+00:00,1.00808846950531,1.0099213123321533,1.0054702758789062,1.0054702758789062,1.0054702758789062,164852,CORE23254-USD
3465,2024-08-17 23:00:00+00:00,1.005950689315796,1.0083444118499756,1.0055493116378784,1.0083444118499756,1.0083444118499756,0,CORE23254-USD
3466,2024-08-18 00:00:00+00:00,1.0083026885986328,1.0110236406326294,1.007456660270691,1.0110236406326294,1.0110236406326294,209772,CORE23254-USD
3467,2024-08-18 01:00:00+00:00,1.010764241218567,1.010764241218567,1.005468726158142,1.005600929260254,1.005600929260254,0,CORE23254-USD
3468,2024-08-18 02:00:00+00:00,1.0061845779418945,1.0102938413619995,1.0043823719024658,1.008839726448059,1.008839726448059,0,CORE23254-USD
3469,2024-08-18 03:00:00+00:00,1.0111192464828491,1.0111192464828491,1.0061054229736328,1.0061054229736328,1.0061054229736328,264188,CORE23254-USD
3470,2024-08-18 04:00:00+00:00,1.0057406425476074,1.0057406425476074,1.000884771347046,1.004120111465454,1.004120111465454,208480,CORE23254-USD
3471,2024-08-18 05:00:00+00:00,1.0043933391571045,1.0069574117660522,1.004215121269226,1.0057817697525024,1.0057817697525024,0,CORE23254-USD
3472,2024-08-18 06:00:00+00:00,1.0049829483032227,1.0084083080291748,1.0049829483032227,1.007837176322937,1.007837176322937,249676,CORE23254-USD
3473,2024-08-18 07:00:00+00:00,1.007347822189331,1.007347822189331,1.0055476427078247,1.0055476427078247,1.0055476427078247,0,CORE23254-USD
3474,2024-08-18 08:00:00+00:00,1.00564706325531,1.0081700086593628,1.0056072473526,1.0076147317886353,1.0076147317886353,0,CORE23254-USD
3475,2024-08-18 09:00:00+00:00,1.0072985887527466,1.011897087097168,1.0072985887527466,1.011897087097168,1.011897087097168,0,CORE23254-USD
3476,2024-08-18 10:00:00+00:00,1.0122125148773193,1.0161786079406738,1.0122125148773193,1.0140724182128906,1.0140724182128906,635552,CORE23254-USD
3477,2024-08-18 11:00:00+00:00,1.014337182044983,1.0156497955322266,1.0134992599487305,1.015289545059204,1.015289545059204,109716,CORE23254-USD
3478,2024-08-18 12:00:00+00:00,1.0159575939178467,1.0203166007995605,1.0145161151885986,1.0170986652374268,1.0170986652374268,306160,CORE23254-USD
3479,2024-08-18 13:00:00+00:00,1.0179942846298218,1.0218456983566284,1.0179942846298218,1.0181035995483398,1.0181035995483398,0,CORE23254-USD
3480,2024-08-18 14:00:00+00:00,1.0164501667022705,1.020466685295105,1.0164501667022705,1.0191980600357056,1.0191980600357056,126428,CORE23254-USD
3481,2024-08-18 15:00:00+00:00,1.0189939737319946,1.0224173069000244,1.0171780586242676,1.0218840837478638,1.0218840837478638,0,CORE23254-USD
3482,2024-08-18 16:00:00+00:00,1.0221480131149292,1.024930477142334,1.0214895009994507,1.0214895009994507,1.0214895009994507,0,CORE23254-USD
3483,2024-08-18 17:00:00+00:00,1.0220297574996948,1.0220297574996948,1.015262246131897,1.0156688690185547,1.0156688690185547,527480,CORE23254-USD
3484,2024-08-18 18:00:00+00:00,1.0168417692184448,1.0192272663116455,1.016381025314331,1.0177249908447266,1.0177249908447266,1188,CORE23254-USD
3485,2024-08-18 19:00:00+00:00,1.0186527967453003,1.0204339027404785,1.0180084705352783,1.0200453996658325,1.0200453996658325,13904,CORE23254-USD
3486,2024-08-18 20:00:00+00:00,1.0215402841567993,1.0228147506713867,1.020585060119629,1.021939754486084,1.021939754486084,320216,CORE23254-USD
3487,2024-08-18 21:00:00+00:00,1.022312045097351,1.022312045097351,1.0179052352905273,1.0179052352905273,1.0179052352905273,0,CORE23254-USD
3488,2024-08-18 22:00:00+00:00,1.019120216369629,1.0246611833572388,1.019120216369629,1.019983172416687,1.019983172416687,121004,CORE23254-USD
3489,2024-08-18 23:00:00+00:00,1.0201765298843384,1.0201765298843384,1.0075527429580688,1.0075527429580688,1.0075527429580688,750484,CORE23254-USD
3490,2024-08-19 00:00:00+00:00,1.0072871446609497,1.0096181631088257,1.0055475234985352,1.007433533668518,1.007433533668518,691676,CORE23254-USD
3491,2024-08-19 01:00:00+00:00,1.0058374404907227,1.013107419013977,1.0058374404907227,1.0092297792434692,1.0092297792434692,605696,CORE23254-USD
3492,2024-08-19 02:00:00+00:00,1.009629726409912,1.0134223699569702,1.0075570344924927,1.0132720470428467,1.0132720470428467,427936,CORE23254-USD
3493,2024-08-19 03:00:00+00:00,1.0132414102554321,1.0136650800704956,1.0110299587249756,1.0129905939102173,1.0129905939102173,0,CORE23254-USD
3494,2024-08-19 04:00:00+00:00,1.0126302242279053,1.0131102800369263,1.0106923580169678,1.0117367506027222,1.0117367506027222,0,CORE23254-USD
3495,2024-08-19 05:00:00+00:00,1.0118463039398193,1.0118463039398193,1.0090901851654053,1.0092334747314453,1.0092334747314453,236888,CORE23254-USD
3496,2024-08-19 06:00:00+00:00,1.010025978088379,1.012282133102417,1.0072765350341797,1.012282133102417,1.012282133102417,366664,CORE23254-USD
3497,2024-08-19 07:00:00+00:00,1.0119010210037231,1.0136889219284058,1.009621024131775,1.0113149881362915,1.0113149881362915,362968,CORE23254-USD
3498,2024-08-19 08:00:00+00:00,1.0109440088272095,1.014446496963501,1.0109440088272095,1.0143364667892456,1.0143364667892456,424576,CORE23254-USD
3499,2024-08-19 09:00:00+00:00,1.0151182413101196,1.0182065963745117,1.0102753639221191,1.0102753639221191,1.0102753639221191,302508,CORE23254-USD
3500,2024-08-19 10:00:00+00:00,1.0085456371307373,1.012007236480713,1.0063097476959229,1.0095561742782593,1.0095561742782593,151312,CORE23254-USD
3501,2024-08-19 11:00:00+00:00,1.0091975927352905,1.0177733898162842,1.0091975927352905,1.0177733898162842,1.0177733898162842,210880,CORE23254-USD
3502,2024-08-19 12:00:00+00:00,1.0193164348602295,1.0193164348602295,1.0153272151947021,1.0168462991714478,1.0168462991714478,181816,CORE23254-USD
3503,2024-08-19 13:00:00+00:00,1.028135895729065,1.028135895729065,1.0139102935791016,1.0139102935791016,1.0139102935791016,3188296,CORE23254-USD
3504,2024-08-19 14:00:00+00:00,1.0118759870529175,1.0142502784729004,1.0099475383758545,1.0139967203140259,1.0139967203140259,550956,CORE23254-USD
3505,2024-08-19 15:00:00+00:00,1.0139050483703613,1.0145838260650635,1.012312650680542,1.012312650680542,1.012312650680542,106508,CORE23254-USD
3506,2024-08-19 16:00:00+00:00,1.011888027191162,1.0128523111343384,1.0055745840072632,1.0089404582977295,1.0089404582977295,0,CORE23254-USD
3507,2024-08-19 17:00:00+00:00,1.0099397897720337,1.0200574398040771,1.0090116262435913,1.014200210571289,1.014200210571289,0,CORE23254-USD
3508,2024-08-19 18:00:00+00:00,1.0127443075180054,1.0136218070983887,1.0094876289367676,1.011238932609558,1.011238932609558,152632,CORE23254-USD
3509,2024-08-19 19:00:00+00:00,1.0120220184326172,1.0135418176651,1.009904384613037,1.0113765001296997,1.0113765001296997,187256,CORE23254-USD
3510,2024-08-19 20:00:00+00:00,1.0115827322006226,1.017863392829895,1.0115827322006226,1.0146456956863403,1.0146456956863403,426996,CORE23254-USD
3511,2024-08-19 21:00:00+00:00,1.013709545135498,1.0172204971313477,1.0129258632659912,1.0147647857666016,1.0147647857666016,154944,CORE23254-USD
3512,2024-08-19 22:00:00+00:00,1.014515995979309,1.0174732208251953,1.0138795375823975,1.0166914463043213,1.0166914463043213,0,CORE23254-USD
3513,2024-08-19 23:00:00+00:00,1.0162070989608765,1.0195285081863403,1.0155071020126343,1.0195285081863403,1.0195285081863403,0,CORE23254-USD
3514,2024-08-20 00:00:00+00:00,1.0190337896347046,1.029795527458191,1.016849398612976,1.026876449584961,1.026876449584961,139104,CORE23254-USD
3515,2024-08-20 01:00:00+00:00,1.0270906686782837,1.0308892726898193,1.0266752243041992,1.0266999006271362,1.0266999006271362,29020,CORE23254-USD
3516,2024-08-20 02:00:00+00:00,1.0274145603179932,1.0274145603179932,1.0245825052261353,1.0265114307403564,1.0265114307403564,0,CORE23254-USD
3517,2024-08-20 03:00:00+00:00,1.0265192985534668,1.0275555849075317,1.0240675210952759,1.0266730785369873,1.0266730785369873,0,CORE23254-USD
3518,2024-08-20 04:00:00+00:00,1.0276861190795898,1.029708743095398,1.0276861190795898,1.029313564300537,1.029313564300537,67424,CORE23254-USD
3519,2024-08-20 05:00:00+00:00,1.0300713777542114,1.0361757278442383,1.0300713777542114,1.035841703414917,1.035841703414917,605008,CORE23254-USD
3520,2024-08-20 06:00:00+00:00,1.036042332649231,1.036042332649231,1.0327874422073364,1.0332375764846802,1.0332375764846802,0,CORE23254-USD
3521,2024-08-20 07:00:00+00:00,1.0338215827941895,1.0355156660079956,1.0313576459884644,1.0352742671966553,1.0352742671966553,199144,CORE23254-USD
3522,2024-08-20 08:00:00+00:00,1.0357000827789307,1.0357000827789307,1.030691385269165,1.0308631658554077,1.0308631658554077,0,CORE23254-USD
3523,2024-08-20 09:00:00+00:00,1.0315693616867065,1.0340629816055298,1.0315693616867065,1.0336250066757202,1.0336250066757202,0,CORE23254-USD
3524,2024-08-20 10:00:00+00:00,1.0346183776855469,1.0361565351486206,1.033399224281311,1.0345995426177979,1.0345995426177979,0,CORE23254-USD
3525,2024-08-20 11:00:00+00:00,1.0348625183105469,1.0348625183105469,1.0302789211273193,1.0307821035385132,1.0307821035385132,0,CORE23254-USD
3526,2024-08-20 12:00:00+00:00,1.0315216779708862,1.0329585075378418,1.030747652053833,1.0308659076690674,1.0308659076690674,0,CORE23254-USD
3527,2024-08-20 13:00:00+00:00,1.0293035507202148,1.0315240621566772,1.0265744924545288,1.0315240621566772,1.0315240621566772,0,CORE23254-USD
3528,2024-08-20 14:00:00+00:00,1.0316351652145386,1.0316351652145386,1.0169000625610352,1.0172423124313354,1.0172423124313354,0,CORE23254-USD
3529,2024-08-20 15:00:00+00:00,1.0138834714889526,1.0156751871109009,1.0072824954986572,1.013434886932373,1.013434886932373,827192,CORE23254-USD
3530,2024-08-20 16:00:00+00:00,1.012590765953064,1.0178152322769165,1.0120996236801147,1.014855146408081,1.014855146408081,147520,CORE23254-USD
3531,2024-08-20 17:00:00+00:00,1.0157551765441895,1.017452359199524,1.0144835710525513,1.017452359199524,1.017452359199524,0,CORE23254-USD
3532,2024-08-20 18:00:00+00:00,1.018236517906189,1.0217039585113525,1.018236517906189,1.020318865776062,1.020318865776062,0,CORE23254-USD
3533,2024-08-20 19:00:00+00:00,1.0194425582885742,1.022928237915039,1.0194425582885742,1.0225647687911987,1.0225647687911987,13708,CORE23254-USD
3534,2024-08-20 20:00:00+00:00,1.022148847579956,1.0245898962020874,1.02110755443573,1.0212494134902954,1.0212494134902954,0,CORE23254-USD
3535,2024-08-20 21:00:00+00:00,1.0205230712890625,1.0218079090118408,1.0173245668411255,1.0218079090118408,1.0218079090118408,128984,CORE23254-USD
3536,2024-08-20 22:00:00+00:00,1.0191177129745483,1.023622989654541,1.0191177129745483,1.021693468093872,1.021693468093872,139108,CORE23254-USD
3537,2024-08-20 23:00:00+00:00,1.0221213102340698,1.0221213102340698,1.01934015750885,1.020097255706787,1.020097255706787,0,CORE23254-USD
3538,2024-08-21 00:00:00+00:00,1.019262433052063,1.0214934349060059,1.0184481143951416,1.0184481143951416,1.0184481143951416,0,CORE23254-USD
3539,2024-08-21 01:00:00+00:00,1.0168019533157349,1.0181535482406616,1.0144816637039185,1.0181535482406616,1.0181535482406616,0,CORE23254-USD
3540,2024-08-21 02:00:00+00:00,1.0181987285614014,1.0215129852294922,1.0181987285614014,1.0206166505813599,1.0206166505813599,0,CORE23254-USD
3541,2024-08-21 03:00:00+00:00,1.0201653242111206,1.0213185548782349,1.018893837928772,1.018893837928772,1.018893837928772,110380,CORE23254-USD
3542,2024-08-21 04:00:00+00:00,1.0189833641052246,1.0210932493209839,1.0180774927139282,1.0210909843444824,1.0210909843444824,0,CORE23254-USD
3543,2024-08-21 05:00:00+00:00,1.0217180252075195,1.022066593170166,1.0207767486572266,1.0220229625701904,1.0220229625701904,0,CORE23254-USD
3544,2024-08-21 06:00:00+00:00,1.0217899084091187,1.0239423513412476,1.0217899084091187,1.022483229637146,1.022483229637146,0,CORE23254-USD
3545,2024-08-21 07:00:00+00:00,1.0228062868118286,1.0248615741729736,1.0226924419403076,1.0237178802490234,1.0237178802490234,0,CORE23254-USD
3546,2024-08-21 08:00:00+00:00,1.0241509675979614,1.0248055458068848,1.0201358795166016,1.0207607746124268,1.0207607746124268,134324,CORE23254-USD
3547,2024-08-21 09:00:00+00:00,1.0201761722564697,1.0201761722564697,1.016074538230896,1.0177948474884033,1.0177948474884033,51968,CORE23254-USD
3548,2024-08-21 10:00:00+00:00,1.017746090888977,1.01994788646698,1.017209529876709,1.01994788646698,1.01994788646698,0,CORE23254-USD
3549,2024-08-21 11:00:00+00:00,1.0206241607666016,1.0206241607666016,1.018528938293457,1.0196294784545898,1.0196294784545898,0,CORE23254-USD
3550,2024-08-21 12:00:00+00:00,1.0194940567016602,1.020975947380066,1.0167298316955566,1.0191047191619873,1.0191047191619873,164928,CORE23254-USD
3551,2024-08-21 13:00:00+00:00,1.019758701324463,1.0208746194839478,1.0103983879089355,1.0140337944030762,1.0140337944030762,52368,CORE23254-USD
3552,2024-08-21 14:00:00+00:00,1.0222957134246826,1.0258907079696655,1.0166558027267456,1.0218288898468018,1.0218288898468018,536532,CORE23254-USD
3553,2024-08-21 15:00:00+00:00,1.019457459449768,1.0236320495605469,1.0189282894134521,1.0221961736679077,1.0221961736679077,0,CORE23254-USD
3554,2024-08-21 16:00:00+00:00,1.0211713314056396,1.0261287689208984,1.0210120677947998,1.0261287689208984,1.0261287689208984,0,CORE23254-USD
3555,2024-08-21 17:00:00+00:00,1.0258240699768066,1.030673861503601,1.0247865915298462,1.0297679901123047,1.0297679901123047,187732,CORE23254-USD
3556,2024-08-21 18:00:00+00:00,1.0307307243347168,1.0366489887237549,1.0304384231567383,1.0366489887237549,1.0366489887237549,457892,CORE23254-USD
3557,2024-08-21 19:00:00+00:00,1.0383052825927734,1.0397263765335083,1.0356501340866089,1.0397263765335083,1.0397263765335083,584244,CORE23254-USD
3558,2024-08-21 20:00:00+00:00,1.0425941944122314,1.0469859838485718,1.0395954847335815,1.0395954847335815,1.0395954847335815,831168,CORE23254-USD
3559,2024-08-21 21:00:00+00:00,1.0419663190841675,1.0445927381515503,1.0391932725906372,1.0445927381515503,1.0445927381515503,76916,CORE23254-USD
3560,2024-08-21 22:00:00+00:00,1.0444085597991943,1.0448421239852905,1.0417938232421875,1.0445277690887451,1.0445277690887451,125872,CORE23254-USD
3561,2024-08-21 23:00:00+00:00,1.043054223060608,1.0439647436141968,1.039292812347412,1.041490077972412,1.041490077972412,392164,CORE23254-USD
3562,2024-08-22 00:00:00+00:00,1.0417832136154175,1.0446888208389282,1.0415356159210205,1.0439016819000244,1.0439016819000244,222784,CORE23254-USD
3563,2024-08-22 01:00:00+00:00,1.041192650794983,1.0439115762710571,1.041192650794983,1.0430163145065308,1.0430163145065308,0,CORE23254-USD
3564,2024-08-22 02:00:00+00:00,1.0433681011199951,1.0433681011199951,1.0331847667694092,1.0331847667694092,1.0331847667694092,346560,CORE23254-USD
3565,2024-08-22 03:00:00+00:00,1.035611629486084,1.0421093702316284,1.035611629486084,1.0421093702316284,1.0421093702316284,330284,CORE23254-USD
3566,2024-08-22 04:00:00+00:00,1.0425050258636475,1.0438461303710938,1.041739821434021,1.0436652898788452,1.0436652898788452,233604,CORE23254-USD
3567,2024-08-22 05:00:00+00:00,1.0441986322402954,1.0441986322402954,1.040587067604065,1.0418634414672852,1.0418634414672852,135356,CORE23254-USD
3568,2024-08-22 06:00:00+00:00,1.0421230792999268,1.0443156957626343,1.0415058135986328,1.0428786277770996,1.0428786277770996,75556,CORE23254-USD
3569,2024-08-22 07:00:00+00:00,1.0430556535720825,1.0442131757736206,1.0427594184875488,1.0442131757736206,1.0442131757736206,286400,CORE23254-USD
3570,2024-08-22 08:00:00+00:00,1.04572594165802,1.0473453998565674,1.0436487197875977,1.044273853302002,1.044273853302002,289776,CORE23254-USD
3571,2024-08-22 09:00:00+00:00,1.0444526672363281,1.0454360246658325,1.041917324066162,1.043914794921875,1.043914794921875,0,CORE23254-USD
3572,2024-08-22 10:00:00+00:00,1.0430115461349487,1.0521810054779053,1.0430115461349487,1.0521810054779053,1.0521810054779053,689980,CORE23254-USD
3573,2024-08-22 11:00:00+00:00,1.0519130229949951,1.0519130229949951,1.0481319427490234,1.0495134592056274,1.0495134592056274,303508,CORE23254-USD
3574,2024-08-22 12:00:00+00:00,1.0503851175308228,1.0503851175308228,1.0442454814910889,1.0454257726669312,1.0454257726669312,247312,CORE23254-USD
3575,2024-08-22 13:00:00+00:00,1.045594573020935,1.04730224609375,1.042458176612854,1.0461714267730713,1.0461714267730713,0,CORE23254-USD
3576,2024-08-22 14:00:00+00:00,1.0462065935134888,1.0462065935134888,1.0422968864440918,1.0429190397262573,1.0429190397262573,0,CORE23254-USD
3577,2024-08-22 15:00:00+00:00,1.0442782640457153,1.0477532148361206,1.0405147075653076,1.040835976600647,1.040835976600647,86764,CORE23254-USD
3578,2024-08-22 16:00:00+00:00,1.0431385040283203,1.047308325767517,1.042001485824585,1.0455474853515625,1.0455474853515625,300756,CORE23254-USD
3579,2024-08-22 17:00:00+00:00,1.0447044372558594,1.0462168455123901,1.042381763458252,1.042381763458252,1.042381763458252,0,CORE23254-USD
3580,2024-08-22 18:00:00+00:00,1.042231798171997,1.0462566614151,1.042231798171997,1.0442981719970703,1.0442981719970703,0,CORE23254-USD
3581,2024-08-22 19:00:00+00:00,1.0432016849517822,1.0440239906311035,1.041724681854248,1.0427656173706055,1.0427656173706055,0,CORE23254-USD
3582,2024-08-22 20:00:00+00:00,1.042871356010437,1.0458054542541504,1.042871356010437,1.0458054542541504,1.0458054542541504,0,CORE23254-USD
3583,2024-08-22 21:00:00+00:00,1.0465238094329834,1.0465238094329834,1.0455777645111084,1.0456693172454834,1.0456693172454834,0,CORE23254-USD
3584,2024-08-22 22:00:00+00:00,1.0459630489349365,1.0460659265518188,1.0447235107421875,1.0459572076797485,1.0459572076797485,0,CORE23254-USD
3585,2024-08-22 23:00:00+00:00,1.0464720726013184,1.0492826700210571,1.045181155204773,1.048779010772705,1.048779010772705,0,CORE23254-USD
3586,2024-08-23 00:00:00+00:00,1.0484881401062012,1.0596089363098145,1.0484881401062012,1.0591306686401367,1.0591306686401367,489920,CORE23254-USD
3587,2024-08-23 01:00:00+00:00,1.0598889589309692,1.0598889589309692,1.055696725845337,1.0584421157836914,1.0584421157836914,0,CORE23254-USD
3588,2024-08-23 02:00:00+00:00,1.057116985321045,1.0583298206329346,1.0548696517944336,1.0548696517944336,1.0548696517944336,0,CORE23254-USD
3589,2024-08-23 03:00:00+00:00,1.0538028478622437,1.057973861694336,1.0538028478622437,1.057973861694336,1.057973861694336,0,CORE23254-USD
3590,2024-08-23 04:00:00+00:00,1.058594822883606,1.0586186647415161,1.0560716390609741,1.0570167303085327,1.0570167303085327,0,CORE23254-USD
3591,2024-08-23 05:00:00+00:00,1.0571943521499634,1.0683491230010986,1.0571943521499634,1.0683491230010986,1.0683491230010986,315880,CORE23254-USD
3592,2024-08-23 06:00:00+00:00,1.0700541734695435,1.079819917678833,1.0700541734695435,1.079819917678833,1.079819917678833,461464,CORE23254-USD
3593,2024-08-23 07:00:00+00:00,1.080764889717102,1.1500948667526245,1.080764889717102,1.1500948667526245,1.1500948667526245,7335808,CORE23254-USD
3594,2024-08-23 08:00:00+00:00,1.1493803262710571,1.150780200958252,1.1400375366210938,1.150780200958252,1.150780200958252,2513692,CORE23254-USD
3595,2024-08-23 09:00:00+00:00,1.154839277267456,1.1691161394119263,1.1455920934677124,1.152510643005371,1.152510643005371,2922176,CORE23254-USD
3596,2024-08-23 10:00:00+00:00,1.1559605598449707,1.1820861101150513,1.1557331085205078,1.1761401891708374,1.1761401891708374,3173184,CORE23254-USD
3597,2024-08-23 11:00:00+00:00,1.1836235523223877,1.1836235523223877,1.1526463031768799,1.1540290117263794,1.1540290117263794,1863512,CORE23254-USD
3598,2024-08-23 12:00:00+00:00,1.1563200950622559,1.180872917175293,1.1563200950622559,1.1775803565979004,1.1775803565979004,883508,CORE23254-USD
3599,2024-08-23 13:00:00+00:00,1.1756950616836548,1.1810541152954102,1.1664769649505615,1.170723557472229,1.170723557472229,746252,CORE23254-USD
3600,2024-08-23 14:00:00+00:00,1.1681843996047974,1.1753995418548584,1.1538450717926025,1.1548490524291992,1.1548490524291992,2038620,CORE23254-USD
3601,2024-08-23 15:00:00+00:00,1.158385992050171,1.1796928644180298,1.158385992050171,1.1796928644180298,1.1796928644180298,1978556,CORE23254-USD
3602,2024-08-23 16:00:00+00:00,1.192030429840088,1.1943634748458862,1.1725754737854004,1.1943634748458862,1.1943634748458862,3169532,CORE23254-USD
3603,2024-08-23 17:00:00+00:00,1.1940971612930298,1.2347787618637085,1.1933386325836182,1.2331738471984863,1.2331738471984863,3757616,CORE23254-USD
3604,2024-08-23 18:00:00+00:00,1.2373241186141968,1.2400931119918823,1.2272189855575562,1.2317529916763306,1.2317529916763306,3117968,CORE23254-USD
3605,2024-08-23 19:00:00+00:00,1.2324368953704834,1.2355666160583496,1.2162468433380127,1.2211682796478271,1.2211682796478271,2134400,CORE23254-USD
3606,2024-08-23 20:00:00+00:00,1.2214168310165405,1.227420449256897,1.2193626165390015,1.2251839637756348,1.2251839637756348,1207416,CORE23254-USD
3607,2024-08-23 21:00:00+00:00,1.2277746200561523,1.2556135654449463,1.2277746200561523,1.2556135654449463,1.2556135654449463,1397584,CORE23254-USD
3608,2024-08-23 22:00:00+00:00,1.2554352283477783,1.2676830291748047,1.248416543006897,1.248416543006897,1.248416543006897,1839336,CORE23254-USD
3609,2024-08-23 23:00:00+00:00,1.2458629608154297,1.2526752948760986,1.237666130065918,1.2387325763702393,1.2387325763702393,1453392,CORE23254-USD
3610,2024-08-24 00:00:00+00:00,1.2405554056167603,1.2438768148422241,1.2323473691940308,1.2372552156448364,1.2372552156448364,0,CORE23254-USD
3611,2024-08-24 01:00:00+00:00,1.2317419052124023,1.2317419052124023,1.2157232761383057,1.2195370197296143,1.2195370197296143,1169352,CORE23254-USD
3612,2024-08-24 02:00:00+00:00,1.2209798097610474,1.2264084815979004,1.2195242643356323,1.2221224308013916,1.2221224308013916,640896,CORE23254-USD
3613,2024-08-24 03:00:00+00:00,1.226662039756775,1.229182243347168,1.2119320631027222,1.212043285369873,1.212043285369873,1348432,CORE23254-USD
3614,2024-08-24 04:00:00+00:00,1.2121367454528809,1.2165242433547974,1.2090458869934082,1.2090458869934082,1.2090458869934082,357904,CORE23254-USD
3615,2024-08-24 05:00:00+00:00,1.2065117359161377,1.218518614768982,1.2065117359161377,1.2169487476348877,1.2169487476348877,604320,CORE23254-USD
3616,2024-08-24 06:00:00+00:00,1.2158225774765015,1.2225521802902222,1.2158225774765015,1.217542052268982,1.217542052268982,359072,CORE23254-USD
3617,2024-08-24 07:00:00+00:00,1.218288779258728,1.22310471534729,1.218288779258728,1.2191146612167358,1.2191146612167358,0,CORE23254-USD
3618,2024-08-24 08:00:00+00:00,1.2183059453964233,1.2248592376708984,1.2183059453964233,1.2237358093261719,1.2237358093261719,0,CORE23254-USD
3619,2024-08-24 09:00:00+00:00,1.2243081331253052,1.2255631685256958,1.2173129320144653,1.2255631685256958,1.2255631685256958,0,CORE23254-USD
3620,2024-08-24 10:00:00+00:00,1.2239196300506592,1.2331526279449463,1.2216867208480835,1.2282968759536743,1.2282968759536743,0,CORE23254-USD
3621,2024-08-24 11:00:00+00:00,1.2280044555664062,1.2316977977752686,1.21901273727417,1.2192914485931396,1.2192914485931396,0,CORE23254-USD
3622,2024-08-24 12:00:00+00:00,1.2178410291671753,1.2300175428390503,1.2178410291671753,1.2300175428390503,1.2300175428390503,0,CORE23254-USD
3623,2024-08-24 13:00:00+00:00,1.2297236919403076,1.2314294576644897,1.225091576576233,1.2281277179718018,1.2281277179718018,0,CORE23254-USD
3624,2024-08-24 14:00:00+00:00,1.2306785583496094,1.2405146360397339,1.2298740148544312,1.2347511053085327,1.2347511053085327,0,CORE23254-USD
3625,2024-08-24 15:00:00+00:00,1.2302908897399902,1.2325594425201416,1.2262296676635742,1.2285683155059814,1.2285683155059814,0,CORE23254-USD
3626,2024-08-24 16:00:00+00:00,1.2321479320526123,1.2600404024124146,1.2321479320526123,1.253875494003296,1.253875494003296,0,CORE23254-USD
3627,2024-08-24 17:00:00+00:00,1.2558637857437134,1.2559003829956055,1.242728352546692,1.2484681606292725,1.2484681606292725,0,CORE23254-USD
3628,2024-08-24 18:00:00+00:00,1.2442669868469238,1.2474104166030884,1.2354663610458374,1.242629885673523,1.242629885673523,0,CORE23254-USD
3629,2024-08-24 19:00:00+00:00,1.2451354265213013,1.2486107349395752,1.2448248863220215,1.2448248863220215,1.2448248863220215,0,CORE23254-USD
3630,2024-08-24 20:00:00+00:00,1.2437149286270142,1.2469640970230103,1.237707495689392,1.2385457754135132,1.2385457754135132,0,CORE23254-USD
3631,2024-08-24 21:00:00+00:00,1.233758568763733,1.233758568763733,1.2090049982070923,1.2090049982070923,1.2090049982070923,0,CORE23254-USD
3632,2024-08-24 22:00:00+00:00,1.1991058588027954,1.2105939388275146,1.1991058588027954,1.2036398649215698,1.2036398649215698,0,CORE23254-USD
3633,2024-08-24 23:00:00+00:00,1.2033765316009521,1.213541865348816,1.2033765316009521,1.213541865348816,1.213541865348816,0,CORE23254-USD
3634,2024-08-25 00:00:00+00:00,1.214277744293213,1.2161997556686401,1.1904971599578857,1.1904971599578857,1.1904971599578857,0,CORE23254-USD
3635,2024-08-25 01:00:00+00:00,1.1939038038253784,1.199533462524414,1.17225980758667,1.1787532567977905,1.1787532567977905,0,CORE23254-USD
3636,2024-08-25 02:00:00+00:00,1.180428385734558,1.1992944478988647,1.180428385734558,1.1957741975784302,1.1957741975784302,343808,CORE23254-USD
3637,2024-08-25 03:00:00+00:00,1.1948034763336182,1.1949794292449951,1.181505799293518,1.1835274696350098,1.1835274696350098,0,CORE23254-USD
3638,2024-08-25 04:00:00+00:00,1.1862486600875854,1.189521074295044,1.1781328916549683,1.1886966228485107,1.1886966228485107,0,CORE23254-USD
3639,2024-08-25 05:00:00+00:00,1.188757061958313,1.191384196281433,1.1839059591293335,1.1847186088562012,1.1847186088562012,0,CORE23254-USD
3640,2024-08-25 06:00:00+00:00,1.186084270477295,1.1861587762832642,1.1736390590667725,1.1736390590667725,1.1736390590667725,0,CORE23254-USD
3641,2024-08-25 07:00:00+00:00,1.1726137399673462,1.1726137399673462,1.1541314125061035,1.156749963760376,1.156749963760376,384676,CORE23254-USD
3642,2024-08-25 08:00:00+00:00,1.1563013792037964,1.1680845022201538,1.1563013792037964,1.1620792150497437,1.1620792150497437,824036,CORE23254-USD
3643,2024-08-25 09:00:00+00:00,1.1650090217590332,1.1650090217590332,1.1560053825378418,1.1572493314743042,1.1572493314743042,0,CORE23254-USD
3644,2024-08-25 10:00:00+00:00,1.1576262712478638,1.1576262712478638,1.15152108669281,1.1533782482147217,1.1533782482147217,0,CORE23254-USD
3645,2024-08-25 11:00:00+00:00,1.1565589904785156,1.1613413095474243,1.1565589904785156,1.1574881076812744,1.1574881076812744,0,CORE23254-USD
3646,2024-08-25 12:00:00+00:00,1.155834436416626,1.162350058555603,1.1546056270599365,1.161836862564087,1.161836862564087,0,CORE23254-USD
3647,2024-08-25 13:00:00+00:00,1.1618309020996094,1.1739850044250488,1.1603593826293945,1.1649774312973022,1.1649774312973022,14080,CORE23254-USD
3648,2024-08-25 14:00:00+00:00,1.1674200296401978,1.1738966703414917,1.1659350395202637,1.1730470657348633,1.1730470657348633,0,CORE23254-USD
3649,2024-08-25 15:00:00+00:00,1.1735490560531616,1.1861696243286133,1.1734352111816406,1.1734352111816406,1.1734352111816406,0,CORE23254-USD
3650,2024-08-25 16:00:00+00:00,1.1744271516799927,1.179286241531372,1.1622353792190552,1.1622353792190552,1.1622353792190552,0,CORE23254-USD
3651,2024-08-25 17:00:00+00:00,1.1627676486968994,1.1705366373062134,1.1627676486968994,1.1673715114593506,1.1673715114593506,0,CORE23254-USD
3652,2024-08-25 18:00:00+00:00,1.1673156023025513,1.1710580587387085,1.1653680801391602,1.167250156402588,1.167250156402588,0,CORE23254-USD
3653,2024-08-25 19:00:00+00:00,1.1679344177246094,1.1681944131851196,1.1664273738861084,1.1672929525375366,1.1672929525375366,0,CORE23254-USD
3654,2024-08-25 20:00:00+00:00,1.1680275201797485,1.1716680526733398,1.167114019393921,1.1707342863082886,1.1707342863082886,0,CORE23254-USD
3655,2024-08-25 21:00:00+00:00,1.1694971323013306,1.1833597421646118,1.1694971323013306,1.1833597421646118,1.1833597421646118,0,CORE23254-USD
3656,2024-08-25 22:00:00+00:00,1.184705376625061,1.186594009399414,1.1736156940460205,1.17461359500885,1.17461359500885,0,CORE23254-USD
3657,2024-08-25 23:00:00+00:00,1.177369475364685,1.1806226968765259,1.163392424583435,1.1645984649658203,1.1645984649658203,0,CORE23254-USD
3658,2024-08-26 00:00:00+00:00,1.1677643060684204,1.1716314554214478,1.1589248180389404,1.1617381572723389,1.1617381572723389,0,CORE23254-USD
3659,2024-08-26 01:00:00+00:00,1.1618096828460693,1.1618096828460693,1.1424765586853027,1.1444106101989746,1.1444106101989746,0,CORE23254-USD
3660,2024-08-26 02:00:00+00:00,1.1458344459533691,1.148001790046692,1.1405906677246094,1.1478904485702515,1.1478904485702515,0,CORE23254-USD
3661,2024-08-26 03:00:00+00:00,1.151222825050354,1.1554749011993408,1.1495970487594604,1.1549896001815796,1.1549896001815796,0,CORE23254-USD
3662,2024-08-26 04:00:00+00:00,1.1565282344818115,1.1596328020095825,1.1532044410705566,1.155319333076477,1.155319333076477,0,CORE23254-USD
3663,2024-08-26 05:00:00+00:00,1.1551611423492432,1.1570342779159546,1.151358723640442,1.152580976486206,1.152580976486206,0,CORE23254-USD
3664,2024-08-26 06:00:00+00:00,1.1506762504577637,1.1506762504577637,1.1412948369979858,1.1412948369979858,1.1412948369979858,197476,CORE23254-USD
3665,2024-08-26 07:00:00+00:00,1.1401678323745728,1.146117091178894,1.1397650241851807,1.1419097185134888,1.1419097185134888,0,CORE23254-USD
3666,2024-08-26 08:00:00+00:00,1.1417460441589355,1.1494673490524292,1.1417460441589355,1.1470927000045776,1.1470927000045776,0,CORE23254-USD
3667,2024-08-26 09:00:00+00:00,1.146227240562439,1.152036190032959,1.1416699886322021,1.152036190032959,1.152036190032959,111348,CORE23254-USD
3668,2024-08-26 10:00:00+00:00,1.15326726436615,1.154668927192688,1.1455777883529663,1.1464128494262695,1.1464128494262695,0,CORE23254-USD
3669,2024-08-26 11:00:00+00:00,1.1439871788024902,1.1461710929870605,1.1420557498931885,1.1420557498931885,1.1420557498931885,0,CORE23254-USD
3670,2024-08-26 12:00:00+00:00,1.1413006782531738,1.1415568590164185,1.1183291673660278,1.1183291673660278,1.1183291673660278,806164,CORE23254-USD
3671,2024-08-26 13:00:00+00:00,1.1221143007278442,1.1263251304626465,1.1195406913757324,1.1223094463348389,1.1223094463348389,0,CORE23254-USD
3672,2024-08-26 14:00:00+00:00,1.123918056488037,1.1282187700271606,1.1196855306625366,1.1282187700271606,1.1282187700271606,82468,CORE23254-USD
3673,2024-08-26 15:00:00+00:00,1.1291184425354004,1.1291184425354004,1.103487253189087,1.1142301559448242,1.1142301559448242,815556,CORE23254-USD
3674,2024-08-26 16:00:00+00:00,1.1097629070281982,1.1195638179779053,1.109300971031189,1.1170014142990112,1.1170014142990112,196104,CORE23254-USD
3675,2024-08-26 17:00:00+00:00,1.1150985956192017,1.1194689273834229,1.0944746732711792,1.0944746732711792,1.0944746732711792,299060,CORE23254-USD
3676,2024-08-26 18:00:00+00:00,1.0933266878128052,1.100777268409729,1.0874581336975098,1.099090337753296,1.099090337753296,1008996,CORE23254-USD
3677,2024-08-26 19:00:00+00:00,1.0996949672698975,1.1065236330032349,1.09551203250885,1.101548194885254,1.101548194885254,1116188,CORE23254-USD
3678,2024-08-26 20:00:00+00:00,1.1028823852539062,1.1036384105682373,1.0969191789627075,1.1012423038482666,1.1012423038482666,105696,CORE23254-USD
3679,2024-08-26 21:00:00+00:00,1.1012245416641235,1.1012245416641235,1.0874625444412231,1.0968854427337646,1.0968854427337646,103460,CORE23254-USD
3680,2024-08-26 22:00:00+00:00,1.096970558166504,1.096970558166504,1.0883779525756836,1.0903140306472778,1.0903140306472778,40336,CORE23254-USD
3681,2024-08-26 23:00:00+00:00,1.0902990102767944,1.0925273895263672,1.0829039812088013,1.0829039812088013,1.0829039812088013,44152,CORE23254-USD
3682,2024-08-27 00:00:00+00:00,1.0800508260726929,1.0956069231033325,1.0800508260726929,1.0873520374298096,1.0873520374298096,604180,CORE23254-USD
3683,2024-08-27 01:00:00+00:00,1.0873169898986816,1.102722406387329,1.0873169898986816,1.100799560546875,1.100799560546875,213700,CORE23254-USD
3684,2024-08-27 02:00:00+00:00,1.0972788333892822,1.1075693368911743,1.0972788333892822,1.1025216579437256,1.1025216579437256,204480,CORE23254-USD
3685,2024-08-27 03:00:00+00:00,1.0996739864349365,1.1050931215286255,1.097657561302185,1.1050931215286255,1.1050931215286255,0,CORE23254-USD
3686,2024-08-27 04:00:00+00:00,1.1064679622650146,1.1102862358093262,1.1039613485336304,1.1102862358093262,1.1102862358093262,0,CORE23254-USD
3687,2024-08-27 05:00:00+00:00,1.1102908849716187,1.126769781112671,1.1102908849716187,1.1262977123260498,1.1262977123260498,1041700,CORE23254-USD
3688,2024-08-27 06:00:00+00:00,1.1264114379882812,1.1264114379882812,1.1038869619369507,1.106186866760254,1.106186866760254,87996,CORE23254-USD
3689,2024-08-27 07:00:00+00:00,1.1069610118865967,1.1096971035003662,1.1011948585510254,1.104706048965454,1.104706048965454,0,CORE23254-USD
3690,2024-08-27 08:00:00+00:00,1.1051276922225952,1.105599284172058,1.0913703441619873,1.0961638689041138,1.0961638689041138,111612,CORE23254-USD
3691,2024-08-27 09:00:00+00:00,1.0946279764175415,1.1001558303833008,1.089856743812561,1.0901771783828735,1.0901771783828735,0,CORE23254-USD
3692,2024-08-27 10:00:00+00:00,1.0900245904922485,1.0912266969680786,1.0846214294433594,1.08526611328125,1.08526611328125,963580,CORE23254-USD
3693,2024-08-27 11:00:00+00:00,1.0857388973236084,1.094517707824707,1.0857388973236084,1.0922763347625732,1.0922763347625732,46096,CORE23254-USD
3694,2024-08-27 12:00:00+00:00,1.0896329879760742,1.0919666290283203,1.0841459035873413,1.0919666290283203,1.0919666290283203,0,CORE23254-USD
3695,2024-08-27 13:00:00+00:00,1.0920321941375732,1.096224069595337,1.0877965688705444,1.096224069595337,1.096224069595337,14184,CORE23254-USD
3696,2024-08-27 14:00:00+00:00,1.0941263437271118,1.0979665517807007,1.0871001482009888,1.0918259620666504,1.0918259620666504,94588,CORE23254-USD
3697,2024-08-27 15:00:00+00:00,1.0898257493972778,1.0943975448608398,1.0882498025894165,1.0883649587631226,1.0883649587631226,0,CORE23254-USD
3698,2024-08-27 16:00:00+00:00,1.0853208303451538,1.1004514694213867,1.0821415185928345,1.0909614562988281,1.0909614562988281,0,CORE23254-USD
3699,2024-08-27 17:00:00+00:00,1.0880672931671143,1.0936272144317627,1.0880672931671143,1.0928739309310913,1.0928739309310913,0,CORE23254-USD
3700,2024-08-27 18:00:00+00:00,1.0942734479904175,1.100007176399231,1.0925042629241943,1.0983411073684692,1.0983411073684692,0,CORE23254-USD
3701,2024-08-27 19:00:00+00:00,1.0980572700500488,1.09954833984375,1.0899111032485962,1.0899111032485962,1.0899111032485962,0,CORE23254-USD
3702,2024-08-27 20:00:00+00:00,1.0900477170944214,1.0900477170944214,1.0846080780029297,1.0846656560897827,1.0846656560897827,0,CORE23254-USD
3703,2024-08-27 21:00:00+00:00,1.0836910009384155,1.0836910009384155,1.0311661958694458,1.0348904132843018,1.0348904132843018,1216452,CORE23254-USD
3704,2024-08-27 22:00:00+00:00,1.033398151397705,1.0339412689208984,1.0076065063476562,1.0195317268371582,1.0195317268371582,1551612,CORE23254-USD
3705,2024-08-27 23:00:00+00:00,1.0174012184143066,1.0319578647613525,1.0174012184143066,1.030104160308838,1.030104160308838,576468,CORE23254-USD
3706,2024-08-28 00:00:00+00:00,1.0255815982818604,1.0363497734069824,1.0201952457427979,1.0325734615325928,1.0325734615325928,320448,CORE23254-USD
3707,2024-08-28 01:00:00+00:00,1.0310684442520142,1.0310684442520142,1.017576813697815,1.0270557403564453,1.0270557403564453,50028,CORE23254-USD
3708,2024-08-28 02:00:00+00:00,1.027420997619629,1.028846263885498,1.0169686079025269,1.028846263885498,1.028846263885498,17844,CORE23254-USD
3709,2024-08-28 03:00:00+00:00,1.0289027690887451,1.0386179685592651,1.0289027690887451,1.0385642051696777,1.0385642051696777,466692,CORE23254-USD
3710,2024-08-28 04:00:00+00:00,1.037422776222229,1.037422776222229,1.0269017219543457,1.0269017219543457,1.0269017219543457,161896,CORE23254-USD
3711,2024-08-28 05:00:00+00:00,1.024576187133789,1.0332235097885132,1.024576187133789,1.0283900499343872,1.0283900499343872,0,CORE23254-USD
3712,2024-08-28 06:00:00+00:00,1.0257397890090942,1.0263410806655884,1.0217325687408447,1.0223838090896606,1.0223838090896606,0,CORE23254-USD
3713,2024-08-28 07:00:00+00:00,1.0221681594848633,1.0225913524627686,1.0105047225952148,1.0105047225952148,1.0105047225952148,385392,CORE23254-USD
3714,2024-08-28 08:00:00+00:00,1.0079827308654785,1.0219783782958984,1.0079827308654785,1.0178886651992798,1.0178886651992798,434820,CORE23254-USD
3715,2024-08-28 09:00:00+00:00,1.0179616212844849,1.0308130979537964,1.0142152309417725,1.0308130979537964,1.0308130979537964,163924,CORE23254-USD
3716,2024-08-28 10:00:00+00:00,1.0367786884307861,1.0367786884307861,1.0248535871505737,1.0261932611465454,1.0261932611465454,0,CORE23254-USD
3717,2024-08-28 11:00:00+00:00,1.0245798826217651,1.0338056087493896,1.0245798826217651,1.0306395292282104,1.0306395292282104,259192,CORE23254-USD
3718,2024-08-28 12:00:00+00:00,1.0275813341140747,1.030954360961914,1.0244663953781128,1.0269801616668701,1.0269801616668701,0,CORE23254-USD
3719,2024-08-28 13:00:00+00:00,1.0260635614395142,1.0260635614395142,1.0074015855789185,1.0074015855789185,1.0074015855789185,0,CORE23254-USD
3720,2024-08-28 14:00:00+00:00,1.003536343574524,1.0191187858581543,1.003536343574524,1.0086554288864136,1.0086554288864136,584744,CORE23254-USD
3721,2024-08-28 15:00:00+00:00,1.008430004119873,1.008430004119873,0.9854695796966553,0.9893651008605957,0.9893651008605957,1630992,CORE23254-USD
3722,2024-08-28 16:00:00+00:00,0.9904192686080933,0.9904192686080933,0.9407446980476379,0.9642134308815002,0.9642134308815002,2298668,CORE23254-USD
3723,2024-08-28 17:00:00+00:00,0.9711048007011414,0.9746884703636169,0.9620503783226013,0.9620503783226013,0.9620503783226013,803196,CORE23254-USD
3724,2024-08-28 18:00:00+00:00,0.9590564370155334,0.9778947830200195,0.9590564370155334,0.9778947830200195,0.9778947830200195,436852,CORE23254-USD
3725,2024-08-28 19:00:00+00:00,0.9870065450668335,0.9884005784988403,0.9795836210250854,0.9829022884368896,0.9829022884368896,834864,CORE23254-USD
3726,2024-08-28 20:00:00+00:00,0.976511538028717,0.9858649373054504,0.976511538028717,0.9858649373054504,0.9858649373054504,541700,CORE23254-USD
3727,2024-08-28 21:00:00+00:00,0.9859846234321594,0.996770441532135,0.9837660789489746,0.9881051182746887,0.9881051182746887,0,CORE23254-USD
3728,2024-08-28 22:00:00+00:00,0.9845923781394958,0.9879766702651978,0.9705013632774353,0.975094735622406,0.975094735622406,0,CORE23254-USD
3729,2024-08-28 23:00:00+00:00,0.9781338572502136,0.9908987879753113,0.9772498607635498,0.9843429923057556,0.9843429923057556,0,CORE23254-USD
3730,2024-08-29 00:00:00+00:00,0.9842979311943054,0.9970021843910217,0.9842979311943054,0.9959807395935059,0.9959807395935059,0,CORE23254-USD
3731,2024-08-29 01:00:00+00:00,0.9985317587852478,1.0020464658737183,0.9914136528968811,0.992813766002655,0.992813766002655,0,CORE23254-USD
3732,2024-08-29 02:00:00+00:00,0.9914164543151855,0.9985213279724121,0.9897117018699646,0.9985213279724121,0.9985213279724121,0,CORE23254-USD
3733,2024-08-29 03:00:00+00:00,1.0009360313415527,1.0009360313415527,0.9923955798149109,0.9923955798149109,0.9923955798149109,0,CORE23254-USD
3734,2024-08-29 04:00:00+00:00,0.9924644827842712,0.9961569309234619,0.9901894330978394,0.9954134225845337,0.9954134225845337,0,CORE23254-USD
3735,2024-08-29 05:00:00+00:00,0.9939472079277039,1.004487156867981,0.9921915531158447,1.004487156867981,1.004487156867981,0,CORE23254-USD
3736,2024-08-29 06:00:00+00:00,1.0034024715423584,1.006697416305542,1.0009907484054565,1.0047675371170044,1.0047675371170044,200564,CORE23254-USD
3737,2024-08-29 07:00:00+00:00,1.0031957626342773,1.0043894052505493,0.9996458888053894,1.000394344329834,1.000394344329834,0,CORE23254-USD
3738,2024-08-29 08:00:00+00:00,0.9998965859413147,0.9998965859413147,0.9922351241111755,0.9922351241111755,0.9922351241111755,0,CORE23254-USD
3739,2024-08-29 09:00:00+00:00,0.9930937886238098,0.9992855191230774,0.9930937886238098,0.9941731095314026,0.9941731095314026,0,CORE23254-USD
3740,2024-08-29 10:00:00+00:00,0.9946504235267639,0.9956858158111572,0.991655170917511,0.991655170917511,0.991655170917511,0,CORE23254-USD
3741,2024-08-29 11:00:00+00:00,0.9913458228111267,1.0076533555984497,0.9913458228111267,1.0046355724334717,1.0046355724334717,198856,CORE23254-USD
3742,2024-08-29 12:00:00+00:00,1.0017743110656738,1.0067579746246338,1.0011801719665527,1.001407504081726,1.001407504081726,0,CORE23254-USD
3743,2024-08-29 13:00:00+00:00,1.0037436485290527,1.0047199726104736,0.9997662901878357,1.0026042461395264,1.0026042461395264,0,CORE23254-USD
3744,2024-08-29 14:00:00+00:00,1.0040415525436401,1.0092328786849976,1.0034189224243164,1.005821704864502,1.005821704864502,0,CORE23254-USD
3745,2024-08-29 15:00:00+00:00,1.0059406757354736,1.0198386907577515,1.0059406757354736,1.0144232511520386,1.0144232511520386,0,CORE23254-USD
3746,2024-08-29 16:00:00+00:00,1.0235010385513306,1.0235010385513306,1.0021551847457886,1.0021551847457886,1.0021551847457886,0,CORE23254-USD
3747,2024-08-29 17:00:00+00:00,0.9999563097953796,1.0049467086791992,0.9986298084259033,1.003780484199524,1.003780484199524,0,CORE23254-USD
3748,2024-08-29 18:00:00+00:00,1.0021700859069824,1.0021700859069824,0.9721774458885193,0.9721774458885193,0.9721774458885193,141384,CORE23254-USD
3749,2024-08-29 19:00:00+00:00,0.9718406200408936,0.9842342138290405,0.9718406200408936,0.9793887734413147,0.9793887734413147,0,CORE23254-USD
3750,2024-08-29 20:00:00+00:00,0.981646716594696,0.9877214431762695,0.981646716594696,0.9877214431762695,0.9877214431762695,0,CORE23254-USD
3751,2024-08-29 21:00:00+00:00,0.9877097606658936,0.9877097606658936,0.9818339943885803,0.986305832862854,0.986305832862854,0,CORE23254-USD
3752,2024-08-29 22:00:00+00:00,0.983803391456604,0.9900538325309753,0.9794736504554749,0.9900538325309753,0.9900538325309753,0,CORE23254-USD
3753,2024-08-29 23:00:00+00:00,0.9877806305885315,0.9947896599769592,0.9867285490036011,0.9945816397666931,0.9945816397666931,0,CORE23254-USD
3754,2024-08-30 00:00:00+00:00,0.9912973642349243,0.9940276741981506,0.9869604706764221,0.9897246956825256,0.9897246956825256,0,CORE23254-USD
3755,2024-08-30 01:00:00+00:00,0.9875823259353638,0.9901832938194275,0.9840186834335327,0.9878656268119812,0.9878656268119812,0,CORE23254-USD
3756,2024-08-30 02:00:00+00:00,0.9877053499221802,0.9899598360061646,0.9854459166526794,0.9885838627815247,0.9885838627815247,0,CORE23254-USD
3757,2024-08-30 03:00:00+00:00,0.9882421493530273,0.9894086122512817,0.984761118888855,0.9894086122512817,0.9894086122512817,0,CORE23254-USD
3758,2024-08-30 04:00:00+00:00,0.9880833625793457,0.991162896156311,0.9880121946334839,0.9880805611610413,0.9880805611610413,0,CORE23254-USD
3759,2024-08-30 05:00:00+00:00,0.9869574904441833,0.9869574904441833,0.9809568524360657,0.9851179718971252,0.9851179718971252,73468,CORE23254-USD
3760,2024-08-30 06:00:00+00:00,0.9833208322525024,0.9891780018806458,0.9833208322525024,0.9891780018806458,0.9891780018806458,0,CORE23254-USD
3761,2024-08-30 07:00:00+00:00,0.9903901815414429,0.9939518570899963,0.9878726601600647,0.9912411570549011,0.9912411570549011,0,CORE23254-USD
3762,2024-08-30 08:00:00+00:00,0.9910507798194885,0.9970020651817322,0.9910507798194885,0.994092583656311,0.994092583656311,0,CORE23254-USD
3763,2024-08-30 09:00:00+00:00,0.9941262006759644,0.9976474642753601,0.9941116571426392,0.9976474642753601,0.9976474642753601,0,CORE23254-USD
3764,2024-08-30 10:00:00+00:00,0.995708167552948,0.9988160133361816,0.9927713871002197,0.9946154952049255,0.9946154952049255,0,CORE23254-USD
3765,2024-08-30 11:00:00+00:00,0.9936398863792419,0.9958534836769104,0.9876629710197449,0.9884370565414429,0.9884370565414429,0,CORE23254-USD
3766,2024-08-30 12:00:00+00:00,0.988598644733429,1.0011351108551025,0.988598644733429,0.996182382106781,0.996182382106781,199332,CORE23254-USD
3767,2024-08-30 13:00:00+00:00,0.9939603209495544,0.9983383417129517,0.9874483346939087,0.9900333285331726,0.9900333285331726,0,CORE23254-USD
3768,2024-08-30 14:00:00+00:00,0.9953618049621582,0.9955422878265381,0.9733309745788574,0.9733309745788574,0.9733309745788574,0,CORE23254-USD
3769,2024-08-30 15:00:00+00:00,0.9689353108406067,0.9721879959106445,0.956246554851532,0.9595390558242798,0.9595390558242798,987450,CORE23254-USD
3770,2024-08-30 16:00:00+00:00,0.9559004902839661,0.9671739339828491,0.9559004902839661,0.9645540118217468,0.9645540118217468,0,CORE23254-USD
3771,2024-08-30 17:00:00+00:00,0.9678617119789124,0.976404070854187,0.9678617119789124,0.976404070854187,0.976404070854187,266480,CORE23254-USD
3772,2024-08-30 18:00:00+00:00,0.9773655533790588,0.9915614724159241,0.9773655533790588,0.9896402359008789,0.9896402359008789,79608,CORE23254-USD
3773,2024-08-30 19:00:00+00:00,0.9883313179016113,0.9900223612785339,0.9819228053092957,0.9879529476165771,0.9879529476165771,0,CORE23254-USD
3774,2024-08-30 20:00:00+00:00,0.9869987368583679,0.9882540106773376,0.9855249524116516,0.9882540106773376,0.9882540106773376,14762,CORE23254-USD
3775,2024-08-30 21:00:00+00:00,0.9912869334220886,0.9936575293540955,0.9905220866203308,0.9936575293540955,0.9936575293540955,221158,CORE23254-USD
3776,2024-08-30 22:00:00+00:00,0.993515133857727,0.9957134127616882,0.991420567035675,0.9935129284858704,0.9935129284858704,0,CORE23254-USD
3777,2024-08-30 23:00:00+00:00,0.9934313893318176,0.9961848258972168,0.9919053912162781,0.9961593747138977,0.9961593747138977,0,CORE23254-USD
3778,2024-08-31 00:00:00+00:00,0.9959399700164795,0.9985723495483398,0.9942561984062195,0.9974214434623718,0.9974214434623718,302058,CORE23254-USD
3779,2024-08-31 01:00:00+00:00,0.9982671737670898,0.9982671737670898,0.9912033677101135,0.9912033677101135,0.9912033677101135,175542,CORE23254-USD
3780,2024-08-31 02:00:00+00:00,0.9914169311523438,0.9927766919136047,0.9914169311523438,0.9927766919136047,0.9927766919136047,195084,CORE23254-USD
3781,2024-08-31 03:00:00+00:00,0.9934173822402954,0.994494616985321,0.9925039410591125,0.9929888844490051,0.9929888844490051,0,CORE23254-USD
3782,2024-08-31 04:00:00+00:00,0.9931249022483826,0.9955114126205444,0.9921447038650513,0.9921447038650513,0.9921447038650513,76076,CORE23254-USD
3783,2024-08-31 05:00:00+00:00,0.9907259941101074,0.9907259941101074,0.9836310744285583,0.9840753674507141,0.9840753674507141,0,CORE23254-USD
3784,2024-08-31 06:00:00+00:00,0.9835565686225891,0.9840981364250183,0.9777870774269104,0.9788941144943237,0.9788941144943237,174512,CORE23254-USD
3785,2024-08-31 07:00:00+00:00,0.979900598526001,0.9824651479721069,0.9707375764846802,0.972709596157074,0.972709596157074,291584,CORE23254-USD
3786,2024-08-31 08:00:00+00:00,0.9744495153427124,0.9780723452568054,0.9697384238243103,0.9697384238243103,0.9697384238243103,0,CORE23254-USD
3787,2024-08-31 09:00:00+00:00,0.9670896530151367,0.972294807434082,0.9670896530151367,0.9710637927055359,0.9710637927055359,422944,CORE23254-USD
3788,2024-08-31 10:00:00+00:00,0.9698279500007629,0.9803383350372314,0.9698279500007629,0.9791688323020935,0.9791688323020935,25232,CORE23254-USD
3789,2024-08-31 11:00:00+00:00,0.9787226319313049,0.9803138375282288,0.9766582250595093,0.9766582250595093,0.9766582250595093,164792,CORE23254-USD
3790,2024-08-31 12:00:00+00:00,0.975511908531189,0.9778790473937988,0.9733356833457947,0.9778790473937988,0.9778790473937988,0,CORE23254-USD
3791,2024-08-31 13:00:00+00:00,0.9757072329521179,0.9790638089179993,0.9724100828170776,0.9724100828170776,0.9724100828170776,0,CORE23254-USD
3792,2024-08-31 14:00:00+00:00,0.9691031575202942,0.9691031575202942,0.952880322933197,0.9571138620376587,0.9571138620376587,410032,CORE23254-USD
3793,2024-08-31 15:00:00+00:00,0.95988529920578,0.95988529920578,0.9525256752967834,0.9547671675682068,0.9547671675682068,0,CORE23254-USD
3794,2024-08-31 16:00:00+00:00,0.9564817547798157,0.9588721990585327,0.9449111819267273,0.9449111819267273,0.9449111819267273,0,CORE23254-USD
3795,2024-08-31 17:00:00+00:00,0.943856954574585,0.9475213885307312,0.9370972514152527,0.9422205090522766,0.9422205090522766,0,CORE23254-USD
3796,2024-08-31 18:00:00+00:00,0.9421123266220093,0.9455820322036743,0.940081775188446,0.940081775188446,0.940081775188446,0,CORE23254-USD
3797,2024-08-31 19:00:00+00:00,0.9392356276512146,0.9392356276512146,0.9354308247566223,0.9384260773658752,0.9384260773658752,0,CORE23254-USD
3798,2024-08-31 20:00:00+00:00,0.9365968108177185,0.9435980916023254,0.9365854859352112,0.9429109692573547,0.9429109692573547,141442,CORE23254-USD
3799,2024-08-31 21:00:00+00:00,0.9430782198905945,0.9512477517127991,0.9415428042411804,0.9509879350662231,0.9509879350662231,0,CORE23254-USD
3800,2024-08-31 22:00:00+00:00,0.9499701857566833,0.9527893662452698,0.9461803436279297,0.9461803436279297,0.9461803436279297,0,CORE23254-USD
3801,2024-08-31 23:00:00+00:00,0.945938766002655,0.9464865922927856,0.9449124336242676,0.9460707306861877,0.9460707306861877,0,CORE23254-USD
3802,2024-09-01 00:00:00+00:00,0.9453806281089783,0.9464879631996155,0.9408603310585022,0.9415231347084045,0.9415231347084045,0,CORE23254-USD
3803,2024-09-01 01:00:00+00:00,0.9402495622634888,0.94083172082901,0.9249316453933716,0.9255021810531616,0.9255021810531616,0,CORE23254-USD
3804,2024-09-01 02:00:00+00:00,0.9240233302116394,0.9240233302116394,0.9033517241477966,0.9127416610717773,0.9127416610717773,734814,CORE23254-USD
3805,2024-09-01 03:00:00+00:00,0.9133912324905396,0.9195746779441833,0.9128749966621399,0.9195746779441833,0.9195746779441833,128130,CORE23254-USD
3806,2024-09-01 04:00:00+00:00,0.9240450263023376,0.9240450263023376,0.9188690781593323,0.9193348288536072,0.9193348288536072,0,CORE23254-USD
3807,2024-09-01 05:00:00+00:00,0.9196443557739258,0.9197838306427002,0.9103974103927612,0.9103974103927612,0.9103974103927612,0,CORE23254-USD
3808,2024-09-01 06:00:00+00:00,0.9105674624443054,0.916730523109436,0.9105674624443054,0.9122523069381714,0.9122523069381714,0,CORE23254-USD
3809,2024-09-01 07:00:00+00:00,0.912373960018158,0.9153816103935242,0.9087044596672058,0.9153319001197815,0.9153319001197815,0,CORE23254-USD
3810,2024-09-01 08:00:00+00:00,0.9185869097709656,0.9185869097709656,0.909441351890564,0.9103443026542664,0.9103443026542664,0,CORE23254-USD
3811,2024-09-01 09:00:00+00:00,0.9096568822860718,0.9130752682685852,0.9077798128128052,0.909727156162262,0.909727156162262,0,CORE23254-USD
3812,2024-09-01 10:00:00+00:00,0.9111089706420898,0.9115881323814392,0.907587468624115,0.9076170325279236,0.9076170325279236,0,CORE23254-USD
3813,2024-09-01 11:00:00+00:00,0.90549635887146,0.910159170627594,0.90549635887146,0.910159170627594,0.910159170627594,0,CORE23254-USD
3814,2024-09-01 12:00:00+00:00,0.9141547083854675,0.9154815077781677,0.9037013053894043,0.9041271805763245,0.9041271805763245,653264,CORE23254-USD
3815,2024-09-01 13:00:00+00:00,0.9035270810127258,0.9058674573898315,0.8888436555862427,0.8923026323318481,0.8923026323318481,1540498,CORE23254-USD
3816,2024-09-01 14:00:00+00:00,0.8932468295097351,0.8932468295097351,0.8822733163833618,0.8892568945884705,0.8892568945884705,176842,CORE23254-USD
3817,2024-09-01 15:00:00+00:00,0.8892297744750977,0.8988416790962219,0.8854139447212219,0.8980414271354675,0.8980414271354675,220992,CORE23254-USD
3818,2024-09-01 16:00:00+00:00,0.8979232907295227,0.9086424708366394,0.897731363773346,0.9002918601036072,0.9002918601036072,716502,CORE23254-USD
3819,2024-09-01 17:00:00+00:00,0.8985582590103149,0.9007371664047241,0.8864733576774597,0.8897592425346375,0.8897592425346375,36890,CORE23254-USD
3820,2024-09-01 18:00:00+00:00,0.8915808796882629,0.9073179364204407,0.8915808796882629,0.9051924347877502,0.9051924347877502,574422,CORE23254-USD
3821,2024-09-01 19:00:00+00:00,0.9079113602638245,0.9114525318145752,0.9014930129051208,0.9044942259788513,0.9044942259788513,288432,CORE23254-USD
3822,2024-09-01 20:00:00+00:00,0.906256914138794,0.9108887314796448,0.9059239029884338,0.9059239029884338,0.9059239029884338,96062,CORE23254-USD
3823,2024-09-01 21:00:00+00:00,0.9059383273124695,0.9059383273124695,0.8980087041854858,0.9003312587738037,0.9003312587738037,72412,CORE23254-USD
3824,2024-09-01 22:00:00+00:00,0.9009342789649963,0.9009342789649963,0.8733021020889282,0.8748497366905212,0.8748497366905212,1250024,CORE23254-USD
3825,2024-09-01 23:00:00+00:00,0.8692035675048828,0.8747532963752747,0.8682340979576111,0.8689534664154053,0.8689534664154053,1233508,CORE23254-USD
3826,2024-09-02 00:00:00+00:00,0.8648667335510254,0.8708097338676453,0.8637430667877197,0.8645373582839966,0.8645373582839966,826060,CORE23254-USD
3827,2024-09-02 01:00:00+00:00,0.8648224472999573,0.8702908754348755,0.8648224472999573,0.8702908754348755,0.8702908754348755,759156,CORE23254-USD
3828,2024-09-02 02:00:00+00:00,0.86986243724823,0.8770033717155457,0.86986243724823,0.8770033717155457,0.8770033717155457,0,CORE23254-USD
3829,2024-09-02 03:00:00+00:00,0.8776570558547974,0.8840855360031128,0.8776570558547974,0.8840855360031128,0.8840855360031128,316228,CORE23254-USD
3830,2024-09-02 04:00:00+00:00,0.8853933215141296,0.8869118690490723,0.8738349676132202,0.8738349676132202,0.8738349676132202,291392,CORE23254-USD
3831,2024-09-02 05:00:00+00:00,0.872467041015625,0.8850611448287964,0.872467041015625,0.8828296661376953,0.8828296661376953,298804,CORE23254-USD
3832,2024-09-02 06:00:00+00:00,0.8824506402015686,0.8904039859771729,0.8824506402015686,0.8881552815437317,0.8881552815437317,217988,CORE23254-USD
3833,2024-09-02 07:00:00+00:00,0.8876296281814575,0.8895882368087769,0.8777372241020203,0.8786289691925049,0.8786289691925049,26384,CORE23254-USD
3834,2024-09-02 08:00:00+00:00,0.8751819133758545,0.8985866904258728,0.8751819133758545,0.8944708704948425,0.8944708704948425,867384,CORE23254-USD
3835,2024-09-02 09:00:00+00:00,0.8929734230041504,0.910111665725708,0.8905249238014221,0.910111665725708,0.910111665725708,454292,CORE23254-USD
3836,2024-09-02 10:00:00+00:00,0.914939820766449,0.9165024161338806,0.9092914462089539,0.9092914462089539,0.9092914462089539,1043828,CORE23254-USD
3837,2024-09-02 11:00:00+00:00,0.9094964861869812,0.9132989645004272,0.90262770652771,0.90262770652771,0.90262770652771,166696,CORE23254-USD
3838,2024-09-02 12:00:00+00:00,0.9032407402992249,0.9088518619537354,0.9032407402992249,0.9043014645576477,0.9043014645576477,0,CORE23254-USD
3839,2024-09-02 13:00:00+00:00,0.9066765308380127,0.9069416522979736,0.8940489292144775,0.8977931141853333,0.8977931141853333,0,CORE23254-USD
3840,2024-09-02 14:00:00+00:00,0.8969886302947998,0.9061768054962158,0.8896039724349976,0.9061768054962158,0.9061768054962158,0,CORE23254-USD
3841,2024-09-02 15:00:00+00:00,0.9067509770393372,0.910339891910553,0.9060664176940918,0.9065468907356262,0.9065468907356262,0,CORE23254-USD
3842,2024-09-02 16:00:00+00:00,0.9051912426948547,0.9108913540840149,0.8962863683700562,0.8962863683700562,0.8962863683700562,0,CORE23254-USD
3843,2024-09-02 17:00:00+00:00,0.8974342942237854,0.9071164727210999,0.8974342942237854,0.9071164727210999,0.9071164727210999,0,CORE23254-USD
3844,2024-09-02 18:00:00+00:00,0.9073511362075806,0.9073511362075806,0.9019557237625122,0.9020497798919678,0.9020497798919678,0,CORE23254-USD
3845,2024-09-02 19:00:00+00:00,0.9028058648109436,0.9052162766456604,0.9013850688934326,0.9034243822097778,0.9034243822097778,17404,CORE23254-USD
3846,2024-09-02 20:00:00+00:00,0.90338534116745,0.9186331629753113,0.9026846885681152,0.9186331629753113,0.9186331629753113,264124,CORE23254-USD
3847,2024-09-02 21:00:00+00:00,0.9255431890487671,0.926237940788269,0.9175753593444824,0.9175753593444824,0.9175753593444824,600748,CORE23254-USD
3848,2024-09-02 22:00:00+00:00,0.9164048433303833,0.9200676679611206,0.9159539937973022,0.9193688631057739,0.9193688631057739,0,CORE23254-USD
3849,2024-09-02 23:00:00+00:00,0.9184053540229797,0.9192783236503601,0.9162853956222534,0.9175106883049011,0.9175106883049011,0,CORE23254-USD
3850,2024-09-03 00:00:00+00:00,0.9165589809417725,0.9165589809417725,0.9119386672973633,0.9152643084526062,0.9152643084526062,0,CORE23254-USD
3851,2024-09-03 01:00:00+00:00,0.9164257049560547,0.920170783996582,0.9152257442474365,0.920170783996582,0.920170783996582,0,CORE23254-USD
3852,2024-09-03 02:00:00+00:00,0.9210001826286316,0.931789755821228,0.9210001826286316,0.9225932359695435,0.9225932359695435,415632,CORE23254-USD
3853,2024-09-03 03:00:00+00:00,0.9208897948265076,0.9271617531776428,0.9208897948265076,0.922562837600708,0.922562837600708,0,CORE23254-USD
3854,2024-09-03 04:00:00+00:00,0.9222635626792908,0.9276530146598816,0.9220386743545532,0.9227401614189148,0.9227401614189148,0,CORE23254-USD
3855,2024-09-03 05:00:00+00:00,0.9195259213447571,0.9246456623077393,0.9184066653251648,0.9221743941307068,0.9221743941307068,6680,CORE23254-USD
3856,2024-09-03 06:00:00+00:00,0.9197555780410767,0.9197555780410767,0.9136074781417847,0.9140676259994507,0.9140676259994507,0,CORE23254-USD
3857,2024-09-03 07:00:00+00:00,0.9141603708267212,0.9223247170448303,0.9141603708267212,0.9204415082931519,0.9204415082931519,108952,CORE23254-USD
3858,2024-09-03 08:00:00+00:00,0.9210749864578247,0.9210749864578247,0.908488392829895,0.910626232624054,0.910626232624054,0,CORE23254-USD
3859,2024-09-03 09:00:00+00:00,0.91374272108078,0.9149124026298523,0.9122582674026489,0.9136321544647217,0.9136321544647217,0,CORE23254-USD
3860,2024-09-03 10:00:00+00:00,0.9122815728187561,0.9223818778991699,0.9122815728187561,0.9178571105003357,0.9178571105003357,0,CORE23254-USD
3861,2024-09-03 11:00:00+00:00,0.9200155735015869,0.9206772446632385,0.9172724485397339,0.9192611575126648,0.9192611575126648,0,CORE23254-USD
3862,2024-09-03 12:00:00+00:00,0.9199923276901245,0.9234345555305481,0.9199923276901245,0.922309935092926,0.922309935092926,19218,CORE23254-USD
3863,2024-09-03 13:00:00+00:00,0.9207980036735535,0.9235437512397766,0.8927708268165588,0.8929458260536194,0.8929458260536194,130030,CORE23254-USD
3864,2024-09-03 14:00:00+00:00,0.8934013843536377,0.8934013843536377,0.8836949467658997,0.8846156001091003,0.8846156001091003,394954,CORE23254-USD
3865,2024-09-03 15:00:00+00:00,0.8857532143592834,0.889729380607605,0.8830832242965698,0.8830832242965698,0.8830832242965698,14780,CORE23254-USD
3866,2024-09-03 16:00:00+00:00,0.882368266582489,0.8904033303260803,0.8811039328575134,0.887814998626709,0.887814998626709,14184,CORE23254-USD
3867,2024-09-03 17:00:00+00:00,0.8885210752487183,0.8955535888671875,0.8885210752487183,0.8924269080162048,0.8924269080162048,0,CORE23254-USD
3868,2024-09-03 18:00:00+00:00,0.8900149464607239,0.8935949802398682,0.8881900310516357,0.8912354111671448,0.8912354111671448,22320,CORE23254-USD
3869,2024-09-03 19:00:00+00:00,0.8917109966278076,0.8979763984680176,0.8917109966278076,0.8923555016517639,0.8923555016517639,35930,CORE23254-USD
3870,2024-09-03 20:00:00+00:00,0.8920378088951111,0.8930797576904297,0.8884180784225464,0.8901405334472656,0.8901405334472656,0,CORE23254-USD
3871,2024-09-03 21:00:00+00:00,0.8914612531661987,0.8919663429260254,0.8840510249137878,0.8871769905090332,0.8871769905090332,0,CORE23254-USD
3872,2024-09-03 22:00:00+00:00,0.887646496295929,0.8889501094818115,0.8836520314216614,0.8836520314216614,0.8836520314216614,0,CORE23254-USD
3873,2024-09-03 23:00:00+00:00,0.8827701210975647,0.8827701210975647,0.873369038105011,0.873369038105011,0.873369038105011,172112,CORE23254-USD
3874,2024-09-04 00:00:00+00:00,0.872512936592102,0.8838701844215393,0.872512936592102,0.8744212985038757,0.8744212985038757,307910,CORE23254-USD
3875,2024-09-04 01:00:00+00:00,0.8584673404693604,0.8644785284996033,0.8408056497573853,0.8637673258781433,0.8637673258781433,2131758,CORE23254-USD
3876,2024-09-04 02:00:00+00:00,0.864519476890564,0.8686715960502625,0.8627455830574036,0.8686715960502625,0.8686715960502625,22468,CORE23254-USD
3877,2024-09-04 03:00:00+00:00,0.868697464466095,0.8761860132217407,0.868697464466095,0.8759894967079163,0.8759894967079163,260840,CORE23254-USD
3878,2024-09-04 04:00:00+00:00,0.8746820092201233,0.878756046295166,0.8738192319869995,0.878756046295166,0.878756046295166,385404,CORE23254-USD
3879,2024-09-04 05:00:00+00:00,0.8785486221313477,0.8791747689247131,0.8688842058181763,0.8705037832260132,0.8705037832260132,0,CORE23254-USD
3880,2024-09-04 06:00:00+00:00,0.8716527819633484,0.8804019093513489,0.8716527819633484,0.8798332214355469,0.8798332214355469,371716,CORE23254-USD
3881,2024-09-04 07:00:00+00:00,0.8770837187767029,0.892830491065979,0.8770837187767029,0.8878948092460632,0.8878948092460632,326768,CORE23254-USD
3882,2024-09-04 08:00:00+00:00,0.8891934752464294,0.8891934752464294,0.8826233148574829,0.8855215907096863,0.8855215907096863,161536,CORE23254-USD
3883,2024-09-04 09:00:00+00:00,0.886868953704834,0.8885156512260437,0.8839324712753296,0.8839324712753296,0.8839324712753296,346996,CORE23254-USD
3884,2024-09-04 10:00:00+00:00,0.8829395771026611,0.8829395771026611,0.8744572997093201,0.8744572997093201,0.8744572997093201,398796,CORE23254-USD
3885,2024-09-04 11:00:00+00:00,0.8752772212028503,0.8753557205200195,0.8680594563484192,0.8730645179748535,0.8730645179748535,533392,CORE23254-USD
3886,2024-09-04 12:00:00+00:00,0.872901201248169,0.8782753944396973,0.8686866164207458,0.8740590214729309,0.8740590214729309,452208,CORE23254-USD
3887,2024-09-04 13:00:00+00:00,0.8721151947975159,0.8743715286254883,0.8703673481941223,0.874276876449585,0.874276876449585,0,CORE23254-USD
3888,2024-09-04 14:00:00+00:00,0.8713239431381226,0.8885498046875,0.8713239431381226,0.8885498046875,0.8885498046875,0,CORE23254-USD
3889,2024-09-04 15:00:00+00:00,0.8942328095436096,0.8980851173400879,0.8814059495925903,0.8833563327789307,0.8833563327789307,1138228,CORE23254-USD
3890,2024-09-04 16:00:00+00:00,0.8904504776000977,0.8970623016357422,0.8846908211708069,0.8925538659095764,0.8925538659095764,757624,CORE23254-USD
3891,2024-09-04 17:00:00+00:00,0.8932160139083862,0.8942259550094604,0.8788934350013733,0.8788934350013733,0.8788934350013733,206716,CORE23254-USD
3892,2024-09-04 18:00:00+00:00,0.8784312009811401,0.8797258138656616,0.8733192682266235,0.8753061890602112,0.8753061890602112,86060,CORE23254-USD
3893,2024-09-04 19:00:00+00:00,0.8745546340942383,0.8759821653366089,0.8733026385307312,0.8746700882911682,0.8746700882911682,72552,CORE23254-USD
3894,2024-09-04 20:00:00+00:00,0.876637876033783,0.8832218050956726,0.876637876033783,0.8832218050956726,0.8832218050956726,465348,CORE23254-USD
3895,2024-09-04 21:00:00+00:00,0.8832740187644958,0.8854111433029175,0.8809492588043213,0.8854111433029175,0.8854111433029175,17036,CORE23254-USD
3896,2024-09-04 22:00:00+00:00,0.8876179456710815,0.8896561861038208,0.8859847187995911,0.8882131576538086,0.8882131576538086,408292,CORE23254-USD
3897,2024-09-04 23:00:00+00:00,0.888066291809082,0.8888673186302185,0.8827131986618042,0.8827131986618042,0.8827131986618042,0,CORE23254-USD
3898,2024-09-05 00:00:00+00:00,0.8836046457290649,0.8857318758964539,0.880258321762085,0.8840006589889526,0.8840006589889526,62804,CORE23254-USD
3899,2024-09-05 01:00:00+00:00,0.8814370036125183,0.8913061618804932,0.8814370036125183,0.8889478445053101,0.8889478445053101,0,CORE23254-USD
3900,2024-09-05 02:00:00+00:00,0.8885109424591064,0.8885109424591064,0.8828437924385071,0.882859468460083,0.882859468460083,0,CORE23254-USD
3901,2024-09-05 03:00:00+00:00,0.881262481212616,0.881262481212616,0.8733529448509216,0.8733529448509216,0.8733529448509216,276740,CORE23254-USD
3902,2024-09-05 04:00:00+00:00,0.8718468546867371,0.8790428042411804,0.8718468546867371,0.8784927725791931,0.8784927725791931,0,CORE23254-USD
3903,2024-09-05 05:00:00+00:00,0.8767057657241821,0.8774446845054626,0.8727685213088989,0.8774446845054626,0.8774446845054626,16004,CORE23254-USD
3904,2024-09-05 06:00:00+00:00,0.8765750527381897,0.8772529363632202,0.8717032670974731,0.8752649426460266,0.8752649426460266,323300,CORE23254-USD
3905,2024-09-05 07:00:00+00:00,0.8760678172111511,0.880334734916687,0.8760678172111511,0.879082977771759,0.879082977771759,0,CORE23254-USD
3906,2024-09-05 08:00:00+00:00,0.8785242438316345,0.8809636831283569,0.8760518431663513,0.8766318559646606,0.8766318559646606,0,CORE23254-USD
3907,2024-09-05 09:00:00+00:00,0.8765125274658203,0.8773401379585266,0.872061550617218,0.8735418915748596,0.8735418915748596,0,CORE23254-USD
3908,2024-09-05 10:00:00+00:00,0.8733083605766296,0.8733083605766296,0.8675826787948608,0.87010258436203,0.87010258436203,0,CORE23254-USD
3909,2024-09-05 11:00:00+00:00,0.8700252175331116,0.8727579712867737,0.8680652379989624,0.8700549006462097,0.8700549006462097,0,CORE23254-USD
3910,2024-09-05 12:00:00+00:00,0.8695865273475647,0.8716069459915161,0.8669816851615906,0.8695876002311707,0.8695876002311707,0,CORE23254-USD
3911,2024-09-05 13:00:00+00:00,0.8703405261039734,0.8773963451385498,0.8694129586219788,0.8754796385765076,0.8754796385765076,0,CORE23254-USD
3912,2024-09-05 14:00:00+00:00,0.879318356513977,0.879318356513977,0.8687519431114197,0.8693463802337646,0.8693463802337646,0,CORE23254-USD
3913,2024-09-05 15:00:00+00:00,0.8689964413642883,0.8696423768997192,0.8632730841636658,0.8683844804763794,0.8683844804763794,0,CORE23254-USD
3914,2024-09-05 16:00:00+00:00,0.8672041893005371,0.8684318661689758,0.8618412017822266,0.8618412017822266,0.8618412017822266,0,CORE23254-USD
3915,2024-09-05 17:00:00+00:00,0.8637362718582153,0.8687148690223694,0.8613448143005371,0.8687148690223694,0.8687148690223694,0,CORE23254-USD
3916,2024-09-05 18:00:00+00:00,0.8712985515594482,0.8772056102752686,0.870453953742981,0.8731260299682617,0.8731260299682617,0,CORE23254-USD
3917,2024-09-05 19:00:00+00:00,0.8718098998069763,0.8722118139266968,0.8583364486694336,0.860230028629303,0.860230028629303,63278,CORE23254-USD
3918,2024-09-05 20:00:00+00:00,0.8620150685310364,0.8634830117225647,0.8614240288734436,0.8614240288734436,0.8614240288734436,0,CORE23254-USD
3919,2024-09-05 21:00:00+00:00,0.8614073395729065,0.8641621470451355,0.8595352172851562,0.8619115948677063,0.8619115948677063,62092,CORE23254-USD
3920,2024-09-05 22:00:00+00:00,0.8638058304786682,0.8638058304786682,0.855544924736023,0.8636845350265503,0.8636845350265503,83676,CORE23254-USD
3921,2024-09-05 23:00:00+00:00,0.8659590482711792,0.8659590482711792,0.8622032403945923,0.8636661171913147,0.8636661171913147,0,CORE23254-USD
3922,2024-09-06 00:00:00+00:00,0.8623107075691223,0.8623742461204529,0.8570361137390137,0.8588573932647705,0.8588573932647705,0,CORE23254-USD
3923,2024-09-06 01:00:00+00:00,0.8596274852752686,0.8695337176322937,0.8573378324508667,0.8677674531936646,0.8677674531936646,141006,CORE23254-USD
3924,2024-09-06 02:00:00+00:00,0.8693540096282959,0.872300922870636,0.8684877753257751,0.8720783591270447,0.8720783591270447,114288,CORE23254-USD
3925,2024-09-06 03:00:00+00:00,0.8717973232269287,0.8724349737167358,0.8676753044128418,0.8676753044128418,0.8676753044128418,0,CORE23254-USD
3926,2024-09-06 04:00:00+00:00,0.8678723573684692,0.8692353963851929,0.8652169108390808,0.8658899664878845,0.8658899664878845,0,CORE23254-USD
3927,2024-09-06 05:00:00+00:00,0.8657436966896057,0.8674873113632202,0.8613342642784119,0.8671209216117859,0.8671209216117859,0,CORE23254-USD
3928,2024-09-06 06:00:00+00:00,0.8664504885673523,0.8664504885673523,0.8615185618400574,0.8649297952651978,0.8649297952651978,0,CORE23254-USD
3929,2024-09-06 07:00:00+00:00,0.865178108215332,0.865178108215332,0.8453746438026428,0.8512464761734009,0.8512464761734009,1198844,CORE23254-USD
3930,2024-09-06 08:00:00+00:00,0.848690390586853,0.8532375693321228,0.848690390586853,0.8494032621383667,0.8494032621383667,376418,CORE23254-USD
3931,2024-09-06 09:00:00+00:00,0.8495305180549622,0.8509201407432556,0.8486051559448242,0.8502784967422485,0.8502784967422485,0,CORE23254-USD
3932,2024-09-06 10:00:00+00:00,0.8516050577163696,0.8578693866729736,0.8516050577163696,0.8551924824714661,0.8551924824714661,0,CORE23254-USD
3933,2024-09-06 11:00:00+00:00,0.8551996350288391,0.8551996350288391,0.8514361381530762,0.8543291687965393,0.8543291687965393,0,CORE23254-USD
3934,2024-09-06 12:00:00+00:00,0.8532366752624512,0.8689473271369934,0.8481472134590149,0.8689473271369934,0.8689473271369934,898584,CORE23254-USD
3935,2024-09-06 13:00:00+00:00,0.8681719303131104,0.868959367275238,0.8574923276901245,0.8588439226150513,0.8588439226150513,564856,CORE23254-USD
3936,2024-09-06 14:00:00+00:00,0.8547434210777283,0.8547434210777283,0.8477710485458374,0.8493021726608276,0.8493021726608276,470736,CORE23254-USD
3937,2024-09-06 15:00:00+00:00,0.8531767129898071,0.8531767129898071,0.8445016741752625,0.8487635850906372,0.8487635850906372,435960,CORE23254-USD
3938,2024-09-06 16:00:00+00:00,0.8510017395019531,0.8510017395019531,0.8391134142875671,0.8391134142875671,0.8391134142875671,369596,CORE23254-USD
3939,2024-09-06 17:00:00+00:00,0.841238260269165,0.8454991579055786,0.8357343077659607,0.8408398628234863,0.8408398628234863,584016,CORE23254-USD
3940,2024-09-06 18:00:00+00:00,0.8384233713150024,0.8384233713150024,0.8229829668998718,0.8236866593360901,0.8236866593360901,1209252,CORE23254-USD
3941,2024-09-06 19:00:00+00:00,0.8196058869361877,0.8259758949279785,0.8194862008094788,0.8233110308647156,0.8233110308647156,706468,CORE23254-USD
3942,2024-09-06 20:00:00+00:00,0.8213340044021606,0.8244339823722839,0.8022502660751343,0.8022502660751343,0.8022502660751343,958832,CORE23254-USD
3943,2024-09-06 21:00:00+00:00,0.8005199432373047,0.818798303604126,0.7968806028366089,0.818798303604126,0.818798303604126,1440732,CORE23254-USD
3944,2024-09-06 22:00:00+00:00,0.8203308582305908,0.8316968679428101,0.8191062808036804,0.8243215084075928,0.8243215084075928,326160,CORE23254-USD
3945,2024-09-06 23:00:00+00:00,0.8258377313613892,0.8328702449798584,0.8258377313613892,0.8326827883720398,0.8326827883720398,504512,CORE23254-USD
3946,2024-09-07 00:00:00+00:00,0.8341140151023865,0.8370038866996765,0.8301291465759277,0.8301291465759277,0.8301291465759277,279232,CORE23254-USD
3947,2024-09-07 01:00:00+00:00,0.8298368453979492,0.8305855989456177,0.822584867477417,0.822799801826477,0.822799801826477,336160,CORE23254-USD
3948,2024-09-07 02:00:00+00:00,0.8227319121360779,0.8266989588737488,0.822495698928833,0.8243581056594849,0.8243581056594849,163776,CORE23254-USD
3949,2024-09-07 03:00:00+00:00,0.8239201903343201,0.8287054896354675,0.8239201903343201,0.8276685476303101,0.8276685476303101,198784,CORE23254-USD
3950,2024-09-07 04:00:00+00:00,0.8280406594276428,0.8334890007972717,0.8280406594276428,0.8334890007972717,0.8334890007972717,290880,CORE23254-USD
3951,2024-09-07 05:00:00+00:00,0.8333314657211304,0.8406030535697937,0.8333314657211304,0.8385666012763977,0.8385666012763977,723500,CORE23254-USD
3952,2024-09-07 06:00:00+00:00,0.8393914103507996,0.8414321541786194,0.8375496864318848,0.8414321541786194,0.8414321541786194,448796,CORE23254-USD
3953,2024-09-07 07:00:00+00:00,0.8417184948921204,0.844872236251831,0.8404741883277893,0.844062328338623,0.844062328338623,0,CORE23254-USD
3954,2024-09-07 08:00:00+00:00,0.845212459564209,0.849014937877655,0.8448611497879028,0.8468589782714844,0.8468589782714844,121304,CORE23254-USD
3955,2024-09-07 09:00:00+00:00,0.8488101363182068,0.8488101363182068,0.8402007818222046,0.8411204218864441,0.8411204218864441,400092,CORE23254-USD
3956,2024-09-07 10:00:00+00:00,0.8408799171447754,0.8450407385826111,0.8408799171447754,0.841285228729248,0.841285228729248,333452,CORE23254-USD
3957,2024-09-07 11:00:00+00:00,0.8407065868377686,0.8448031544685364,0.8405330181121826,0.8433719277381897,0.8433719277381897,44288,CORE23254-USD
3958,2024-09-07 12:00:00+00:00,0.8449456691741943,0.8540621399879456,0.8449456691741943,0.8540621399879456,0.8540621399879456,0,CORE23254-USD
3959,2024-09-07 13:00:00+00:00,0.8523448705673218,0.8531351089477539,0.8462107181549072,0.8475955128669739,0.8475955128669739,0,CORE23254-USD
3960,2024-09-07 14:00:00+00:00,0.8472440242767334,0.8499788641929626,0.8449167609214783,0.8466242551803589,0.8466242551803589,0,CORE23254-USD
3961,2024-09-07 15:00:00+00:00,0.8493107557296753,0.8562310934066772,0.8493107557296753,0.8534700870513916,0.8534700870513916,0,CORE23254-USD
3962,2024-09-07 16:00:00+00:00,0.8533055782318115,0.8540972471237183,0.844855785369873,0.8452877402305603,0.8452877402305603,0,CORE23254-USD
3963,2024-09-07 17:00:00+00:00,0.8445297479629517,0.8458831310272217,0.8350843787193298,0.8350843787193298,0.8350843787193298,0,CORE23254-USD
3964,2024-09-07 18:00:00+00:00,0.8372944593429565,0.8412438631057739,0.8372944593429565,0.8393645882606506,0.8393645882606506,0,CORE23254-USD
3965,2024-09-07 19:00:00+00:00,0.8399099111557007,0.8484496474266052,0.8384557366371155,0.8484496474266052,0.8484496474266052,0,CORE23254-USD
3966,2024-09-07 20:00:00+00:00,0.8467896580696106,0.8467896580696106,0.8404284119606018,0.8404284119606018,0.8404284119606018,0,CORE23254-USD
3967,2024-09-07 21:00:00+00:00,0.8401625752449036,0.8423184752464294,0.8382353782653809,0.8398808836936951,0.8398808836936951,0,CORE23254-USD
3968,2024-09-07 22:00:00+00:00,0.8373417854309082,0.8382170796394348,0.8340266942977905,0.8361436724662781,0.8361436724662781,0,CORE23254-USD
3969,2024-09-07 23:00:00+00:00,0.8350700736045837,0.8410120010375977,0.8333765268325806,0.8410120010375977,0.8410120010375977,0,CORE23254-USD
3970,2024-09-08 00:00:00+00:00,0.8412275910377502,0.8412275910377502,0.836968183517456,0.8397241830825806,0.8397241830825806,0,CORE23254-USD
3971,2024-09-08 01:00:00+00:00,0.8399345278739929,0.8453221917152405,0.8399345278739929,0.844142496585846,0.844142496585846,0,CORE23254-USD
3972,2024-09-08 02:00:00+00:00,0.8446905612945557,0.8482058644294739,0.84441739320755,0.847029447555542,0.847029447555542,0,CORE23254-USD
3973,2024-09-08 03:00:00+00:00,0.8469359278678894,0.8516295552253723,0.8469359278678894,0.8516295552253723,0.8516295552253723,0,CORE23254-USD
3974,2024-09-08 04:00:00+00:00,0.8528896570205688,0.8546709418296814,0.8510903120040894,0.8546709418296814,0.8546709418296814,0,CORE23254-USD
3975,2024-09-08 05:00:00+00:00,0.854282796382904,0.8557019829750061,0.8512776494026184,0.8512776494026184,0.8512776494026184,0,CORE23254-USD
3976,2024-09-08 06:00:00+00:00,0.8538643717765808,0.855093777179718,0.8518774509429932,0.8523598313331604,0.8523598313331604,0,CORE23254-USD
3977,2024-09-08 07:00:00+00:00,0.8511029481887817,0.8668745756149292,0.8511029481887817,0.8651285171508789,0.8651285171508789,0,CORE23254-USD
3978,2024-09-08 08:00:00+00:00,0.8638070821762085,0.8713459968566895,0.8612216114997864,0.8713459968566895,0.8713459968566895,0,CORE23254-USD
3979,2024-09-08 09:00:00+00:00,0.8735910654067993,0.8833802342414856,0.8733492493629456,0.8750603795051575,0.8750603795051575,525222,CORE23254-USD
3980,2024-09-08 10:00:00+00:00,0.8775889873504639,0.8850011229515076,0.8775889873504639,0.8812731504440308,0.8812731504440308,0,CORE23254-USD
3981,2024-09-08 11:00:00+00:00,0.8823029398918152,0.8823029398918152,0.87566739320755,0.8765237331390381,0.8765237331390381,0,CORE23254-USD
3982,2024-09-08 12:00:00+00:00,0.8764135241508484,0.8816269636154175,0.8673296570777893,0.8673296570777893,0.8673296570777893,29088,CORE23254-USD
3983,2024-09-08 13:00:00+00:00,0.8679909706115723,0.8721731901168823,0.8657044768333435,0.871022641658783,0.871022641658783,0,CORE23254-USD
3984,2024-09-08 14:00:00+00:00,0.8716168403625488,0.8716168403625488,0.8662270903587341,0.8662270903587341,0.8662270903587341,0,CORE23254-USD
3985,2024-09-08 15:00:00+00:00,0.8672527074813843,0.8678414225578308,0.8602699041366577,0.8602699041366577,0.8602699041366577,0,CORE23254-USD
3986,2024-09-08 16:00:00+00:00,0.8562357425689697,0.8814209699630737,0.8562357425689697,0.8708900213241577,0.8708900213241577,1050646,CORE23254-USD
3987,2024-09-08 17:00:00+00:00,0.8720194697380066,0.8938224911689758,0.8720194697380066,0.8864884376525879,0.8864884376525879,1032146,CORE23254-USD
3988,2024-09-08 18:00:00+00:00,0.8840136528015137,0.8856858611106873,0.8778943419456482,0.8805115818977356,0.8805115818977356,0,CORE23254-USD
3989,2024-09-08 19:00:00+00:00,0.8793479800224304,0.8807145357131958,0.877212643623352,0.8787583112716675,0.8787583112716675,0,CORE23254-USD
3990,2024-09-08 20:00:00+00:00,0.8764469027519226,0.8812575340270996,0.87540203332901,0.8812575340270996,0.8812575340270996,76876,CORE23254-USD
3991,2024-09-08 21:00:00+00:00,0.8804750442504883,0.8859062194824219,0.8804750442504883,0.8847874402999878,0.8847874402999878,350000,CORE23254-USD
3992,2024-09-08 22:00:00+00:00,0.8866904973983765,0.8960652351379395,0.8852264285087585,0.8890323042869568,0.8890323042869568,819388,CORE23254-USD
3993,2024-09-08 23:00:00+00:00,0.8867286443710327,0.8909516334533691,0.8864916563034058,0.8869544863700867,0.8869544863700867,272220,CORE23254-USD
3994,2024-09-09 00:00:00+00:00,0.888990581035614,0.8935526609420776,0.8813640475273132,0.884671688079834,0.884671688079834,416294,CORE23254-USD
3995,2024-09-09 01:00:00+00:00,0.8873656988143921,0.8903951644897461,0.8831048607826233,0.8876391053199768,0.8876391053199768,295288,CORE23254-USD
3996,2024-09-09 02:00:00+00:00,0.8873628377914429,0.8873628377914429,0.8817017674446106,0.8834755420684814,0.8834755420684814,6028,CORE23254-USD
3997,2024-09-09 03:00:00+00:00,0.8840460181236267,0.8847272992134094,0.8780369758605957,0.8839791417121887,0.8839791417121887,240000,CORE23254-USD
3998,2024-09-09 04:00:00+00:00,0.8830572366714478,0.8830572366714478,0.8759982585906982,0.8775728940963745,0.8775728940963745,71124,CORE23254-USD
3999,2024-09-09 05:00:00+00:00,0.8778162598609924,0.8778162598609924,0.8733699321746826,0.8738747835159302,0.8738747835159302,73480,CORE23254-USD
4000,2024-09-09 06:00:00+00:00,0.8747422099113464,0.8823062181472778,0.8747422099113464,0.8823062181472778,0.8823062181472778,290164,CORE23254-USD
4001,2024-09-09 07:00:00+00:00,0.8838440179824829,0.8861822485923767,0.881720781326294,0.8844843506813049,0.8844843506813049,0,CORE23254-USD
4002,2024-09-09 08:00:00+00:00,0.8853679895401001,0.8898056745529175,0.8853679895401001,0.8884544372558594,0.8884544372558594,169120,CORE23254-USD
4003,2024-09-09 09:00:00+00:00,0.8889854550361633,0.8903263807296753,0.8827858567237854,0.8827858567237854,0.8827858567237854,0,CORE23254-USD
4004,2024-09-09 10:00:00+00:00,0.8829314112663269,0.8876672387123108,0.8828025460243225,0.8847104907035828,0.8847104907035828,0,CORE23254-USD
4005,2024-09-09 11:00:00+00:00,0.8846255540847778,0.8863122463226318,0.8824923038482666,0.8839006423950195,0.8839006423950195,0,CORE23254-USD
4006,2024-09-09 12:00:00+00:00,0.8848850727081299,0.8867861032485962,0.8828157782554626,0.8867861032485962,0.8867861032485962,0,CORE23254-USD
4007,2024-09-09 13:00:00+00:00,0.8863004446029663,0.8917665481567383,0.8856464624404907,0.891364574432373,0.891364574432373,121252,CORE23254-USD
4008,2024-09-09 14:00:00+00:00,0.8919667601585388,0.8927714824676514,0.8813636898994446,0.8830530047416687,0.8830530047416687,370144,CORE23254-USD
4009,2024-09-09 15:00:00+00:00,0.8829391598701477,0.8896135091781616,0.8829391598701477,0.8888706564903259,0.8888706564903259,0,CORE23254-USD
4010,2024-09-09 16:00:00+00:00,0.8892574310302734,0.9132827520370483,0.8892574310302734,0.9132827520370483,0.9132827520370483,227904,CORE23254-USD
4011,2024-09-09 17:00:00+00:00,0.9123543500900269,0.9140288233757019,0.9108946323394775,0.9134271740913391,0.9134271740913391,0,CORE23254-USD
4012,2024-09-09 18:00:00+00:00,0.9133524894714355,0.9198814034461975,0.9129174947738647,0.91573566198349,0.91573566198349,452760,CORE23254-USD
4013,2024-09-09 19:00:00+00:00,0.9155621528625488,0.9199639558792114,0.9155621528625488,0.9194216132164001,0.9194216132164001,512500,CORE23254-USD
4014,2024-09-09 20:00:00+00:00,0.9204104542732239,0.9204790592193604,0.9178803563117981,0.9204790592193604,0.9204790592193604,0,CORE23254-USD
4015,2024-09-09 21:00:00+00:00,0.919903039932251,0.9323949217796326,0.919903039932251,0.9323949217796326,0.9323949217796326,859584,CORE23254-USD
4016,2024-09-09 22:00:00+00:00,0.9320098161697388,0.9320098161697388,0.9226959347724915,0.9257455468177795,0.9257455468177795,128360,CORE23254-USD
4017,2024-09-09 23:00:00+00:00,0.9253684878349304,0.9274039268493652,0.9216659665107727,0.9216659665107727,0.9216659665107727,0,CORE23254-USD
4018,2024-09-10 00:00:00+00:00,0.9217884540557861,0.9217884540557861,0.9160789847373962,0.9205069541931152,0.9205069541931152,325388,CORE23254-USD
4019,2024-09-10 01:00:00+00:00,0.9206862449645996,0.9217970371246338,0.9176058769226074,0.9189175367355347,0.9189175367355347,10328,CORE23254-USD
4020,2024-09-10 02:00:00+00:00,0.9191149473190308,0.9295803308486938,0.9179165959358215,0.9256487488746643,0.9256487488746643,357136,CORE23254-USD
4021,2024-09-10 03:00:00+00:00,0.9257659912109375,0.9280399084091187,0.9203761219978333,0.9220072627067566,0.9220072627067566,397440,CORE23254-USD
4022,2024-09-10 04:00:00+00:00,0.922283947467804,0.9280667901039124,0.922283947467804,0.9269806146621704,0.9269806146621704,127452,CORE23254-USD
4023,2024-09-10 05:00:00+00:00,0.9280617237091064,0.9355261921882629,0.9280617237091064,0.9355261921882629,0.9355261921882629,360416,CORE23254-USD
4024,2024-09-10 06:00:00+00:00,0.9348647594451904,0.9379454255104065,0.9348647594451904,0.9372323751449585,0.9372323751449585,280368,CORE23254-USD
4025,2024-09-10 07:00:00+00:00,0.9348598122596741,0.9348598122596741,0.9322203397750854,0.9333361983299255,0.9333361983299255,183848,CORE23254-USD
4026,2024-09-10 08:00:00+00:00,0.9337873458862305,0.9376927614212036,0.9301073551177979,0.9301073551177979,0.9301073551177979,92104,CORE23254-USD
4027,2024-09-10 09:00:00+00:00,0.9272748827934265,0.9338282942771912,0.9261167049407959,0.9319531321525574,0.9319531321525574,500188,CORE23254-USD
4028,2024-09-10 10:00:00+00:00,0.9314658045768738,0.9322846531867981,0.9283724427223206,0.9310054779052734,0.9310054779052734,0,CORE23254-USD
4029,2024-09-10 11:00:00+00:00,0.9329187273979187,0.9401937127113342,0.9328347444534302,0.9401937127113342,0.9401937127113342,108808,CORE23254-USD
4030,2024-09-10 12:00:00+00:00,0.9422942996025085,0.9532517790794373,0.9401323795318604,0.9401323795318604,0.9401323795318604,1222768,CORE23254-USD
4031,2024-09-10 13:00:00+00:00,0.9391106963157654,0.9423666596412659,0.9342922568321228,0.9408910274505615,0.9408910274505615,218836,CORE23254-USD
4032,2024-09-10 14:00:00+00:00,0.9395455718040466,0.9424522519111633,0.9335266351699829,0.9424522519111633,0.9424522519111633,0,CORE23254-USD
4033,2024-09-10 15:00:00+00:00,0.9457821846008301,0.9492645263671875,0.944317638874054,0.9468105435371399,0.9468105435371399,203016,CORE23254-USD
4034,2024-09-10 16:00:00+00:00,0.9461789131164551,0.9659565687179565,0.9461789131164551,0.9659565687179565,0.9659565687179565,641776,CORE23254-USD
4035,2024-09-10 17:00:00+00:00,0.9638062715530396,0.978127658367157,0.9638062715530396,0.9778276681900024,0.9778276681900024,0,CORE23254-USD
4036,2024-09-10 18:00:00+00:00,0.9765049815177917,0.9867420792579651,0.9743446111679077,0.9748638272285461,0.9748638272285461,183164,CORE23254-USD
4037,2024-09-10 19:00:00+00:00,0.9729095697402954,0.9769757986068726,0.9729095697402954,0.973724365234375,0.973724365234375,57520,CORE23254-USD
4038,2024-09-10 20:00:00+00:00,0.97444748878479,0.9796631336212158,0.97444748878479,0.9752228856086731,0.9752228856086731,71652,CORE23254-USD
4039,2024-09-10 21:00:00+00:00,0.9747432470321655,0.9800689816474915,0.9747432470321655,0.9764293432235718,0.9764293432235718,0,CORE23254-USD
4040,2024-09-10 22:00:00+00:00,0.9784600138664246,0.9813492894172668,0.9745723605155945,0.9745723605155945,0.9745723605155945,0,CORE23254-USD
4041,2024-09-10 23:00:00+00:00,0.9757165908813477,0.9757165908813477,0.9672080278396606,0.9678095579147339,0.9678095579147339,0,CORE23254-USD
4042,2024-09-11 00:00:00+00:00,0.9694767594337463,0.979512631893158,0.9694767594337463,0.9778594970703125,0.9778594970703125,210936,CORE23254-USD
4043,2024-09-11 01:00:00+00:00,0.9826599955558777,0.9903634786605835,0.9785667657852173,0.9845067262649536,0.9845067262649536,1771224,CORE23254-USD
4044,2024-09-11 02:00:00+00:00,0.979901909828186,0.979901909828186,0.9598472714424133,0.9598472714424133,0.9598472714424133,624800,CORE23254-USD
4045,2024-09-11 03:00:00+00:00,0.9564487934112549,0.9564487934112549,0.9326366186141968,0.9341259598731995,0.9341259598731995,1533304,CORE23254-USD
4046,2024-09-11 04:00:00+00:00,0.932671844959259,0.932671844959259,0.9119762778282166,0.9138579368591309,0.9138579368591309,1084800,CORE23254-USD
4047,2024-09-11 05:00:00+00:00,0.9165180921554565,0.9310855269432068,0.9165180921554565,0.9310855269432068,0.9310855269432068,459736,CORE23254-USD
4048,2024-09-11 06:00:00+00:00,0.9288947582244873,0.9418403506278992,0.9281907081604004,0.9283071160316467,0.9283071160316467,411148,CORE23254-USD
4049,2024-09-11 07:00:00+00:00,0.9308797717094421,0.9398393630981445,0.9308797717094421,0.939781665802002,0.939781665802002,0,CORE23254-USD
4050,2024-09-11 08:00:00+00:00,0.938538134098053,0.938538134098053,0.927082359790802,0.9287394881248474,0.9287394881248474,0,CORE23254-USD
4051,2024-09-11 09:00:00+00:00,0.9271722435951233,0.9324074983596802,0.9271722435951233,0.929336667060852,0.929336667060852,0,CORE23254-USD
4052,2024-09-11 10:00:00+00:00,0.928881049156189,0.928970456123352,0.9188715815544128,0.9221026301383972,0.9221026301383972,412648,CORE23254-USD
4053,2024-09-11 11:00:00+00:00,0.9246172308921814,0.927405059337616,0.9240854382514954,0.9252927899360657,0.9252927899360657,13084,CORE23254-USD
4054,2024-09-11 12:00:00+00:00,0.9240216016769409,0.9277681708335876,0.9165105223655701,0.9213516712188721,0.9213516712188721,0,CORE23254-USD
4055,2024-09-11 13:00:00+00:00,0.9246674180030823,0.9307974576950073,0.9113724231719971,0.9113724231719971,0.9113724231719971,314972,CORE23254-USD
4056,2024-09-11 14:00:00+00:00,0.9011904001235962,0.9048385620117188,0.8936142921447754,0.8945489525794983,0.8945489525794983,1824636,CORE23254-USD
4057,2024-09-11 15:00:00+00:00,0.8977702856063843,0.9172577261924744,0.8977702856063843,0.9121129512786865,0.9121129512786865,508796,CORE23254-USD
4058,2024-09-11 16:00:00+00:00,0.9154506921768188,0.9317343235015869,0.9154506921768188,0.9283982515335083,0.9283982515335083,0,CORE23254-USD
4059,2024-09-11 17:00:00+00:00,0.928360641002655,0.933509886264801,0.9269169569015503,0.9293616414070129,0.9293616414070129,0,CORE23254-USD
4060,2024-09-11 18:00:00+00:00,0.9298630952835083,0.930304229259491,0.9209080934524536,0.9231007099151611,0.9231007099151611,0,CORE23254-USD
4061,2024-09-11 19:00:00+00:00,0.9215084314346313,0.9230607748031616,0.9196291565895081,0.9230607748031616,0.9230607748031616,0,CORE23254-USD
4062,2024-09-11 20:00:00+00:00,0.9239531755447388,0.9271789789199829,0.9201366901397705,0.9226780533790588,0.9226780533790588,210028,CORE23254-USD
4063,2024-09-11 21:00:00+00:00,0.9218987226486206,0.92219477891922,0.9170860648155212,0.9198315143585205,0.9198315143585205,6604,CORE23254-USD
4064,2024-09-11 22:00:00+00:00,0.9197268486022949,0.9207406044006348,0.9172323942184448,0.9185083508491516,0.9185083508491516,0,CORE23254-USD
4065,2024-09-11 23:00:00+00:00,0.9199692010879517,0.9281100630760193,0.9187637567520142,0.9281100630760193,0.9281100630760193,0,CORE23254-USD
4066,2024-09-12 00:00:00+00:00,0.9285300970077515,0.9372693300247192,0.9285300970077515,0.9307286143302917,0.9307286143302917,232292,CORE23254-USD
4067,2024-09-12 01:00:00+00:00,0.9305332899093628,0.9378539323806763,0.9305332899093628,0.9356306791305542,0.9356306791305542,0,CORE23254-USD
4068,2024-09-12 02:00:00+00:00,0.9388784170150757,0.9431071877479553,0.9379833340644836,0.9379833340644836,0.9379833340644836,0,CORE23254-USD
4069,2024-09-12 03:00:00+00:00,0.9397174715995789,0.9415795207023621,0.9378373622894287,0.9389633536338806,0.9389633536338806,0,CORE23254-USD
4070,2024-09-12 04:00:00+00:00,0.9385858178138733,0.9439771175384521,0.9375196099281311,0.938327431678772,0.938327431678772,0,CORE23254-USD
4071,2024-09-12 05:00:00+00:00,0.9369736313819885,0.9381362199783325,0.9337048530578613,0.936764657497406,0.936764657497406,0,CORE23254-USD
4072,2024-09-12 06:00:00+00:00,0.9377426505088806,0.940720796585083,0.9346641302108765,0.9356385469436646,0.9356385469436646,0,CORE23254-USD
4073,2024-09-12 07:00:00+00:00,0.9340733289718628,0.9363832473754883,0.9332219958305359,0.9362567067146301,0.9362567067146301,0,CORE23254-USD
4074,2024-09-12 08:00:00+00:00,0.9343276023864746,0.9403284192085266,0.9343276023864746,0.9392448663711548,0.9392448663711548,0,CORE23254-USD
4075,2024-09-12 09:00:00+00:00,0.9377914071083069,0.9377914071083069,0.9340076446533203,0.9344399571418762,0.9344399571418762,0,CORE23254-USD
4076,2024-09-12 10:00:00+00:00,0.9338759183883667,0.9363892674446106,0.9326515197753906,0.9336928725242615,0.9336928725242615,0,CORE23254-USD
4077,2024-09-12 11:00:00+00:00,0.9340235590934753,0.9341674447059631,0.9288672208786011,0.929696261882782,0.929696261882782,0,CORE23254-USD
4078,2024-09-12 12:00:00+00:00,0.9304141402244568,0.9304141402244568,0.9204139113426208,0.9219891428947449,0.9219891428947449,0,CORE23254-USD
4079,2024-09-12 13:00:00+00:00,0.9204226136207581,0.9285690188407898,0.9204226136207581,0.9233754277229309,0.9233754277229309,0,CORE23254-USD
4080,2024-09-12 14:00:00+00:00,0.9247924089431763,0.9325096011161804,0.9229856729507446,0.9229856729507446,0.9229856729507446,0,CORE23254-USD
4081,2024-09-12 15:00:00+00:00,0.9215596914291382,0.9265958070755005,0.9170641899108887,0.9173362851142883,0.9173362851142883,0,CORE23254-USD
4082,2024-09-12 16:00:00+00:00,0.9226738214492798,0.9272167682647705,0.9226738214492798,0.926516056060791,0.926516056060791,0,CORE23254-USD
4083,2024-09-12 17:00:00+00:00,0.9267809987068176,0.9340149164199829,0.9267809987068176,0.9340149164199829,0.9340149164199829,0,CORE23254-USD
4084,2024-09-12 18:00:00+00:00,0.934052586555481,0.934052586555481,0.9267221689224243,0.9267221689224243,0.9267221689224243,0,CORE23254-USD
4085,2024-09-12 19:00:00+00:00,0.9293301105499268,0.9337252974510193,0.9292621612548828,0.9318186640739441,0.9318186640739441,0,CORE23254-USD
4086,2024-09-12 20:00:00+00:00,0.9326476454734802,0.9326476454734802,0.9288067817687988,0.9309488534927368,0.9309488534927368,0,CORE23254-USD
4087,2024-09-12 21:00:00+00:00,0.9306525588035583,0.9315067529678345,0.9298901557922363,0.9310696125030518,0.9310696125030518,0,CORE23254-USD
4088,2024-09-12 22:00:00+00:00,0.9316498637199402,0.9363002777099609,0.930365264415741,0.9355397820472717,0.9355397820472717,0,CORE23254-USD
4089,2024-09-12 23:00:00+00:00,0.9362948536872864,0.9374606013298035,0.9336602091789246,0.9374606013298035,0.9374606013298035,0,CORE23254-USD
4090,2024-09-13 00:00:00+00:00,0.9365351796150208,0.9365351796150208,0.930935800075531,0.930935800075531,0.930935800075531,0,CORE23254-USD
4091,2024-09-13 01:00:00+00:00,0.9306854009628296,0.9306854009628296,0.9237216711044312,0.9296994805335999,0.9296994805335999,0,CORE23254-USD
4092,2024-09-13 02:00:00+00:00,0.9281994700431824,0.9281994700431824,0.9258115887641907,0.9270069003105164,0.9270069003105164,0,CORE23254-USD
4093,2024-09-13 03:00:00+00:00,0.9263156056404114,0.9288453459739685,0.9263156056404114,0.9273642301559448,0.9273642301559448,0,CORE23254-USD
4094,2024-09-13 04:00:00+00:00,0.9264858365058899,0.9279999136924744,0.9248864054679871,0.9248864054679871,0.9248864054679871,0,CORE23254-USD
4095,2024-09-13 05:00:00+00:00,0.9251083731651306,0.9269538521766663,0.9244475364685059,0.9255329966545105,0.9255329966545105,0,CORE23254-USD
4096,2024-09-13 06:00:00+00:00,0.9249439239501953,0.9249439239501953,0.9172146320343018,0.9181151986122131,0.9181151986122131,238986,CORE23254-USD
4097,2024-09-13 07:00:00+00:00,0.91829514503479,0.9225025177001953,0.91829514503479,0.9225025177001953,0.9225025177001953,142558,CORE23254-USD
4098,2024-09-13 08:00:00+00:00,0.9232183694839478,0.9237996339797974,0.92107093334198,0.92107093334198,0.92107093334198,0,CORE23254-USD
4099,2024-09-13 09:00:00+00:00,0.9199690222740173,0.9259265661239624,0.9199690222740173,0.9252996444702148,0.9252996444702148,0,CORE23254-USD
4100,2024-09-13 10:00:00+00:00,0.9239822626113892,0.9290463924407959,0.923793375492096,0.9286921620368958,0.9286921620368958,54836,CORE23254-USD
4101,2024-09-13 11:00:00+00:00,0.927882194519043,0.9280109405517578,0.9195018410682678,0.9195018410682678,0.9195018410682678,0,CORE23254-USD
4102,2024-09-13 12:00:00+00:00,0.9193511605262756,0.9198249578475952,0.9142922163009644,0.9196774363517761,0.9196774363517761,0,CORE23254-USD
4103,2024-09-13 13:00:00+00:00,0.9198723435401917,0.9202395081520081,0.914605438709259,0.9199409484863281,0.9199409484863281,0,CORE23254-USD
4104,2024-09-13 14:00:00+00:00,0.9187241792678833,0.9242379665374756,0.917941689491272,0.9236410856246948,0.9236410856246948,0,CORE23254-USD
4105,2024-09-13 15:00:00+00:00,0.9252930283546448,0.9386000633239746,0.9252930283546448,0.9373820424079895,0.9373820424079895,757558,CORE23254-USD
4106,2024-09-13 16:00:00+00:00,0.9370217323303223,0.937394917011261,0.9315534830093384,0.9344949722290039,0.9344949722290039,40266,CORE23254-USD
4107,2024-09-13 17:00:00+00:00,0.9367576837539673,0.9456660151481628,0.9367576837539673,0.9398698806762695,0.9398698806762695,592892,CORE23254-USD
4108,2024-09-13 18:00:00+00:00,0.9379241466522217,0.9431702494621277,0.9379241466522217,0.9407906532287598,0.9407906532287598,157762,CORE23254-USD
4109,2024-09-13 19:00:00+00:00,0.9407747983932495,0.9432892799377441,0.9401734471321106,0.9423595666885376,0.9423595666885376,46672,CORE23254-USD
4110,2024-09-13 20:00:00+00:00,0.9427964091300964,0.9496886730194092,0.9427964091300964,0.9493728876113892,0.9493728876113892,258462,CORE23254-USD
4111,2024-09-13 21:00:00+00:00,0.9492742419242859,0.9570239186286926,0.9492742419242859,0.9526366591453552,0.9526366591453552,717062,CORE23254-USD
4112,2024-09-13 22:00:00+00:00,0.9537259936332703,0.9578962922096252,0.9510120153427124,0.9524573683738708,0.9524573683738708,393310,CORE23254-USD
4113,2024-09-13 23:00:00+00:00,0.9516718983650208,0.9521365165710449,0.9443575739860535,0.9510085582733154,0.9510085582733154,378328,CORE23254-USD
4114,2024-09-14 00:00:00+00:00,0.9537617564201355,0.9537617564201355,0.9471544027328491,0.9503276944160461,0.9503276944160461,325128,CORE23254-USD
4115,2024-09-14 01:00:00+00:00,0.9528704881668091,0.9548611044883728,0.9491122961044312,0.9526740908622742,0.9526740908622742,10770,CORE23254-USD
4116,2024-09-14 02:00:00+00:00,0.9516357779502869,0.9572871327400208,0.9514017701148987,0.9547052383422852,0.9547052383422852,249088,CORE23254-USD
4117,2024-09-14 03:00:00+00:00,0.9536527991294861,0.9593904614448547,0.9536527991294861,0.9589909911155701,0.9589909911155701,282380,CORE23254-USD
4118,2024-09-14 04:00:00+00:00,0.9601221084594727,0.9601221084594727,0.9568583369255066,0.9569169282913208,0.9569169282913208,27238,CORE23254-USD
4119,2024-09-14 05:00:00+00:00,0.9539809823036194,0.9539809823036194,0.9466709494590759,0.9466709494590759,0.9466709494590759,397156,CORE23254-USD
4120,2024-09-14 06:00:00+00:00,0.9450889825820923,0.9478880763053894,0.9449347257614136,0.9475427269935608,0.9475427269935608,0,CORE23254-USD
4121,2024-09-14 07:00:00+00:00,0.9486882090568542,0.9512277841567993,0.9459327459335327,0.9512277841567993,0.9512277841567993,0,CORE23254-USD
4122,2024-09-14 08:00:00+00:00,0.951720118522644,0.9543339610099792,0.9506546258926392,0.9516294002532959,0.9516294002532959,158750,CORE23254-USD
4123,2024-09-14 09:00:00+00:00,0.9524120688438416,0.9552841782569885,0.9506313800811768,0.9528638124465942,0.9528638124465942,33052,CORE23254-USD
4124,2024-09-14 10:00:00+00:00,0.9524180293083191,0.9524180293083191,0.9472642540931702,0.9472642540931702,0.9472642540931702,0,CORE23254-USD
4125,2024-09-14 11:00:00+00:00,0.9466959834098816,0.9522159099578857,0.9459574818611145,0.9516150951385498,0.9516150951385498,277508,CORE23254-USD
4126,2024-09-14 12:00:00+00:00,0.9496410489082336,0.9577502012252808,0.9486860632896423,0.9541133046150208,0.9541133046150208,0,CORE23254-USD
4127,2024-09-14 13:00:00+00:00,0.9558742046356201,0.9568329453468323,0.9511187672615051,0.9526498913764954,0.9526498913764954,32388,CORE23254-USD
4128,2024-09-14 14:00:00+00:00,0.9544745087623596,0.9573667645454407,0.9501147270202637,0.9573667645454407,0.9573667645454407,0,CORE23254-USD
4129,2024-09-14 15:00:00+00:00,0.9574884176254272,0.9574884176254272,0.9518145322799683,0.9518145322799683,0.9518145322799683,0,CORE23254-USD
4130,2024-09-14 16:00:00+00:00,0.9514001607894897,0.9613115787506104,0.9514001607894897,0.9605368971824646,0.9605368971824646,0,CORE23254-USD
4131,2024-09-14 17:00:00+00:00,0.9697846174240112,0.9756866693496704,0.9515666365623474,0.9515666365623474,0.9515666365623474,775618,CORE23254-USD
4132,2024-09-14 18:00:00+00:00,0.9498856663703918,0.9498856663703918,0.9329988360404968,0.9394485950469971,0.9394485950469971,776192,CORE23254-USD
4133,2024-09-14 19:00:00+00:00,0.9373033046722412,0.9395867586135864,0.9362424612045288,0.9368269443511963,0.9368269443511963,111304,CORE23254-USD
4134,2024-09-14 20:00:00+00:00,0.9364413619041443,0.9432554244995117,0.9354322552680969,0.9428624510765076,0.9428624510765076,0,CORE23254-USD
4135,2024-09-14 21:00:00+00:00,0.9422277212142944,0.9445480704307556,0.9410943388938904,0.9445480704307556,0.9445480704307556,0,CORE23254-USD
4136,2024-09-14 22:00:00+00:00,0.9441983103752136,0.9486929178237915,0.9430223107337952,0.9486929178237915,0.9486929178237915,0,CORE23254-USD
4137,2024-09-14 23:00:00+00:00,0.9486136436462402,0.9490649700164795,0.9455742239952087,0.9455742239952087,0.9455742239952087,0,CORE23254-USD
4138,2024-09-15 00:00:00+00:00,0.9444298148155212,0.9464974403381348,0.9428748488426208,0.9459618926048279,0.9459618926048279,0,CORE23254-USD
4139,2024-09-15 01:00:00+00:00,0.9461063742637634,0.9542111754417419,0.9461063742637634,0.950666606426239,0.950666606426239,0,CORE23254-USD
4140,2024-09-15 02:00:00+00:00,0.9490060806274414,0.9538571834564209,0.9482777118682861,0.9538571834564209,0.9538571834564209,0,CORE23254-USD
4141,2024-09-15 03:00:00+00:00,0.9544968008995056,0.9564723372459412,0.9484965801239014,0.9490275382995605,0.9490275382995605,0,CORE23254-USD
4142,2024-09-15 04:00:00+00:00,0.9490244388580322,0.9511486291885376,0.9462495446205139,0.9483668804168701,0.9483668804168701,0,CORE23254-USD
4143,2024-09-15 05:00:00+00:00,0.9472877979278564,0.9519945979118347,0.9472877979278564,0.9506335854530334,0.9506335854530334,0,CORE23254-USD
4144,2024-09-15 06:00:00+00:00,0.9496349692344666,0.9547765851020813,0.9496349692344666,0.952604353427887,0.952604353427887,0,CORE23254-USD
4145,2024-09-15 07:00:00+00:00,0.9530219435691833,0.9540448188781738,0.951367199420929,0.952889621257782,0.952889621257782,0,CORE23254-USD
4146,2024-09-15 08:00:00+00:00,0.9527327418327332,0.9527327418327332,0.947030782699585,0.9473605155944824,0.9473605155944824,0,CORE23254-USD
4147,2024-09-15 09:00:00+00:00,0.9469786286354065,0.9495833516120911,0.9469080567359924,0.9469080567359924,0.9469080567359924,0,CORE23254-USD
4148,2024-09-15 10:00:00+00:00,0.9475547671318054,0.9491142630577087,0.9450247287750244,0.9454532265663147,0.9454532265663147,0,CORE23254-USD
4149,2024-09-15 11:00:00+00:00,0.9443970322608948,0.9447259306907654,0.9388246536254883,0.9442976713180542,0.9442976713180542,0,CORE23254-USD
4150,2024-09-15 12:00:00+00:00,0.9429291486740112,0.943597674369812,0.9399990439414978,0.942413866519928,0.942413866519928,0,CORE23254-USD
4151,2024-09-15 13:00:00+00:00,0.9424819946289062,0.9466643333435059,0.9416588544845581,0.9416588544845581,0.9416588544845581,0,CORE23254-USD
4152,2024-09-15 14:00:00+00:00,0.9433417916297913,0.9433417916297913,0.9356920123100281,0.9418736100196838,0.9418736100196838,0,CORE23254-USD
4153,2024-09-15 15:00:00+00:00,0.9424183964729309,0.9451269507408142,0.9404543042182922,0.9446725845336914,0.9446725845336914,0,CORE23254-USD
4154,2024-09-15 16:00:00+00:00,0.9432207345962524,0.9439940452575684,0.9311874508857727,0.9311874508857727,0.9311874508857727,0,CORE23254-USD
4155,2024-09-15 17:00:00+00:00,0.9276511669158936,0.9314829707145691,0.9219142198562622,0.9271469116210938,0.9271469116210938,0,CORE23254-USD
4156,2024-09-15 18:00:00+00:00,0.9267876744270325,0.9302808046340942,0.9262771010398865,0.9298229813575745,0.9298229813575745,0,CORE23254-USD
4157,2024-09-15 19:00:00+00:00,0.9305779933929443,0.932133138179779,0.9286014437675476,0.9294729828834534,0.9294729828834534,0,CORE23254-USD
4158,2024-09-15 20:00:00+00:00,0.9286012649536133,0.9286012649536133,0.9232289791107178,0.925690770149231,0.925690770149231,61602,CORE23254-USD
4159,2024-09-15 21:00:00+00:00,0.9235650897026062,0.9235650897026062,0.9142270088195801,0.9161451458930969,0.9161451458930969,406552,CORE23254-USD
4160,2024-09-15 22:00:00+00:00,0.9163795113563538,0.9169611930847168,0.9134538769721985,0.9169611930847168,0.9169611930847168,0,CORE23254-USD
4161,2024-09-15 23:00:00+00:00,0.9162908792495728,0.9162908792495728,0.9004486203193665,0.9024525880813599,0.9024525880813599,1309140,CORE23254-USD
4162,2024-09-16 00:00:00+00:00,0.8978210091590881,0.9018487334251404,0.8941870927810669,0.8997892141342163,0.8997892141342163,987708,CORE23254-USD
4163,2024-09-16 01:00:00+00:00,0.902025580406189,0.902025580406189,0.8914651870727539,0.8943819999694824,0.8943819999694824,319872,CORE23254-USD
4164,2024-09-16 02:00:00+00:00,0.8932904601097107,0.8932904601097107,0.8752034902572632,0.8752034902572632,0.8752034902572632,724532,CORE23254-USD
4165,2024-09-16 03:00:00+00:00,0.8743842244148254,0.8875791430473328,0.8743842244148254,0.8875791430473328,0.8875791430473328,634244,CORE23254-USD
4166,2024-09-16 04:00:00+00:00,0.8884685039520264,0.8884685039520264,0.881502091884613,0.881502091884613,0.881502091884613,144646,CORE23254-USD
4167,2024-09-16 05:00:00+00:00,0.8808849453926086,0.893410325050354,0.8808849453926086,0.893410325050354,0.893410325050354,453472,CORE23254-USD
4168,2024-09-16 06:00:00+00:00,0.8924445509910583,0.8953040242195129,0.8879420757293701,0.8883286118507385,0.8883286118507385,311706,CORE23254-USD
4169,2024-09-16 07:00:00+00:00,0.8885682225227356,0.8958263993263245,0.8885682225227356,0.8958263993263245,0.8958263993263245,214304,CORE23254-USD
4170,2024-09-16 08:00:00+00:00,0.8947617411613464,0.8997601270675659,0.8932821154594421,0.8935713768005371,0.8935713768005371,290822,CORE23254-USD
4171,2024-09-16 09:00:00+00:00,0.893488883972168,0.8946402668952942,0.8846351504325867,0.8869500160217285,0.8869500160217285,132712,CORE23254-USD
4172,2024-09-16 10:00:00+00:00,0.8862557411193848,0.8907181024551392,0.8830587863922119,0.8891609907150269,0.8891609907150269,135948,CORE23254-USD
4173,2024-09-16 11:00:00+00:00,0.8892956972122192,0.8917152285575867,0.8886259198188782,0.8889115452766418,0.8889115452766418,0,CORE23254-USD
4174,2024-09-16 12:00:00+00:00,0.8890940546989441,0.889804482460022,0.88550865650177,0.8876351118087769,0.8876351118087769,85520,CORE23254-USD
4175,2024-09-16 13:00:00+00:00,0.8882957696914673,0.8906251788139343,0.8850741982460022,0.8902742862701416,0.8902742862701416,101830,CORE23254-USD
4176,2024-09-16 14:00:00+00:00,0.8900377750396729,0.8900377750396729,0.8828825950622559,0.8848282694816589,0.8848282694816589,263480,CORE23254-USD
4177,2024-09-16 15:00:00+00:00,0.8845234513282776,0.8939628601074219,0.8845234513282776,0.8939628601074219,0.8939628601074219,184396,CORE23254-USD
4178,2024-09-16 16:00:00+00:00,0.8901920914649963,0.8910996913909912,0.886500895023346,0.8877372145652771,0.8877372145652771,0,CORE23254-USD
4179,2024-09-16 17:00:00+00:00,0.8855388164520264,0.8921384215354919,0.881741464138031,0.8921384215354919,0.8921384215354919,0,CORE23254-USD
4180,2024-09-16 18:00:00+00:00,0.8927246928215027,0.8927246928215027,0.8850978016853333,0.8850978016853333,0.8850978016853333,0,CORE23254-USD
4181,2024-09-16 19:00:00+00:00,0.8852288126945496,0.889182448387146,0.8852288126945496,0.8876622915267944,0.8876622915267944,0,CORE23254-USD
4182,2024-09-16 20:00:00+00:00,0.8861661553382874,0.8876040577888489,0.884446918964386,0.8852856755256653,0.8852856755256653,0,CORE23254-USD
4183,2024-09-16 21:00:00+00:00,0.8844078779220581,0.8891339302062988,0.8833212852478027,0.8891339302062988,0.8891339302062988,0,CORE23254-USD
4184,2024-09-16 22:00:00+00:00,0.8903008699417114,0.8903008699417114,0.8862552642822266,0.8886426091194153,0.8886426091194153,0,CORE23254-USD
4185,2024-09-16 23:00:00+00:00,0.8887441754341125,0.8968508839607239,0.8887441754341125,0.8924863934516907,0.8924863934516907,0,CORE23254-USD
4186,2024-09-17 00:00:00+00:00,0.8929525017738342,0.8969310522079468,0.8877912163734436,0.8877912163734436,0.8877912163734436,0,CORE23254-USD
4187,2024-09-17 01:00:00+00:00,0.8869332075119019,0.8920161724090576,0.8869332075119019,0.8920161724090576,0.8920161724090576,0,CORE23254-USD
4188,2024-09-17 02:00:00+00:00,0.8920881748199463,0.8976544141769409,0.8920881748199463,0.8947092294692993,0.8947092294692993,0,CORE23254-USD
4189,2024-09-17 03:00:00+00:00,0.8950424790382385,0.9039322733879089,0.8950424790382385,0.8995218276977539,0.8995218276977539,0,CORE23254-USD
4190,2024-09-17 04:00:00+00:00,0.9002161622047424,0.9083917140960693,0.9002161622047424,0.9083917140960693,0.9083917140960693,33388,CORE23254-USD
4191,2024-09-17 05:00:00+00:00,0.9060433506965637,0.9125137329101562,0.9060433506965637,0.9125137329101562,0.9125137329101562,0,CORE23254-USD
4192,2024-09-17 06:00:00+00:00,0.9127662181854248,0.9127662181854248,0.9080619812011719,0.9082289338111877,0.9082289338111877,0,CORE23254-USD
4193,2024-09-17 07:00:00+00:00,0.9070233702659607,0.91242516040802,0.9066717028617859,0.911365270614624,0.911365270614624,0,CORE23254-USD
4194,2024-09-17 08:00:00+00:00,0.9119741320610046,0.9177349209785461,0.9119741320610046,0.9168573021888733,0.9168573021888733,8756,CORE23254-USD
4195,2024-09-17 09:00:00+00:00,0.9164295792579651,0.9178019165992737,0.9119477868080139,0.9178019165992737,0.9178019165992737,0,CORE23254-USD
4196,2024-09-17 10:00:00+00:00,0.9167823791503906,0.9167823791503906,0.9140266180038452,0.9159942269325256,0.9159942269325256,0,CORE23254-USD
4197,2024-09-17 11:00:00+00:00,0.9168184399604797,0.9168184399604797,0.9107965230941772,0.9145549535751343,0.9145549535751343,200898,CORE23254-USD
4198,2024-09-17 12:00:00+00:00,0.9140673279762268,0.9162524938583374,0.9124510288238525,0.9154695272445679,0.9154695272445679,166298,CORE23254-USD
4199,2024-09-17 13:00:00+00:00,0.9153605699539185,0.9186253547668457,0.914802074432373,0.914802074432373,0.914802074432373,762,CORE23254-USD
4200,2024-09-17 14:00:00+00:00,0.9151036739349365,0.9348053932189941,0.9151036739349365,0.9348053932189941,0.9348053932189941,636288,CORE23254-USD
4201,2024-09-17 15:00:00+00:00,0.9373038411140442,0.9579199552536011,0.9373038411140442,0.9501859545707703,0.9501859545707703,1749002,CORE23254-USD
4202,2024-09-17 16:00:00+00:00,0.9503153562545776,0.9503153562545776,0.9360997080802917,0.9368811249732971,0.9368811249732971,926204,CORE23254-USD
4203,2024-09-17 17:00:00+00:00,0.9362027645111084,0.9381231069564819,0.9332391619682312,0.93414306640625,0.93414306640625,226888,CORE23254-USD
4204,2024-09-17 18:00:00+00:00,0.933927059173584,0.9350099563598633,0.924384593963623,0.924384593963623,0.924384593963623,133214,CORE23254-USD
4205,2024-09-17 19:00:00+00:00,0.9267595410346985,0.9287009835243225,0.924917995929718,0.9287009835243225,0.9287009835243225,628078,CORE23254-USD
4206,2024-09-17 20:00:00+00:00,0.929589569568634,0.9408559203147888,0.929589569568634,0.9391741156578064,0.9391741156578064,663124,CORE23254-USD
4207,2024-09-17 21:00:00+00:00,0.9391729831695557,0.9445104598999023,0.9387518167495728,0.9387518167495728,0.9387518167495728,127656,CORE23254-USD
4208,2024-09-17 22:00:00+00:00,0.9382047057151794,0.9470639824867249,0.9359343647956848,0.9435051083564758,0.9435051083564758,587112,CORE23254-USD
4209,2024-09-17 23:00:00+00:00,0.9439316987991333,0.9441326260566711,0.9405489563941956,0.9434052109718323,0.9434052109718323,9732,CORE23254-USD
4210,2024-09-18 00:00:00+00:00,0.9439234137535095,0.9439234137535095,0.926391065120697,0.9349504709243774,0.9349504709243774,726374,CORE23254-USD
4211,2024-09-18 01:00:00+00:00,0.9346284866333008,0.9346284866333008,0.9303215742111206,0.9310346841812134,0.9310346841812134,170090,CORE23254-USD
4212,2024-09-18 02:00:00+00:00,0.9311714172363281,0.9357187151908875,0.9311714172363281,0.9357187151908875,0.9357187151908875,288902,CORE23254-USD
4213,2024-09-18 03:00:00+00:00,0.9368720054626465,0.9413946270942688,0.9368720054626465,0.938517689704895,0.938517689704895,53230,CORE23254-USD
4214,2024-09-18 04:00:00+00:00,0.9382023811340332,0.9402222633361816,0.9319183230400085,0.9321529269218445,0.9321529269218445,101076,CORE23254-USD
4215,2024-09-18 05:00:00+00:00,0.9323439002037048,0.9332170486450195,0.9302557110786438,0.9318852424621582,0.9318852424621582,105308,CORE23254-USD
4216,2024-09-18 06:00:00+00:00,0.9314088821411133,0.9346883296966553,0.9309900999069214,0.9345909357070923,0.9345909357070923,0,CORE23254-USD
4217,2024-09-18 07:00:00+00:00,0.9342906475067139,0.9369856119155884,0.9342678189277649,0.936285138130188,0.936285138130188,0,CORE23254-USD
4218,2024-09-18 08:00:00+00:00,0.9373302459716797,0.9374419450759888,0.9324797987937927,0.9324797987937927,0.9324797987937927,0,CORE23254-USD
4219,2024-09-18 09:00:00+00:00,0.9314457774162292,0.9315230250358582,0.9221381545066833,0.9221381545066833,0.9221381545066833,132550,CORE23254-USD
4220,2024-09-18 10:00:00+00:00,0.920986533164978,0.9267082810401917,0.9191165566444397,0.9267082810401917,0.9267082810401917,548222,CORE23254-USD
4221,2024-09-18 11:00:00+00:00,0.9268507361412048,0.9300336241722107,0.9263214468955994,0.9267395734786987,0.9267395734786987,0,CORE23254-USD
4222,2024-09-18 12:00:00+00:00,0.925021231174469,0.9274847507476807,0.9230782389640808,0.9260544776916504,0.9260544776916504,0,CORE23254-USD
4223,2024-09-18 13:00:00+00:00,0.9260196089744568,0.9273516535758972,0.9169426560401917,0.9169426560401917,0.9169426560401917,19516,CORE23254-USD
4224,2024-09-18 14:00:00+00:00,0.9181257486343384,0.9231297373771667,0.9181257486343384,0.9220770597457886,0.9220770597457886,0,CORE23254-USD
4225,2024-09-18 15:00:00+00:00,0.922175943851471,0.9237635731697083,0.9081147909164429,0.9081147909164429,0.9081147909164429,0,CORE23254-USD
4226,2024-09-18 16:00:00+00:00,0.9065725207328796,0.9226178526878357,0.9021671414375305,0.9226178526878357,0.9226178526878357,0,CORE23254-USD
4227,2024-09-18 17:00:00+00:00,0.9228231310844421,0.9249553680419922,0.913577675819397,0.9249553680419922,0.9249553680419922,0,CORE23254-USD
4228,2024-09-18 18:00:00+00:00,0.9345356822013855,0.9494789838790894,0.9345356822013855,0.947903037071228,0.947903037071228,1755760,CORE23254-USD
4229,2024-09-18 19:00:00+00:00,0.9435416460037231,0.9453384280204773,0.9357575178146362,0.9357575178146362,0.9357575178146362,220534,CORE23254-USD
4230,2024-09-18 20:00:00+00:00,0.9349405765533447,0.9463992118835449,0.93107008934021,0.9431749582290649,0.9431749582290649,55312,CORE23254-USD
4231,2024-09-18 21:00:00+00:00,0.9413734674453735,0.9471615552902222,0.9413734674453735,0.9442113041877747,0.9442113041877747,72998,CORE23254-USD
4232,2024-09-18 22:00:00+00:00,0.9447782635688782,0.9492325186729431,0.9447782635688782,0.947590708732605,0.947590708732605,0,CORE23254-USD
4233,2024-09-18 23:00:00+00:00,0.9501755833625793,0.9572696089744568,0.9501755833625793,0.9546259045600891,0.9546259045600891,332336,CORE23254-USD
4234,2024-09-19 00:00:00+00:00,0.9593077898025513,0.9781754612922668,0.9593077898025513,0.9775409698486328,0.9775409698486328,745750,CORE23254-USD
4235,2024-09-19 01:00:00+00:00,0.9764589667320251,0.9764589667320251,0.959150493144989,0.9649295806884766,0.9649295806884766,1230408,CORE23254-USD
4236,2024-09-19 02:00:00+00:00,0.9645582437515259,0.9715613722801208,0.9610360264778137,0.969889223575592,0.969889223575592,463964,CORE23254-USD
4237,2024-09-19 03:00:00+00:00,0.9720832705497742,0.9727743864059448,0.9681856632232666,0.9681856632232666,0.9681856632232666,208844,CORE23254-USD
4238,2024-09-19 04:00:00+00:00,0.9676246643066406,0.9783289432525635,0.966029942035675,0.9737722873687744,0.9737722873687744,2055392,CORE23254-USD
4239,2024-09-19 05:00:00+00:00,0.9731351733207703,0.9737014174461365,0.9718957543373108,0.9737014174461365,0.9737014174461365,434820,CORE23254-USD
4240,2024-09-19 06:00:00+00:00,0.9731491804122925,0.9731491804122925,0.9696537256240845,0.9700868725776672,0.9700868725776672,350288,CORE23254-USD
4241,2024-09-19 07:00:00+00:00,0.9697383046150208,0.9724076390266418,0.9678919911384583,0.9724076390266418,0.9724076390266418,625328,CORE23254-USD
4242,2024-09-19 08:00:00+00:00,0.9734942317008972,0.9735192656517029,0.9653535485267639,0.9653535485267639,0.9653535485267639,695120,CORE23254-USD
4243,2024-09-19 09:00:00+00:00,0.9617851376533508,0.9675904512405396,0.9617851376533508,0.9675904512405396,0.9675904512405396,346776,CORE23254-USD
4244,2024-09-19 10:00:00+00:00,0.9693347215652466,0.978602945804596,0.9693347215652466,0.9750927686691284,0.9750927686691284,312884,CORE23254-USD
4245,2024-09-19 11:00:00+00:00,0.9752820134162903,0.9795899391174316,0.9721933603286743,0.9795899391174316,0.9795899391174316,278980,CORE23254-USD
4246,2024-09-19 12:00:00+00:00,0.9827121496200562,0.9878917336463928,0.982573390007019,0.9855991005897522,0.9855991005897522,1081644,CORE23254-USD
4247,2024-09-19 13:00:00+00:00,0.9868491291999817,0.9940682649612427,0.9868491291999817,0.9908646941184998,0.9908646941184998,1016960,CORE23254-USD
4248,2024-09-19 14:00:00+00:00,0.9918010234832764,0.9923503398895264,0.9850977659225464,0.9850977659225464,0.9850977659225464,446456,CORE23254-USD
4249,2024-09-19 15:00:00+00:00,0.9822758436203003,1.0112934112548828,0.9822758436203003,1.0112934112548828,1.0112934112548828,1580872,CORE23254-USD
4250,2024-09-19 16:00:00+00:00,1.010865569114685,1.052131175994873,1.010865569114685,1.0519949197769165,1.0519949197769165,5957792,CORE23254-USD
4251,2024-09-19 17:00:00+00:00,1.0743786096572876,1.1434781551361084,1.0731905698776245,1.1434781551361084,1.1434781551361084,11219132,CORE23254-USD
4252,2024-09-19 18:00:00+00:00,1.1422921419143677,1.1470996141433716,1.090909719467163,1.0959385633468628,1.0959385633468628,3983512,CORE23254-USD
4253,2024-09-19 19:00:00+00:00,1.0975486040115356,1.1010842323303223,1.0926438570022583,1.0938055515289307,1.0938055515289307,1463336,CORE23254-USD
4254,2024-09-19 20:00:00+00:00,1.09458589553833,1.11567223072052,1.09458589553833,1.1086856126785278,1.1086856126785278,1383784,CORE23254-USD
4255,2024-09-19 21:00:00+00:00,1.107331395149231,1.107331395149231,1.0891151428222656,1.0891151428222656,1.0891151428222656,980848,CORE23254-USD
4256,2024-09-19 22:00:00+00:00,1.0833442211151123,1.0900120735168457,1.0721774101257324,1.0900120735168457,1.0900120735168457,2412888,CORE23254-USD
4257,2024-09-19 23:00:00+00:00,1.0964990854263306,1.1129909753799438,1.091430902481079,1.1049867868423462,1.1049867868423462,2196536,CORE23254-USD
4258,2024-09-20 00:00:00+00:00,1.1010522842407227,1.1010522842407227,1.0726978778839111,1.0726978778839111,1.0726978778839111,627304,CORE23254-USD
4259,2024-09-20 01:00:00+00:00,1.0695916414260864,1.0740916728973389,1.0558013916015625,1.0710723400115967,1.0710723400115967,1244040,CORE23254-USD
4260,2024-09-20 02:00:00+00:00,1.0703890323638916,1.0737076997756958,1.0624678134918213,1.065481424331665,1.065481424331665,876360,CORE23254-USD
4261,2024-09-20 03:00:00+00:00,1.0688098669052124,1.1014076471328735,1.0688098669052124,1.1014049053192139,1.1014049053192139,2679088,CORE23254-USD
4262,2024-09-20 04:00:00+00:00,1.1070826053619385,1.1070826053619385,1.0915511846542358,1.0944894552230835,1.0944894552230835,0,CORE23254-USD
4263,2024-09-20 05:00:00+00:00,1.096375823020935,1.0983221530914307,1.0883815288543701,1.090994119644165,1.090994119644165,902992,CORE23254-USD
4264,2024-09-20 06:00:00+00:00,1.0843795537948608,1.0859230756759644,1.0765526294708252,1.083588719367981,1.083588719367981,1369832,CORE23254-USD
4265,2024-09-20 07:00:00+00:00,1.0829859972000122,1.0829859972000122,1.0738909244537354,1.0810596942901611,1.0810596942901611,310512,CORE23254-USD
4266,2024-09-20 08:00:00+00:00,1.0792481899261475,1.0807689428329468,1.0700737237930298,1.0807689428329468,1.0807689428329468,107608,CORE23254-USD
4267,2024-09-20 09:00:00+00:00,1.0839829444885254,1.0890355110168457,1.0801588296890259,1.0801588296890259,1.0801588296890259,489472,CORE23254-USD
4268,2024-09-20 10:00:00+00:00,1.0803334712982178,1.083927869796753,1.0748311281204224,1.0824360847473145,1.0824360847473145,248320,CORE23254-USD
4269,2024-09-20 11:00:00+00:00,1.0827372074127197,1.0827372074127197,1.0597304105758667,1.0689886808395386,1.0689886808395386,1076736,CORE23254-USD
4270,2024-09-20 12:00:00+00:00,1.0679564476013184,1.0706545114517212,1.0652351379394531,1.0671483278274536,1.0671483278274536,0,CORE23254-USD
4271,2024-09-20 13:00:00+00:00,1.0677638053894043,1.0677638053894043,1.052365779876709,1.0624370574951172,1.0624370574951172,432904,CORE23254-USD
4272,2024-09-20 14:00:00+00:00,1.0605323314666748,1.0741908550262451,1.0589244365692139,1.0644707679748535,1.0644707679748535,420080,CORE23254-USD
4273,2024-09-20 15:00:00+00:00,1.0644623041152954,1.0690944194793701,1.0598832368850708,1.0673452615737915,1.0673452615737915,0,CORE23254-USD
4274,2024-09-20 16:00:00+00:00,1.0721367597579956,1.1112632751464844,1.0713205337524414,1.0832185745239258,1.0832185745239258,2373416,CORE23254-USD
4275,2024-09-20 17:00:00+00:00,1.0769071578979492,1.0769071578979492,1.0594996213912964,1.0639926195144653,1.0639926195144653,0,CORE23254-USD
4276,2024-09-20 18:00:00+00:00,1.0652852058410645,1.0713969469070435,1.0600190162658691,1.0709439516067505,1.0709439516067505,0,CORE23254-USD
4277,2024-09-20 19:00:00+00:00,1.0721139907836914,1.0739796161651611,1.065824031829834,1.065824031829834,1.065824031829834,0,CORE23254-USD
4278,2024-09-20 20:00:00+00:00,1.064705729484558,1.0767027139663696,1.0624468326568604,1.0767027139663696,1.0767027139663696,0,CORE23254-USD
4279,2024-09-20 21:00:00+00:00,1.0772466659545898,1.0881885290145874,1.0757412910461426,1.0759509801864624,1.0759509801864624,0,CORE23254-USD
4280,2024-09-20 22:00:00+00:00,1.0755503177642822,1.0846729278564453,1.0755503177642822,1.0781344175338745,1.0781344175338745,0,CORE23254-USD
4281,2024-09-20 23:00:00+00:00,1.0799834728240967,1.0818958282470703,1.074143886566162,1.0769027471542358,1.0769027471542358,0,CORE23254-USD
4282,2024-09-21 00:00:00+00:00,1.0718659162521362,1.0750385522842407,1.0650020837783813,1.0733332633972168,1.0733332633972168,0,CORE23254-USD
4283,2024-09-21 01:00:00+00:00,1.07046377658844,1.0717219114303589,1.0601617097854614,1.0601617097854614,1.0601617097854614,0,CORE23254-USD
4284,2024-09-21 02:00:00+00:00,1.0545246601104736,1.0600775480270386,1.0545246601104736,1.0600775480270386,1.0600775480270386,0,CORE23254-USD
4285,2024-09-21 03:00:00+00:00,1.0597196817398071,1.0628074407577515,1.0563251972198486,1.0563251972198486,1.0563251972198486,0,CORE23254-USD
4286,2024-09-21 04:00:00+00:00,1.052178978919983,1.0593702793121338,1.0416061878204346,1.0436606407165527,1.0436606407165527,0,CORE23254-USD
4287,2024-09-21 05:00:00+00:00,1.0444753170013428,1.0500311851501465,1.0417531728744507,1.0500311851501465,1.0500311851501465,0,CORE23254-USD
4288,2024-09-21 06:00:00+00:00,1.0487408638000488,1.0562938451766968,1.0487408638000488,1.054779291152954,1.054779291152954,0,CORE23254-USD
4289,2024-09-21 07:00:00+00:00,1.0543303489685059,1.059036135673523,1.0543303489685059,1.059036135673523,1.059036135673523,0,CORE23254-USD
4290,2024-09-21 08:00:00+00:00,1.0593838691711426,1.0593838691711426,1.0531100034713745,1.053496241569519,1.053496241569519,0,CORE23254-USD
4291,2024-09-21 09:00:00+00:00,1.055105209350586,1.0627892017364502,1.055105209350586,1.0600488185882568,1.0600488185882568,0,CORE23254-USD
4292,2024-09-21 10:00:00+00:00,1.0605435371398926,1.0605435371398926,1.0529652833938599,1.0535651445388794,1.0535651445388794,0,CORE23254-USD
4293,2024-09-21 11:00:00+00:00,1.0558956861495972,1.058843970298767,1.0558956861495972,1.0572717189788818,1.0572717189788818,0,CORE23254-USD
4294,2024-09-21 12:00:00+00:00,1.0560078620910645,1.060882329940796,1.0541174411773682,1.060882329940796,1.060882329940796,0,CORE23254-USD
4295,2024-09-21 13:00:00+00:00,1.065354585647583,1.0713046789169312,1.0612268447875977,1.0706768035888672,1.0706768035888672,0,CORE23254-USD
4296,2024-09-21 14:00:00+00:00,1.07095468044281,1.0754529237747192,1.0679798126220703,1.0706552267074585,1.0706552267074585,0,CORE23254-USD
4297,2024-09-21 15:00:00+00:00,1.070022702217102,1.070022702217102,1.0617728233337402,1.066271185874939,1.066271185874939,0,CORE23254-USD
4298,2024-09-21 16:00:00+00:00,1.068579077720642,1.0732179880142212,1.0591084957122803,1.0618600845336914,1.0618600845336914,0,CORE23254-USD
4299,2024-09-21 17:00:00+00:00,1.0625979900360107,1.065338373184204,1.0603549480438232,1.0603549480438232,1.0603549480438232,0,CORE23254-USD
4300,2024-09-21 18:00:00+00:00,1.06230890750885,1.0647286176681519,1.0620087385177612,1.0631873607635498,1.0631873607635498,0,CORE23254-USD
4301,2024-09-21 19:00:00+00:00,1.0630220174789429,1.0754015445709229,1.0630220174789429,1.069190502166748,1.069190502166748,472308,CORE23254-USD
4302,2024-09-21 20:00:00+00:00,1.070218563079834,1.074250340461731,1.0679751634597778,1.0679751634597778,1.0679751634597778,0,CORE23254-USD
4303,2024-09-21 21:00:00+00:00,1.0674669742584229,1.0674669742584229,1.0637969970703125,1.0650526285171509,1.0650526285171509,0,CORE23254-USD
4304,2024-09-21 22:00:00+00:00,1.0668517351150513,1.0725492238998413,1.0665136575698853,1.0725492238998413,1.0725492238998413,0,CORE23254-USD
4305,2024-09-21 23:00:00+00:00,1.0726734399795532,1.077926516532898,1.0715104341506958,1.0761998891830444,1.0761998891830444,11444,CORE23254-USD
4306,2024-09-22 00:00:00+00:00,1.0756224393844604,1.0756224393844604,1.0620406866073608,1.0652713775634766,1.0652713775634766,0,CORE23254-USD
4307,2024-09-22 01:00:00+00:00,1.0667070150375366,1.0667070150375366,1.0589739084243774,1.0589739084243774,1.0589739084243774,0,CORE23254-USD
4308,2024-09-22 02:00:00+00:00,1.0573452711105347,1.0573452711105347,1.0467734336853027,1.0499024391174316,1.0499024391174316,0,CORE23254-USD
4309,2024-09-22 03:00:00+00:00,1.0518759489059448,1.0570909976959229,1.0518759489059448,1.0543562173843384,1.0543562173843384,0,CORE23254-USD
4310,2024-09-22 04:00:00+00:00,1.054931640625,1.0588475465774536,1.0533127784729004,1.0586624145507812,1.0586624145507812,0,CORE23254-USD
4311,2024-09-22 05:00:00+00:00,1.0589203834533691,1.0589203834533691,1.0513432025909424,1.0526869297027588,1.0526869297027588,0,CORE23254-USD
4312,2024-09-22 06:00:00+00:00,1.0542558431625366,1.0558167695999146,1.0514934062957764,1.0514934062957764,1.0514934062957764,0,CORE23254-USD
4313,2024-09-22 07:00:00+00:00,1.0528792142868042,1.0528792142868042,1.0506149530410767,1.052635908126831,1.052635908126831,0,CORE23254-USD
4314,2024-09-22 08:00:00+00:00,1.0536634922027588,1.0558898448944092,1.053489327430725,1.0558898448944092,1.0558898448944092,0,CORE23254-USD
4315,2024-09-22 09:00:00+00:00,1.0577056407928467,1.0577056407928467,1.0442490577697754,1.0452784299850464,1.0452784299850464,290756,CORE23254-USD
4316,2024-09-22 10:00:00+00:00,1.0457432270050049,1.050408959388733,1.0409148931503296,1.0420256853103638,1.0420256853103638,827002,CORE23254-USD
4317,2024-09-22 11:00:00+00:00,1.0426243543624878,1.0475032329559326,1.0389010906219482,1.0452131032943726,1.0452131032943726,513452,CORE23254-USD
4318,2024-09-22 12:00:00+00:00,1.044296145439148,1.0480259656906128,1.0421160459518433,1.0451124906539917,1.0451124906539917,129952,CORE23254-USD
4319,2024-09-22 13:00:00+00:00,1.0458589792251587,1.0468769073486328,1.0288920402526855,1.0292044878005981,1.0292044878005981,486636,CORE23254-USD
4320,2024-09-22 14:00:00+00:00,1.0291396379470825,1.0318126678466797,1.0243113040924072,1.026821255683899,1.026821255683899,0,CORE23254-USD
4321,2024-09-22 15:00:00+00:00,1.025239109992981,1.0311414003372192,1.0243394374847412,1.0300114154815674,1.0300114154815674,0,CORE23254-USD
4322,2024-09-22 16:00:00+00:00,1.0283414125442505,1.0283414125442505,1.0114539861679077,1.024246335029602,1.024246335029602,550890,CORE23254-USD
4323,2024-09-22 17:00:00+00:00,1.025109052658081,1.0408565998077393,1.025109052658081,1.0408565998077393,1.0408565998077393,850610,CORE23254-USD
4324,2024-09-22 18:00:00+00:00,1.0390924215316772,1.0390924215316772,1.0333985090255737,1.0364995002746582,1.0364995002746582,0,CORE23254-USD
4325,2024-09-22 19:00:00+00:00,1.0347449779510498,1.0354806184768677,1.0273302793502808,1.0354806184768677,1.0354806184768677,0,CORE23254-USD
4326,2024-09-22 20:00:00+00:00,1.0387097597122192,1.0416572093963623,1.037700891494751,1.0396674871444702,1.0396674871444702,142654,CORE23254-USD
4327,2024-09-22 21:00:00+00:00,1.0376213788986206,1.0436339378356934,1.034650206565857,1.0347141027450562,1.0347141027450562,377104,CORE23254-USD
4328,2024-09-22 22:00:00+00:00,1.0255131721496582,1.0486313104629517,1.014404535293579,1.0486313104629517,1.0486313104629517,1093188,CORE23254-USD
4329,2024-09-22 23:00:00+00:00,1.0487397909164429,1.0487397909164429,1.036587119102478,1.04047691822052,1.04047691822052,207224,CORE23254-USD
4330,2024-09-23 00:00:00+00:00,1.0415326356887817,1.0444989204406738,1.0212466716766357,1.0444989204406738,1.0444989204406738,108348,CORE23254-USD
4331,2024-09-23 01:00:00+00:00,1.0414776802062988,1.0515718460083008,1.0414776802062988,1.0489152669906616,1.0489152669906616,479016,CORE23254-USD
4332,2024-09-23 02:00:00+00:00,1.0473148822784424,1.048453450202942,1.0432047843933105,1.0482758283615112,1.0482758283615112,0,CORE23254-USD
4333,2024-09-23 03:00:00+00:00,1.0499597787857056,1.0637069940567017,1.0499597787857056,1.0556167364120483,1.0556167364120483,1129968,CORE23254-USD
4334,2024-09-23 04:00:00+00:00,1.0553897619247437,1.0599395036697388,1.0488418340682983,1.0506688356399536,1.0506688356399536,554608,CORE23254-USD
4335,2024-09-23 05:00:00+00:00,1.0517802238464355,1.0563730001449585,1.047080636024475,1.054038643836975,1.054038643836975,0,CORE23254-USD
4336,2024-09-23 06:00:00+00:00,1.0552088022232056,1.0608196258544922,1.0530608892440796,1.058647871017456,1.058647871017456,424592,CORE23254-USD
4337,2024-09-23 07:00:00+00:00,1.0563485622406006,1.0575122833251953,1.0474820137023926,1.055455207824707,1.055455207824707,759548,CORE23254-USD
4338,2024-09-23 08:00:00+00:00,1.0568084716796875,1.0584815740585327,1.0513198375701904,1.054542064666748,1.054542064666748,824444,CORE23254-USD
4339,2024-09-23 09:00:00+00:00,1.0597211122512817,1.0610978603363037,1.0563288927078247,1.0596541166305542,1.0596541166305542,0,CORE23254-USD
4340,2024-09-23 10:00:00+00:00,1.059452772140503,1.059452772140503,1.0522645711898804,1.053151249885559,1.053151249885559,0,CORE23254-USD
4341,2024-09-23 11:00:00+00:00,1.0510663986206055,1.051587462425232,1.0442808866500854,1.0489110946655273,1.0489110946655273,0,CORE23254-USD
4342,2024-09-23 12:00:00+00:00,1.0492188930511475,1.0578912496566772,1.0476857423782349,1.0479816198349,1.0479816198349,582556,CORE23254-USD
4343,2024-09-23 13:00:00+00:00,1.0494874715805054,1.0553315877914429,1.0469578504562378,1.0497666597366333,1.0497666597366333,0,CORE23254-USD
4344,2024-09-23 14:00:00+00:00,1.0502675771713257,1.0614906549453735,1.0501627922058105,1.0567710399627686,1.0567710399627686,439236,CORE23254-USD
4345,2024-09-23 15:00:00+00:00,1.0553574562072754,1.0574991703033447,1.0482456684112549,1.0569937229156494,1.0569937229156494,154556,CORE23254-USD
4346,2024-09-23 16:00:00+00:00,1.0566595792770386,1.0585404634475708,1.0470898151397705,1.0477776527404785,1.0477776527404785,0,CORE23254-USD
4347,2024-09-23 17:00:00+00:00,1.0470945835113525,1.0479713678359985,1.042046308517456,1.0479713678359985,1.0479713678359985,0,CORE23254-USD
4348,2024-09-23 18:00:00+00:00,1.0483988523483276,1.056117057800293,1.0483988523483276,1.0551756620407104,1.0551756620407104,463292,CORE23254-USD
4349,2024-09-23 19:00:00+00:00,1.0515906810760498,1.0526602268218994,1.0488797426223755,1.0488797426223755,1.0488797426223755,387096,CORE23254-USD
4350,2024-09-23 20:00:00+00:00,1.0461220741271973,1.0481923818588257,1.0452278852462769,1.0477855205535889,1.0477855205535889,11684,CORE23254-USD
4351,2024-09-23 21:00:00+00:00,1.0460948944091797,1.0478907823562622,1.0419108867645264,1.0474072694778442,1.0474072694778442,141552,CORE23254-USD
4352,2024-09-23 22:00:00+00:00,1.047661304473877,1.0512605905532837,1.0474810600280762,1.0493483543395996,1.0493483543395996,0,CORE23254-USD
4353,2024-09-23 23:00:00+00:00,1.0481692552566528,1.0516436100006104,1.0478242635726929,1.050443410873413,1.050443410873413,0,CORE23254-USD
4354,2024-09-24 00:00:00+00:00,1.0505037307739258,1.0585944652557373,1.0394254922866821,1.0394254922866821,1.0394254922866821,366432,CORE23254-USD
4355,2024-09-24 01:00:00+00:00,1.0375604629516602,1.0415661334991455,1.02903413772583,1.0326899290084839,1.0326899290084839,48860,CORE23254-USD
4356,2024-09-24 02:00:00+00:00,1.0317182540893555,1.0383220911026,1.0278116464614868,1.0383220911026,1.0383220911026,0,CORE23254-USD
4357,2024-09-24 03:00:00+00:00,1.0386122465133667,1.042509913444519,1.036911964416504,1.0422618389129639,1.0422618389129639,0,CORE23254-USD
4358,2024-09-24 04:00:00+00:00,1.0420143604278564,1.0420143604278564,1.0326472520828247,1.0342741012573242,1.0342741012573242,0,CORE23254-USD
4359,2024-09-24 05:00:00+00:00,1.0343977212905884,1.0421102046966553,1.0343977212905884,1.0421102046966553,1.0421102046966553,0,CORE23254-USD
4360,2024-09-24 06:00:00+00:00,1.0418024063110352,1.042064905166626,1.0402557849884033,1.0416489839553833,1.0416489839553833,0,CORE23254-USD
4361,2024-09-24 07:00:00+00:00,1.044458031654358,1.0467146635055542,1.0412064790725708,1.045052409172058,1.045052409172058,0,CORE23254-USD
4362,2024-09-24 08:00:00+00:00,1.0455224514007568,1.0520508289337158,1.0455224514007568,1.0520508289337158,1.0520508289337158,0,CORE23254-USD
4363,2024-09-24 09:00:00+00:00,1.0521408319473267,1.0521408319473267,1.040528416633606,1.0410832166671753,1.0410832166671753,218260,CORE23254-USD
4364,2024-09-24 10:00:00+00:00,1.0408413410186768,1.0482673645019531,1.0408413410186768,1.0466448068618774,1.0466448068618774,161204,CORE23254-USD
4365,2024-09-24 11:00:00+00:00,1.045196771621704,1.049147605895996,1.04237961769104,1.0476995706558228,1.0476995706558228,0,CORE23254-USD
4366,2024-09-24 12:00:00+00:00,1.048473596572876,1.0533992052078247,1.0464259386062622,1.0464259386062622,1.0464259386062622,0,CORE23254-USD
4367,2024-09-24 13:00:00+00:00,1.047825813293457,1.054115891456604,1.047825813293457,1.0541013479232788,1.0541013479232788,0,CORE23254-USD
4368,2024-09-24 14:00:00+00:00,1.0483548641204834,1.0483548641204834,1.0360859632492065,1.0424021482467651,1.0424021482467651,0,CORE23254-USD
4369,2024-09-24 15:00:00+00:00,1.041715383529663,1.0456140041351318,1.0395371913909912,1.0431993007659912,1.0431993007659912,0,CORE23254-USD
4370,2024-09-24 16:00:00+00:00,1.0419270992279053,1.045143961906433,1.0368226766586304,1.045143961906433,1.045143961906433,0,CORE23254-USD
4371,2024-09-24 17:00:00+00:00,1.044150471687317,1.0509912967681885,1.044150471687317,1.0501987934112549,1.0501987934112549,0,CORE23254-USD
4372,2024-09-24 18:00:00+00:00,1.0468018054962158,1.0485754013061523,1.0439659357070923,1.0439659357070923,1.0439659357070923,261852,CORE23254-USD
4373,2024-09-24 19:00:00+00:00,1.0434597730636597,1.0511482954025269,1.0434597730636597,1.0511482954025269,1.0511482954025269,0,CORE23254-USD
4374,2024-09-24 20:00:00+00:00,1.0519077777862549,1.0540096759796143,1.0494787693023682,1.0515612363815308,1.0515612363815308,522958,CORE23254-USD
4375,2024-09-24 21:00:00+00:00,1.0510663986206055,1.054756760597229,1.049229383468628,1.0531744956970215,1.0531744956970215,0,CORE23254-USD
4376,2024-09-24 22:00:00+00:00,1.0547829866409302,1.0655152797698975,1.0547829866409302,1.0640933513641357,1.0640933513641357,1229466,CORE23254-USD
4377,2024-09-24 23:00:00+00:00,1.0694794654846191,1.0694794654846191,1.0607730150222778,1.0607730150222778,1.0607730150222778,894096,CORE23254-USD
4378,2024-09-25 00:00:00+00:00,1.0620874166488647,1.0658881664276123,1.055121898651123,1.0636247396469116,1.0636247396469116,72156,CORE23254-USD
4379,2024-09-25 01:00:00+00:00,1.0644142627716064,1.0790611505508423,1.0644142627716064,1.0779120922088623,1.0779120922088623,973072,CORE23254-USD
4380,2024-09-25 02:00:00+00:00,1.077641248703003,1.0846322774887085,1.0730352401733398,1.0798763036727905,1.0798763036727905,570056,CORE23254-USD
4381,2024-09-25 03:00:00+00:00,1.0781776905059814,1.078259825706482,1.0738974809646606,1.0772625207901,1.0772625207901,391976,CORE23254-USD
4382,2024-09-25 04:00:00+00:00,1.0783953666687012,1.0783953666687012,1.069908857345581,1.0701042413711548,1.0701042413711548,702512,CORE23254-USD
4383,2024-09-25 05:00:00+00:00,1.0672764778137207,1.0768213272094727,1.0672764778137207,1.0736972093582153,1.0736972093582153,653940,CORE23254-USD
4384,2024-09-25 06:00:00+00:00,1.0729984045028687,1.0729984045028687,1.0631349086761475,1.0631349086761475,1.0631349086761475,762972,CORE23254-USD
4385,2024-09-25 07:00:00+00:00,1.0623011589050293,1.0658586025238037,1.0583465099334717,1.0658586025238037,1.0658586025238037,489124,CORE23254-USD
4386,2024-09-25 08:00:00+00:00,1.0678044557571411,1.0678044557571411,1.0629146099090576,1.0629146099090576,1.0629146099090576,0,CORE23254-USD
4387,2024-09-25 09:00:00+00:00,1.0631775856018066,1.0676300525665283,1.0606451034545898,1.0611004829406738,1.0611004829406738,49644,CORE23254-USD
4388,2024-09-25 10:00:00+00:00,1.0606064796447754,1.069300889968872,1.0585137605667114,1.0670267343521118,1.0670267343521118,376476,CORE23254-USD
4389,2024-09-25 11:00:00+00:00,1.0666383504867554,1.0666383504867554,1.0613126754760742,1.066430687904358,1.066430687904358,928064,CORE23254-USD
4390,2024-09-25 12:00:00+00:00,1.068607211112976,1.0688457489013672,1.065081000328064,1.0656322240829468,1.0656322240829468,0,CORE23254-USD
4391,2024-09-25 13:00:00+00:00,1.0641549825668335,1.068947196006775,1.0621448755264282,1.0652109384536743,1.0652109384536743,490520,CORE23254-USD
4392,2024-09-25 14:00:00+00:00,1.065237283706665,1.0771013498306274,1.065237283706665,1.070509672164917,1.070509672164917,270920,CORE23254-USD
4393,2024-09-25 15:00:00+00:00,1.0758330821990967,1.0856366157531738,1.0744261741638184,1.0837451219558716,1.0837451219558716,2168052,CORE23254-USD
4394,2024-09-25 16:00:00+00:00,1.0831029415130615,1.0859968662261963,1.0729364156723022,1.0763475894927979,1.0763475894927979,1451788,CORE23254-USD
4395,2024-09-25 17:00:00+00:00,1.074524164199829,1.0745787620544434,1.0570695400238037,1.057637095451355,1.057637095451355,1876268,CORE23254-USD
4396,2024-09-25 18:00:00+00:00,1.0605262517929077,1.0637203454971313,1.058793306350708,1.0636911392211914,1.0636911392211914,181360,CORE23254-USD
4397,2024-09-25 19:00:00+00:00,1.0619975328445435,1.0679312944412231,1.0619975328445435,1.0666049718856812,1.0666049718856812,260148,CORE23254-USD
4398,2024-09-25 20:00:00+00:00,1.0633175373077393,1.0738435983657837,1.0633175373077393,1.0732498168945312,1.0732498168945312,0,CORE23254-USD
4399,2024-09-25 21:00:00+00:00,1.0776207447052002,1.0826778411865234,1.0759590864181519,1.0759590864181519,1.0759590864181519,603640,CORE23254-USD
4400,2024-09-25 22:00:00+00:00,1.0747183561325073,1.0747183561325073,1.0630546808242798,1.0650928020477295,1.0650928020477295,0,CORE23254-USD
4401,2024-09-25 23:00:00+00:00,1.0624194145202637,1.0629345178604126,1.0583302974700928,1.0611141920089722,1.0611141920089722,0,CORE23254-USD
4402,2024-09-26 00:00:00+00:00,1.0611344575881958,1.0688186883926392,1.0447946786880493,1.0447946786880493,1.0447946786880493,200672,CORE23254-USD
4403,2024-09-26 01:00:00+00:00,1.046950101852417,1.0484745502471924,1.0418890714645386,1.0480741262435913,1.0480741262435913,0,CORE23254-USD
4404,2024-09-26 02:00:00+00:00,1.0509490966796875,1.0585445165634155,1.0509490966796875,1.0584580898284912,1.0584580898284912,0,CORE23254-USD
4405,2024-09-26 03:00:00+00:00,1.0565675497055054,1.060341715812683,1.0552456378936768,1.0582466125488281,1.0582466125488281,0,CORE23254-USD
4406,2024-09-26 04:00:00+00:00,1.0570569038391113,1.059993028640747,1.055108904838562,1.055108904838562,1.055108904838562,0,CORE23254-USD
4407,2024-09-26 05:00:00+00:00,1.0574426651000977,1.0682098865509033,1.0574426651000977,1.0677464008331299,1.0677464008331299,329612,CORE23254-USD
4408,2024-09-26 06:00:00+00:00,1.0659279823303223,1.0721629858016968,1.0659279823303223,1.0721629858016968,1.0721629858016968,330244,CORE23254-USD
4409,2024-09-26 07:00:00+00:00,1.0732895135879517,1.0748487710952759,1.0686521530151367,1.071377158164978,1.071377158164978,692740,CORE23254-USD
4410,2024-09-26 08:00:00+00:00,1.0707389116287231,1.0745277404785156,1.0675970315933228,1.0675970315933228,1.0675970315933228,675896,CORE23254-USD
4411,2024-09-26 09:00:00+00:00,1.0671446323394775,1.0735070705413818,1.06626558303833,1.0713398456573486,1.0713398456573486,470572,CORE23254-USD
4412,2024-09-26 10:00:00+00:00,1.0718222856521606,1.0788822174072266,1.0715659856796265,1.0770680904388428,1.0770680904388428,1280144,CORE23254-USD
4413,2024-09-26 11:00:00+00:00,1.0809522867202759,1.0846118927001953,1.0781456232070923,1.0823535919189453,1.0823535919189453,395028,CORE23254-USD
4414,2024-09-26 12:00:00+00:00,1.0794274806976318,1.0794274806976318,1.0708128213882446,1.0756727457046509,1.0756727457046509,899080,CORE23254-USD
4415,2024-09-26 13:00:00+00:00,1.0715773105621338,1.0762746334075928,1.068290114402771,1.068290114402771,1.068290114402771,412392,CORE23254-USD
4416,2024-09-26 14:00:00+00:00,1.071151852607727,1.0759820938110352,1.071151852607727,1.0759820938110352,1.0759820938110352,0,CORE23254-USD
